/*
SQLyog Community v8.71 
MySQL - 5.5.42-cll : Database - edutic_cumorah
*********************************************************************
*/


/*!40101 SET NAMES utf8 */;

/*!40101 SET SQL_MODE=''*/;

/*!40014 SET @OLD_UNIQUE_CHECKS=@@UNIQUE_CHECKS, UNIQUE_CHECKS=0 */;
/*!40014 SET @OLD_FOREIGN_KEY_CHECKS=@@FOREIGN_KEY_CHECKS, FOREIGN_KEY_CHECKS=0 */;
/*!40101 SET @OLD_SQL_MODE=@@SQL_MODE, SQL_MODE='NO_AUTO_VALUE_ON_ZERO' */;
/*!40111 SET @OLD_SQL_NOTES=@@SQL_NOTES, SQL_NOTES=0 */;
CREATE DATABASE /*!32312 IF NOT EXISTS*/`edutic_cumorah` /*!40100 DEFAULT CHARACTER SET utf8 */;

USE `edutic_cumorah`;

/*Table structure for table `mdl_educomment` */

DROP TABLE IF EXISTS `mdl_educomment`;
 
CREATE TABLE `mdl_educomment` (
  `id` bigint(10) NOT NULL AUTO_INCREMENT,
  `min` int(11) NOT NULL,
  `max` int(11) NOT NULL,
  `comment` varchar(512) COLLATE utf8_unicode_ci NOT NULL DEFAULT '',
  `edumatrixid` bigint(10) NOT NULL,
  PRIMARY KEY (`id`),
  KEY `mdl_educ_edu_ix` (`edumatrixid`) USING BTREE
) ENGINE=InnoDB AUTO_INCREMENT=169 DEFAULT CHARSET=utf8 COLLATE=utf8_unicode_ci COMMENT='educomment table retrofitted from MySQL';

/*Data for the table `mdl_educomment` */

insert  into `mdl_educomment`(`id`,`min`,`max`,`comment`,`edumatrixid`) values (1,0,59,'No satisfactorio',1),(2,60,69,'Debe Mejorar',1),(3,70,89,'Satisfactorio',1),(4,90,100,'Excelente',1),(5,0,59,'No satisfactorio',2),(6,60,69,'Necesita mejorar',2),(7,70,89,'Satisfactorio',2),(8,90,100,'Excelente',2),(9,0,59,'No satisfactorio',3),(10,60,69,'Debe mejorar',3),(11,70,89,'Satisfactorio',3),(12,90,100,'Excelente',3),(13,0,59,'No satisfactorio',4),(14,60,69,'Debe mejorar',4),(15,70,89,'Satisfactorio',4),(16,90,100,'Excelente',4),(17,0,59,'No satisfactorio',5),(18,60,69,'Debe mejorar',5),(19,70,89,'Satisfactorio',5),(20,90,100,'Excelente',5),(21,0,59,'No satisfactorio',6),(22,60,69,'Necesita mejorar',6),(23,70,89,'Satisfactorio',6),(24,90,100,'Excelente',6),(25,0,59,'No satisfactorio',7),(26,60,69,'Debe mejorar',7),(27,70,89,'Satisfactorio',7),(28,90,100,'Excelente',7),(29,0,59,'No satisfactorio',8),(30,60,69,'Debe mejorar',8),(31,70,89,'Satisfactorio',8),(32,90,100,'Excelente',8),(33,0,59,'No satisfactorio',9),(34,60,69,'Debe mejorar',9),(35,70,89,'Satisfactorio',9),(36,90,100,'Excelente',9),(37,0,59,'No satisfactorio',10),(38,60,69,'Debe mejorar',10),(39,70,89,'Satisfactorio',10),(40,90,100,'Excelente',10),(41,0,59,'No satisfactorio',11),(42,60,69,'Debe mejorar',11),(43,70,89,'Satisfactorio',11),(44,90,100,'Excelente',11),(45,0,59,'No Satisfactorio',12),(46,60,69,'Debe Mejorar',12),(47,70,89,'Satisfactorio',12),(48,90,100,'Excelente',12),(49,0,59,'No Satisfactorio',13),(50,60,69,'Debe Mejorar',13),(51,70,89,'Satisfactorio',13),(52,90,100,'Excelente',13),(53,0,59,'No Satisfactorio',14),(54,60,69,'Debe Mejorar',14),(55,70,89,'Satisfactorio',14),(56,90,100,'Excelente',14),(57,0,59,'No Satisfactorio',15),(58,60,69,'Debe Mejorar',15),(59,70,89,'Satisfactorio',15),(60,90,100,'Excelente',15),(61,0,59,'No satisfactorio',16),(62,60,69,'Debe mejorar',16),(63,70,89,'Satisfactorio',16),(64,90,100,'Excelente',16),(65,0,59,'No satisfactorio',17),(66,60,69,'Debe mejorar',17),(67,70,89,'Satisfactorio',17),(68,90,100,'Excelente',17),(69,0,59,'No satisfactorio',18),(70,60,69,'Debe mejorar',18),(71,70,89,'Satisfactorio',18),(72,90,100,'Excelente',18),(73,0,59,'No satisfactorio',19),(74,60,69,'Debe mejorar',19),(75,70,89,'Satisfactorio',19),(76,90,100,'Excelente',19),(77,0,59,'No satisfactorio',20),(78,60,69,'Debe mejorar',20),(79,70,89,'Satisfactorio',20),(80,90,100,'Excelente',20),(81,0,59,'No satisfactorio',21),(82,60,69,'Debe mejorar',21),(83,70,89,'Satisfactorio',21),(84,90,100,'Excelente',21),(85,0,59,'No satisfactorio',22),(86,60,69,'Debe mejorar',22),(87,70,89,'Satisfactorio',22),(88,90,100,'Excelente',22),(89,0,59,'No Satisfactorio',23),(90,60,69,'Debe Mejorar',23),(91,70,89,'Satisfactorio',23),(92,90,100,'Excelente',23),(93,0,59,'No Satisfactorio',24),(94,60,69,'Debe Mejorar',24),(95,70,89,'Satisfactorio',24),(96,90,100,'Excelente',24),(97,0,59,'No Satisfactorio',25),(98,60,69,'Debe Mejorar',25),(99,70,89,'Satisfactorio',25),(100,90,100,'Excelente',25),(101,0,59,'No Satisfactorio',26),(102,60,69,'Debe Mejorar',26),(103,70,89,'Satisfactorio',26),(104,90,100,'Excelente',26),(105,0,59,'No satisfactorio',27),(106,60,69,'Debe mejorar',27),(107,70,89,'Satisfactorio',27),(108,90,100,'Excelente',27),(109,0,59,'No satisfactorio',28),(110,60,69,'Debe mejorar',28),(111,70,89,'Satisfactorio',28),(112,90,100,'Excelente',28),(113,0,59,'No satisfactorio',29),(114,60,69,'Debe mejorar',29),(115,70,89,'Satisfactorio',29),(116,90,100,'Excelente',29),(117,0,59,'No satisfactorio',30),(118,60,69,'Debe mejorar',30),(119,70,89,'Satisfactorio',30),(120,90,100,'Excelente',30),(121,0,59,'No satisfactorio',31),(122,60,69,'Debe mejorar',31),(123,70,89,'Satisfactorio',31),(124,90,100,'Excelente',31),(125,0,59,'No satisfactorio ',32),(126,60,69,'Debe mejorar',32),(127,70,89,'Satisfactorio',32),(128,90,100,'Excelente',32),(129,0,59,'No satisfactorio',33),(130,60,69,'Debe mejorar',33),(131,70,89,'Satisfactorio',33),(132,90,100,'Excelente',33),(133,0,59,'No satisfactorio',34),(134,60,69,'Debe mejorar',34),(135,70,89,'Satisfactorio',34),(136,90,100,'Excelente',34),(137,0,59,'No satisfactorio',35),(138,60,69,'Necesita mejorar',35),(139,70,89,'Satisfactorio',35),(140,90,100,'Excelente',35),(141,0,59,'No satisfactorio',36),(142,60,69,'Necesita mejorar',36),(143,70,89,'Satisfactorio',36),(144,90,100,'Excelente',36),(145,0,59,'No satisfactorio',37),(146,60,69,'Necesita mejorar',37),(147,70,89,'Satisfactorio',37),(148,90,100,'Excelente',37),(149,0,59,'No satisfactorio',38),(150,60,69,'Necesita mejorar',38),(151,70,89,'Satisfactorio',38),(152,90,100,'Excelente',38),(153,0,59,'No satisfactorio',39),(154,60,69,'Necesita mejorar',39),(155,70,89,'Satisfactorio',39),(156,90,100,'Excelente',39),(157,0,59,'Necesita mejorar',40),(158,60,70,'No satisfactorio',40),(159,71,89,'Satisfactorio',40),(160,90,100,'Excelente',40),(161,0,59,'No satisfactorio',41),(162,60,69,'Necesita mejorar',41),(163,70,89,'Satisfactorio',41),(164,90,100,'Excelente',41),(165,0,59,'No satisfactorio',42),(166,60,70,'Debe mejorar',42),(167,71,89,'Satisfactorio',42),(168,90,100,'Excelente',42);

/*Table structure for table `mdl_edumatrix` */

DROP TABLE IF EXISTS `mdl_edumatrix`;

CREATE TABLE `mdl_edumatrix` (
  `id` int(11) NOT NULL AUTO_INCREMENT,
  `name` varchar(128) COLLATE utf8_unicode_ci NOT NULL DEFAULT '',
  `idealnote` decimal(5,2) NOT NULL,
  `columnmatrix` tinyint(4) NOT NULL,
  `rowmatrix` tinyint(4) NOT NULL,
  `totalcolumns` tinyint(4) NOT NULL,
  `totalrows` tinyint(4) NOT NULL,
  `notemin` int(11) NOT NULL,
  `commentrange` int(11) NOT NULL,
  `showsuggestions` tinyint(4) DEFAULT NULL,
  `isdelete` tinyint(4) DEFAULT NULL,
  PRIMARY KEY (`id`)
) ENGINE=InnoDB AUTO_INCREMENT=43 DEFAULT CHARSET=utf8 COLLATE=utf8_unicode_ci COMMENT='Default comment for matrix, please edit me';

/*Data for the table `mdl_edumatrix` */

insert  into `mdl_edumatrix`(`id`,`name`,`idealnote`,`columnmatrix`,`rowmatrix`,`totalcolumns`,`totalrows`,`notemin`,`commentrange`,`showsuggestions`,`isdelete`) values (1,'CM1P01','100.00',1,2,4,12,70,4,1,NULL),(2,'CM2P01','100.00',1,2,4,12,70,4,1,NULL),(3,'CM3P01','100.00',1,2,4,12,70,4,1,NULL),(4,'CM4P01','100.00',1,2,4,14,70,4,1,NULL),(5,'CM5P01','100.00',1,2,4,14,70,4,1,NULL),(6,'CM6P01','100.00',1,2,4,14,70,4,1,NULL),(7,'DMT1P01','100.00',1,1,4,7,70,4,1,NULL),(8,'DMT2P01','100.00',1,1,4,9,70,4,1,NULL),(9,'DMT3P01','100.00',1,1,4,9,70,4,1,NULL),(10,'DMT4P01','100.00',1,1,4,11,70,4,1,NULL),(11,'DMT5P01','100.00',1,1,4,9,70,4,1,NULL),(12,'DMT6P01','100.00',1,1,4,9,70,4,1,NULL),(13,'DMT1B01','100.00',1,1,4,9,70,4,1,NULL),(14,'DMT2B01','100.00',1,1,4,10,70,4,1,NULL),(15,'DMT3B01','100.00',1,1,4,10,70,4,1,NULL),(16,'DMT4D01','100.00',1,1,4,8,70,4,1,NULL),(17,'DMT5D01','100.00',1,1,4,9,70,4,1,NULL),(18,'DCL1P01','100.00',1,1,4,6,70,4,1,NULL),(19,'DCL2P01','100.00',1,1,4,6,70,4,1,NULL),(20,'DCL3P01','100.00',1,1,4,6,70,4,1,NULL),(21,'DCL4P01','100.00',1,1,4,6,70,4,1,NULL),(22,'DCL5P01','100.00',1,1,4,6,70,4,1,NULL),(23,'DCL6P01','100.00',1,1,4,6,70,4,1,NULL),(24,'DCL1B01','100.00',1,1,4,6,70,4,1,NULL),(25,'DCL2B01','100.00',1,1,4,6,70,4,1,NULL),(26,'DCL3B01','100.00',1,1,4,6,70,4,1,NULL),(27,'DCL4D01','100.00',1,1,4,7,70,4,1,NULL),(28,'DCL5D01','100.00',1,1,4,9,70,4,1,NULL),(29,'CM1B01','100.00',1,2,4,14,70,4,1,NULL),(30,'CM2B01','100.00',1,2,4,14,70,4,1,NULL),(31,'CM3B01','100.00',1,2,4,14,70,4,1,NULL),(32,'CM4D01','100.00',1,2,4,14,70,4,1,NULL),(33,'CM5D01','100.00',1,2,4,14,70,4,1,NULL),(34,'MTGRAD-A','100.00',1,1,4,4,70,4,1,NULL),(35,'MTGRAD-B','100.00',1,1,4,5,70,4,1,NULL),(36,'LCGRAD-A','100.00',1,2,4,12,70,4,1,NULL),(37,'MTGRAD-D','100.00',1,1,4,5,70,4,1,NULL),(38,'MTMINEDUC6P','100.00',1,1,4,7,70,4,1,NULL),(39,'CMMINEDUC6P','100.00',1,2,4,9,70,4,1,NULL),(40,'LCGRAD-B','100.00',1,2,4,9,59,4,0,NULL),(41,'MTP14','100.00',1,2,4,7,70,4,1,NULL),(42,'MT06P15','100.00',1,2,4,17,70,4,1,NULL);

/*Table structure for table `mdl_edumatrix_categories` */

DROP TABLE IF EXISTS `mdl_edumatrix_categories`;

CREATE TABLE `mdl_edumatrix_categories` (
  `id` bigint(10) NOT NULL AUTO_INCREMENT,
  `name` varchar(128) CHARACTER SET utf8 COLLATE utf8_spanish2_ci NOT NULL DEFAULT '',
  `edumatrixid` int(11) NOT NULL,
  `codcategory` bigint(10) DEFAULT NULL,
  `level` int(11) DEFAULT NULL,
  `subtotal` tinyint(1) DEFAULT NULL,
  PRIMARY KEY (`id`),
  KEY `mdl_edumcate_edu_ix` (`edumatrixid`) USING BTREE,
  KEY `codcategory` (`codcategory`) USING BTREE,
  CONSTRAINT `mdl_edumatrix_categories_ibfk_1` FOREIGN KEY (`edumatrixid`) REFERENCES `mdl_edumatrix` (`id`),
  CONSTRAINT `mdl_edumatrix_categories_ibfk_2` FOREIGN KEY (`codcategory`) REFERENCES `mdl_edumatrix_categories` (`id`)
) ENGINE=InnoDB AUTO_INCREMENT=501 DEFAULT CHARSET=utf8 COLLATE=utf8_unicode_ci COMMENT='edumatrix_categories table retrofitted from MySQL';

/*Data for the table `mdl_edumatrix_categories` */

insert  into `mdl_edumatrix_categories`(`id`,`name`,`edumatrixid`,`codcategory`,`level`,`subtotal`) values (1,'Niveles de comprensión lectora',1,NULL,0,NULL),(2,'Destreza evaluada',1,NULL,0,NULL),(3,'Literal',1,1,1,NULL),(4,'Vocabulario',1,3,2,NULL),(5,'Secuencia',1,3,2,NULL),(6,'Detalles',1,3,2,NULL),(7,'Localizar información',1,3,2,NULL),(8,'Contexto',1,3,2,2),(9,'Inferencial',1,1,1,NULL),(10,'Predicción',1,9,2,NULL),(11,'Idea principal',1,9,2,NULL),(12,'Hechos y opiniones',1,9,2,NULL),(13,'Diferencias y similitudes',1,9,2,NULL),(14,'Resolución de problemas',1,9,2,2),(15,'Crítica',1,1,1,NULL),(16,'Generalización',1,15,2,NULL),(17,'Conclusión',1,15,2,2),(18,'Niveles de comprensión lectora',2,NULL,0,NULL),(19,'Destreza evaluada',2,NULL,0,NULL),(20,'Literal',2,18,1,NULL),(21,'Vocabulario',2,20,2,NULL),(22,'Secuencia',2,20,2,NULL),(23,'Detalle',2,20,2,NULL),(24,'Localizar información',2,20,2,NULL),(25,'Contexto',2,20,2,2),(26,'Inferencial',2,18,1,NULL),(27,'Predicción',2,26,2,NULL),(28,'Idea principal',2,26,2,NULL),(29,'Hechos y opiniones',2,26,2,NULL),(30,'Diferencias y similitudes',2,26,2,NULL),(31,'Resolución de problemas',2,26,2,2),(32,'Crítica',2,18,1,NULL),(33,'Generalización',2,32,2,NULL),(34,'Conclusión',2,32,2,2),(35,'Niveles de comprensión lectora',3,NULL,0,NULL),(36,'Destreza evaluada',3,NULL,0,NULL),(37,'Literal',3,35,1,NULL),(38,'Vocabulario',3,37,2,NULL),(39,'Secuencia',3,37,2,NULL),(40,'Detalles',3,37,2,NULL),(41,'Localizar información',3,37,2,NULL),(42,'Contexto',3,37,2,2),(43,'Inferencial',3,35,1,NULL),(44,'Predicción',3,43,2,NULL),(45,'Idea Principal',3,43,2,NULL),(46,'Hechos y opiniones',3,43,2,NULL),(47,'Diferencias y similitudes',3,43,2,NULL),(48,'Resolución de problemas',3,43,2,2),(49,'Crítica',3,35,1,NULL),(50,'Generalización',3,49,2,NULL),(51,'Conclusión',3,49,2,2),(52,'Niveles de comprensión lectora',4,NULL,0,NULL),(53,'Destreza evaluada',4,NULL,0,NULL),(54,'Literal',4,52,1,NULL),(55,'Vocabulario',4,54,2,NULL),(56,'Secuencia',4,54,2,NULL),(57,'Detalles',4,54,2,NULL),(58,'Localizar información',4,54,2,NULL),(59,'Contexto',4,54,2,2),(60,'Inferencial',4,52,1,NULL),(61,'Predicción',4,60,2,NULL),(62,'Idea principal',4,60,2,NULL),(63,'Hechos y opiniones',4,60,2,NULL),(64,'Resolución de problemas con la información del texto',4,60,2,2),(65,'Crítica',4,52,1,NULL),(66,'Punto de vista del autor',4,65,2,NULL),(67,'Hipótesis',4,65,2,NULL),(68,'Resumir',4,65,2,NULL),(69,'Generalización',4,65,2,NULL),(70,'Conclusión',4,65,2,2),(71,'Niveles de comprensión lectora',5,NULL,0,NULL),(72,'Destreza evaluada',5,NULL,0,NULL),(73,'Literal',5,71,1,NULL),(74,'Vocabulario',5,73,2,NULL),(75,'Secuencia',5,73,2,NULL),(76,'Detalles',5,73,2,NULL),(77,'Localizar información',5,73,2,NULL),(78,'Contexto',5,73,2,2),(79,'Inferencial',5,71,1,NULL),(80,'Predicción',5,79,2,NULL),(81,'Idea Principal',5,79,2,NULL),(82,'Hechos y opiniones',5,79,2,NULL),(83,'Resolución de problemas',5,79,2,2),(84,'Crítica',5,71,1,NULL),(85,'Punto de vista del autor',5,84,2,NULL),(86,'Hipótesis',5,84,2,NULL),(87,'Resumir',5,84,2,NULL),(88,'Generalización',5,84,2,NULL),(89,'Conclusión',5,84,2,2),(90,'Niveles de comprensión lectora',6,NULL,0,NULL),(91,'Destreza evaluada',6,NULL,0,NULL),(92,'Literal',6,90,1,NULL),(93,'Vocabulario',6,92,2,NULL),(94,'Secuencia',6,92,2,NULL),(95,'Detalles',6,92,2,NULL),(96,'Localizar información',6,92,2,NULL),(97,'Contexto',6,92,2,2),(98,'Inferencial',6,90,1,NULL),(99,'Predicción',6,98,2,NULL),(100,'Idea principal',6,98,2,NULL),(101,'Hechos y opiniones',6,98,2,NULL),(102,'Resolución de problemas',6,98,2,2),(103,'Crítica',6,90,1,NULL),(104,'Punto de vista del autor',6,103,2,NULL),(105,'Hipótesis',6,103,2,NULL),(106,'Resumir',6,103,2,NULL),(107,'Generalización',6,103,2,NULL),(108,'Conclusión',6,103,2,2),(109,'Eje temático',7,NULL,0,NULL),(110,'Patrones, series',7,109,1,NULL),(111,'Geometría',7,109,1,NULL),(112,'Conjuntos',7,109,1,NULL),(113,'Números naturales',7,109,1,NULL),(114,'Estadística',7,109,1,NULL),(115,'Medidas',7,109,1,NULL),(116,'Operaciones básicas',7,109,1,NULL),(117,'Eje temático',8,NULL,0,NULL),(118,'Patrones, series',8,117,1,NULL),(119,'Geometría',8,117,1,NULL),(120,'Conjuntos',8,117,1,NULL),(121,'Sistemas de numeración',8,117,1,NULL),(122,'Números naturales',8,117,1,NULL),(123,'Noción de fracción',8,117,1,NULL),(124,'Estadística',8,117,1,NULL),(125,'Medidas',8,117,1,NULL),(126,'Operaciones aritméticas',8,117,1,NULL),(127,'Eje temático',9,NULL,0,NULL),(128,'Patrones, secuencias',9,127,1,NULL),(129,'Plano cartesiano: desplazaminto',9,127,1,NULL),(130,'Conjuntos',9,127,1,NULL),(131,'Números naturales',9,127,1,NULL),(132,'Operaciones aitméticas',9,127,1,NULL),(133,'Fracciones',9,127,1,NULL),(134,'Estadística',9,127,1,NULL),(135,'Geometría',9,127,1,NULL),(136,'Medidas',9,127,1,NULL),(137,'Destreza evaluada',10,NULL,0,NULL),(138,'Geometría',10,137,1,NULL),(139,'Patrones, relaciones y series',10,137,1,NULL),(140,'Conjuntos',10,137,1,NULL),(141,'Números naturales',10,137,1,NULL),(142,'Operaciones aritméticas',10,137,1,NULL),(143,'Números decimales',10,137,1,NULL),(144,'Sistema de numeración',10,137,1,NULL),(145,'Fracciones',10,137,1,NULL),(146,'Proporcionalidad',10,137,1,NULL),(147,'Estadística',10,137,1,NULL),(148,'Medidas',10,137,1,NULL),(149,'Ejes temáticos',11,NULL,0,NULL),(150,'Geometría',11,149,1,NULL),(151,'Conjuntos',11,149,1,NULL),(152,'Números naturales / Teoría de números',11,149,1,NULL),(153,'Operaciones aritméticas',11,149,1,NULL),(154,'Números decimales',11,149,1,NULL),(155,'Fracciones',11,149,1,NULL),(156,'Proporcionalidad',11,149,1,NULL),(157,'Estadística',11,149,1,NULL),(158,'Medidas',11,149,1,NULL),(159,'Ejes temáticos',12,NULL,0,NULL),(160,'Álgebra',12,159,1,NULL),(161,'Aritmetica',12,159,1,NULL),(162,'Conjuntos',12,159,1,NULL),(163,'Estadística',12,159,1,NULL),(164,'Geometría',12,159,1,NULL),(165,'Medidas',12,159,1,NULL),(166,'Números Naturales',12,159,1,NULL),(167,'Números Racionales',12,159,1,NULL),(168,'Resolución de Problemas',12,159,1,NULL),(169,'Ejes temáticos',13,NULL,0,NULL),(170,'Álgebra',13,169,1,NULL),(171,'Análisis Estadístico',13,169,1,NULL),(172,'Conjuntos Aritméticos',13,169,1,NULL),(173,'Funciones',13,169,1,NULL),(174,'Geometría',13,169,1,NULL),(175,'Lógica Matemática',13,169,1,NULL),(176,'Sistema de Numeración',13,169,1,NULL),(177,'Trigonometría',13,169,1,NULL),(178,'Variación Proporcional',13,169,1,NULL),(179,'Ejes temáticos',14,NULL,0,NULL),(180,'Álgebra',14,179,1,NULL),(181,'Análisis Estadístico',14,179,1,NULL),(182,'Conjuntos Aritméticos',14,179,1,NULL),(183,'Ecuaciones',14,179,1,NULL),(184,'Funciones',14,179,1,NULL),(185,'Geometría',14,179,1,NULL),(186,'Lógica Matemática',14,179,1,NULL),(187,'Sistema de Numeración',14,179,1,NULL),(188,'Trigonometría',14,179,1,NULL),(189,'Variación Proporcional',14,179,1,NULL),(190,'Ejes temáticos',15,NULL,0,NULL),(191,'Álgebra',15,190,1,NULL),(192,'Análisis Estadístico',15,190,1,NULL),(193,'Conjuntos Aritméticos',15,190,1,NULL),(194,'Ecuaciones',15,190,1,NULL),(195,'Funciones',15,190,1,NULL),(196,'Geometría',15,190,1,NULL),(197,'Lógica Matemática',15,190,1,NULL),(198,'Sistema de Numeración',15,190,1,NULL),(199,'Trigonometría',15,190,1,NULL),(200,'Variación Proporcional',15,190,1,NULL),(201,'Eje temático',16,NULL,0,NULL),(202,'Álgebra',16,201,1,NULL),(203,'Análisis Estadístico',16,201,1,NULL),(204,'Funciones',16,201,1,NULL),(205,'Geometría analitica',16,201,1,NULL),(206,'Trigonometría',16,201,1,NULL),(207,'Lógica proposicional',16,201,1,NULL),(208,'Números reales y complejos',16,201,1,NULL),(209,'Sucesiones y series',16,201,1,NULL),(210,'Eje temático',17,NULL,0,NULL),(211,'Álgebra',17,210,1,NULL),(212,'Análisis Estadístico',17,210,1,NULL),(213,'Conjuntos aritméticos',17,210,1,NULL),(214,'Funciones',17,210,1,NULL),(215,'Geometría',17,210,1,NULL),(216,'Lógica Matemática',17,210,1,NULL),(217,'Sistemas de Numeración',17,210,1,NULL),(218,'Trigonometría',17,210,1,NULL),(219,'Variación proporcional',17,210,1,NULL),(220,'Ejes temáticos',18,NULL,0,NULL),(221,'Vocabulario',18,220,1,NULL),(222,'Literatura',18,220,1,NULL),(223,'Comprensión Lectora',18,220,1,NULL),(224,'Lingüística-gramática',18,220,1,NULL),(225,'Ortografía',18,220,1,NULL),(226,'Redacción',18,220,1,NULL),(227,'Ejes temáticos',19,NULL,0,NULL),(228,'Vocabulario',19,227,1,NULL),(229,'Literatura',19,227,1,NULL),(230,'Comprensión Lectora',19,227,1,NULL),(231,'Lingüística-Gramática',19,227,1,NULL),(232,'Ortografía',19,227,1,NULL),(233,'Redacción',19,227,1,NULL),(234,'Eje temático',20,NULL,0,NULL),(235,'Vocabulario',20,234,1,NULL),(236,'Literatura',20,234,1,NULL),(237,'Comprensión lectora',20,234,1,NULL),(238,'Lingüística-Gramática',20,234,1,NULL),(239,'Ortografía',20,234,1,NULL),(240,'Redacción',20,234,1,NULL),(241,'Destreza evaluada',21,NULL,0,NULL),(242,'Vocabulario',21,241,1,NULL),(243,'Literatura',21,241,1,NULL),(244,'Comprensión Lectora',21,241,1,NULL),(245,'Lingüística -  Gramática',21,241,1,NULL),(246,'Ortografía',21,241,1,NULL),(247,'Redacción',21,241,1,NULL),(248,'Ejes temáticos',22,NULL,0,NULL),(249,'Vocabulario',22,248,1,NULL),(250,'Literatura',22,248,1,NULL),(251,'Comprensión Lectora',22,248,1,NULL),(252,'Lingüística-Gramática',22,248,1,NULL),(253,'Ortografía',22,248,1,NULL),(254,'Redacción',22,248,1,NULL),(255,'Ejes temáticos',23,NULL,0,NULL),(256,'Vocabulario',23,255,1,NULL),(257,'Literatura',23,255,1,NULL),(258,'Análisis literario',23,255,1,NULL),(259,'Lingüística-gramática',23,255,1,NULL),(260,'Ortografía',23,255,1,NULL),(261,'Comprensión-Redacción',23,255,1,NULL),(262,'Ejes temáticos',24,NULL,0,NULL),(263,'Vocabulario',24,262,1,NULL),(264,'Literatura',24,262,1,NULL),(265,'Análisis literario',24,262,1,NULL),(266,'Lingüística-gramática',24,262,1,NULL),(267,'Ortografía',24,262,1,NULL),(268,'Comprensión-Redacción',24,262,1,NULL),(269,'Ejes temáticos',25,NULL,0,NULL),(270,'Vocabulario',25,269,1,NULL),(271,'Literatura',25,269,1,NULL),(272,'Análisis literario',25,269,1,NULL),(273,'Lingüística-gramática',25,269,1,NULL),(274,'Ortografía',25,269,1,NULL),(275,'Comprensión-Redacción',25,269,1,NULL),(276,'Ejes temáticos',26,NULL,0,NULL),(277,'Vocabulario',26,276,1,NULL),(278,'Literatura',26,276,1,NULL),(279,'Lingüística-gramática',26,276,1,NULL),(280,'Ortografía',26,276,1,NULL),(281,'Comprensión-Redacción',26,276,1,NULL),(282,'Recursos-literarios',26,276,1,NULL),(283,'Eje temático',27,NULL,0,NULL),(284,'Vocabulario',27,283,1,NULL),(285,'Literatura',27,283,1,NULL),(286,'Gramática-Lingüística',27,283,1,NULL),(287,'Ortografía',27,283,1,NULL),(288,'Comprensión-Redacción',27,283,1,NULL),(289,'Recursos literarios',27,283,1,NULL),(290,'Comunicación',27,283,1,NULL),(291,'Ejes temáticos',28,NULL,0,NULL),(292,'Ampliación vocabulario',28,291,1,NULL),(293,'Literatura',28,291,1,NULL),(294,'Gramática',28,291,1,NULL),(295,'Lingüística',28,291,1,NULL),(296,'Ortografia',28,291,1,NULL),(297,'Comunicación',28,291,1,NULL),(298,'Conferencia',28,291,1,NULL),(299,'Técnicas de discusión',28,291,1,NULL),(300,'Exposición escrita',28,291,1,NULL),(301,'Niveles de comprensión lectora ',29,NULL,0,NULL),(302,'Destreza evaluada',29,NULL,0,NULL),(303,'Literal',29,301,1,NULL),(304,'Vocabulario',29,303,2,NULL),(305,'Secuencia',29,303,2,NULL),(306,'Detalles',29,303,2,NULL),(307,'Contexto',29,303,2,2),(308,'Inferencial',29,301,1,NULL),(309,'Predicción ',29,308,2,NULL),(310,'Idea principal',29,308,2,NULL),(311,'Hechos y opiniones',29,308,2,NULL),(312,'Intencionalidad del autor y del texto ',29,308,2,NULL),(313,'Resolución de problemas con la información del texto ',29,308,2,2),(314,'Crítica',29,301,1,NULL),(315,'Punto de vista del autor ',29,314,2,NULL),(316,'Hipotesis',29,314,2,NULL),(317,'Resumir',29,314,2,NULL),(318,'Generalización',29,314,2,NULL),(319,'Conclusión',29,314,2,2),(320,'Niveles de comprensión lectora',30,NULL,0,NULL),(321,'Destreza evaluada',30,NULL,0,NULL),(322,'Literal',30,320,1,NULL),(323,'Vocabulario',30,322,2,NULL),(324,'Secuencia',30,322,2,NULL),(325,'Detalles',30,322,2,NULL),(326,'Contexto',30,322,2,2),(327,'Inferencial',30,320,1,NULL),(328,'Predicción',30,327,2,NULL),(329,'Idea principal',30,327,2,NULL),(330,'Hechos y opiniones',30,327,2,NULL),(331,'Intencionalidad del autor y del texto',30,327,2,NULL),(332,'Resolución de problemas con la información del texto',30,327,2,2),(333,'Crítica',30,320,1,NULL),(334,'Punto de vista del autor',30,333,2,NULL),(335,'Hipótesis',30,333,2,NULL),(336,'Resumir',30,333,2,NULL),(337,'Generalización',30,333,2,NULL),(338,'Conclusión',30,333,2,2),(339,'Niveles de comprensión lectora',31,NULL,0,NULL),(340,'Destreza evaluada',31,NULL,0,NULL),(341,'Literal',31,339,1,NULL),(342,'Vocabulario',31,341,2,NULL),(343,'Secuencia',31,341,2,NULL),(344,'Detalles',31,341,2,NULL),(345,'Contexto',31,341,2,2),(346,'Inferencial',31,339,1,NULL),(347,'Predicción',31,346,2,NULL),(348,'Idea principal',31,346,2,NULL),(349,'Hechos y opiniones',31,346,2,NULL),(350,'Intencionalidad del autor y del texto',31,346,2,NULL),(351,'Resolución de problemas con la información del texto',31,346,2,2),(352,'Crítica',31,339,1,NULL),(353,'Punto de vista del autor',31,352,2,NULL),(354,'Hipótesis',31,352,2,NULL),(355,'Resumir',31,352,2,NULL),(356,'Generalización',31,352,2,NULL),(357,'Conclusión',31,352,2,2),(358,'Niveles de comprensión lectora',32,NULL,0,NULL),(359,'Destreza evaluada',32,NULL,0,NULL),(360,'Literal',32,358,1,NULL),(361,'Vocabulario',32,360,2,NULL),(362,'Secuencia',32,360,2,NULL),(363,'Detalles',32,360,2,NULL),(364,'Contexto',32,360,2,2),(365,'Inferencial',32,358,1,NULL),(366,'Predicción',32,365,2,NULL),(367,'Idea principal',32,365,2,NULL),(368,'Hechos y opiniones',32,365,2,NULL),(369,'Intencionalidad del autor y del texto ',32,365,2,NULL),(370,'Resolución de problemas con la información del texto ',32,365,2,2),(371,'Crítica',32,358,1,NULL),(372,'Punto de vista del autor',32,371,2,NULL),(373,'Hipótesis',32,371,2,NULL),(374,'Resumir',32,371,2,NULL),(375,'Generalización',32,371,2,NULL),(376,'Conclusión',32,371,2,2),(377,'Niveles de comprensión lectora',33,NULL,0,NULL),(378,'Destreza evaluada',33,NULL,0,NULL),(379,'Literal',33,377,1,NULL),(380,'Vocabulario',33,379,2,NULL),(381,'Secuencia',33,379,2,NULL),(382,'Detalles',33,379,2,NULL),(383,'Contexto',33,379,2,2),(384,'Inferencial',33,377,1,NULL),(385,'Predicción',33,384,2,NULL),(386,'Idea principal',33,384,2,NULL),(387,'Hecho y opiniones',33,384,2,NULL),(388,'Intencionalidad del autor y del texto',33,384,2,NULL),(389,'Resolución de problemas con la información del texto',33,384,2,2),(390,'Crítica',33,377,1,NULL),(391,'Punto de vista del autor',33,390,2,NULL),(392,'Hipótesis',33,390,2,NULL),(393,'Resumir',33,390,2,NULL),(394,'Generalización',33,390,2,NULL),(395,'Conclusión',33,390,2,2),(396,'Eje temática',34,NULL,0,NULL),(397,' Álgebra y funciones',34,396,1,NULL),(398,' Aritmética',34,396,1,NULL),(399,' Geometría',34,396,1,NULL),(400,' Sistemas de Numeración',34,396,1,NULL),(401,'Eje temático',35,NULL,0,NULL),(402,'Álgebra',35,401,1,NULL),(403,'Análisis Estadístico',35,401,1,NULL),(404,'Aritmética',35,401,1,NULL),(405,'Geometría',35,401,1,NULL),(406,'Sistemas de Numeración',35,401,1,NULL),(407,'Nivel de Comprensión',36,NULL,0,NULL),(408,'Eje temático',36,NULL,0,NULL),(409,'Literal',36,407,1,NULL),(410,'Vocabulario',36,409,2,NULL),(411,'Detalles',36,409,2,NULL),(412,'Secuencia',36,409,2,2),(413,'Inferencial',36,407,1,NULL),(414,'Idea Principal',36,413,2,NULL),(415,'Intencionalidad del autor',36,413,2,NULL),(416,'Predicción',36,413,2,NULL),(417,'Diferencias y similitudes',36,413,2,NULL),(418,'Hechos y opiniones',36,413,2,2),(419,'Crítica',36,407,1,NULL),(420,'Hipótesis',36,419,2,NULL),(421,'Resumir',36,419,2,NULL),(422,'Generalización',36,419,2,NULL),(423,'Punto de Vista',36,419,2,2),(424,'Eje temático',37,NULL,0,NULL),(425,'Álgebra',37,424,1,NULL),(426,'Análisis Estadístico',37,424,1,NULL),(427,'Aritmética',37,424,1,NULL),(428,'Geometría',37,424,1,NULL),(429,'Sistemas de Numeración',37,424,1,NULL),(430,'Eje temático',38,NULL,0,NULL),(431,'Estadística',38,430,1,NULL),(432,'Geometría',38,430,1,NULL),(433,'Conjuntos',38,430,1,NULL),(434,'Sistemas Numericos',38,430,1,NULL),(435,'Operación, relaciones',38,430,1,NULL),(436,'Medidas',38,430,1,NULL),(437,'Resolución de problemas',38,430,1,NULL),(438,'Nivel de Comprensión',39,NULL,0,NULL),(439,'Eje Temático',39,NULL,0,NULL),(440,'Literal',39,438,1,NULL),(441,'Vocabulario',39,440,2,NULL),(442,'Secuencia',39,440,2,NULL),(443,'Detalles',39,440,2,2),(444,'Inferencial',39,438,1,NULL),(445,'Idea Principal',39,444,2,NULL),(446,'Intencionalidad del autor',39,444,2,NULL),(447,'Predicción',39,444,2,2),(448,'Crítica',39,438,1,NULL),(449,'Propósito del autor',39,448,2,NULL),(450,'Generalización',39,448,2,NULL),(451,'Conclusión',39,448,2,2),(452,'Niveles de comprensión',40,NULL,0,NULL),(453,'Destreza evaluada',40,NULL,0,NULL),(454,'Literal',40,452,1,NULL),(455,'vocabulario',40,454,2,NULL),(456,'secuencia',40,454,2,NULL),(457,'Detalles',40,454,2,2),(458,'Inferencial',40,452,1,NULL),(459,'Idea principal',40,458,2,NULL),(460,'Intencionalidad del autor',40,458,2,NULL),(461,'Similitud y diferencia',40,458,2,NULL),(462,'Hechos y opioniones',40,458,2,2),(463,'Crítica',40,452,1,NULL),(464,'Resumen',40,463,2,NULL),(465,'Conclusión',40,463,2,2),(466,'Área',41,NULL,0,NULL),(467,'Contenidos',41,NULL,0,NULL),(468,'Sistema numérico',41,466,1,NULL),(469,'Números racionales',41,468,2,NULL),(470,'Aritmética',41,466,1,NULL),(471,'Fracción de un entero',41,470,2,NULL),(472,'Jerarquía de operaciones',41,470,2,NULL),(473,'Geometría',41,466,1,NULL),(474,'Proporcionalidad',41,473,2,NULL),(475,'Ángulos en los triángulos',41,473,2,NULL),(476,'Álgebra y funciones',41,466,1,NULL),(477,'Ecuaciones lineales',41,476,2,NULL),(478,'Álgebra',41,466,1,NULL),(479,'Valor de una variable',41,478,2,NULL),(480,'Eje temático',42,NULL,0,NULL),(481,'Tema',42,NULL,0,NULL),(482,'Operaciones con números naturales',42,480,1,NULL),(483,'Adición y sustracción de números naturales',42,482,2,NULL),(484,'Propiedades de la adición y la multiplicación',42,482,2,NULL),(485,'División de números naturales',42,482,2,NULL),(486,'Cálculo mental de productos y cocientes',42,482,2,NULL),(487,'Potenciacion y sus propiedades',42,482,2,NULL),(488,'Potencias de 10',42,482,2,NULL),(489,'Raíces cuadradas exactas',42,482,2,NULL),(490,'Raíz cuadrada de números mayores',42,482,2,NULL),(491,'Operaciones combinadas (sin y con agrupar)',42,482,2,2),(492,'Teoría de números y fracciones',42,480,1,NULL),(493,'Múltiplos y otros subconjuntos numéricos',42,492,2,NULL),(494,'Divisiones o factores de un número',42,492,2,NULL),(495,'Criterios de divisibilidad',42,492,2,NULL),(496,'Factorizacion primaria',42,492,2,NULL),(497,'Máximo común divisor',42,492,2,NULL),(498,'Mínimo común múltiplo',42,492,2,NULL),(499,'Fracciones su representación y fracciones equivalentes',42,492,2,NULL),(500,'Adición y sustracción de fracciones',42,492,2,2);

/*Table structure for table `mdl_edumatrix_cellcategories` */

DROP TABLE IF EXISTS `mdl_edumatrix_cellcategories`;

CREATE TABLE `mdl_edumatrix_cellcategories` (
  `id` int(11) NOT NULL AUTO_INCREMENT,
  `codmatrixquiz` int(11) DEFAULT NULL,
  `codcell` int(11) DEFAULT NULL,
  `codcategory` bigint(10) DEFAULT NULL,
  PRIMARY KEY (`id`),
  KEY `codmatrixquiz` (`codmatrixquiz`) USING BTREE,
  KEY `codcell` (`codcell`) USING BTREE,
  KEY `codcategory` (`codcategory`) USING BTREE,
  CONSTRAINT `mdl_edumatrix_cellcategories_ibfk_1` FOREIGN KEY (`codmatrixquiz`) REFERENCES `mdl_edumatrix_matrixquiz` (`id`) ON DELETE CASCADE ON UPDATE CASCADE,
  CONSTRAINT `mdl_edumatrix_cellcategories_ibfk_2` FOREIGN KEY (`codcell`) REFERENCES `mdl_edumatrix_cells` (`id`) ON DELETE CASCADE ON UPDATE CASCADE
) ENGINE=InnoDB AUTO_INCREMENT=5194 DEFAULT CHARSET=utf8 COLLATE=utf8_unicode_ci;

/*Data for the table `mdl_edumatrix_cellcategories` */

insert  into `mdl_edumatrix_cellcategories`(`id`,`codmatrixquiz`,`codcell`,`codcategory`) values (1,1,1,78),(2,1,2,79),(3,1,3,80),(4,1,4,81),(5,1,5,82),(6,1,6,83),(7,1,7,84),(8,1,8,85),(9,1,9,85),(10,1,10,87),(11,1,11,88),(12,1,12,91),(13,1,13,89),(14,1,14,92),(15,1,15,90),(16,2,16,62),(17,2,17,70),(18,2,18,71),(19,2,19,63),(20,2,20,72),(21,2,21,64),(22,2,22,73),(23,2,23,65),(24,2,24,66),(25,2,25,67),(26,2,26,67),(27,2,27,75),(28,2,28,76),(29,2,29,68),(30,2,30,69),(31,3,31,95),(32,3,32,94),(33,3,33,96),(34,3,34,97),(35,3,35,98),(36,3,36,99),(37,3,37,107),(38,3,38,100),(39,3,39,101),(40,3,40,102),(41,3,41,103),(42,3,42,104),(43,3,43,105),(44,3,44,106),(45,3,45,108),(46,3,46,109),(47,4,47,8),(48,4,48,20),(49,4,49,9),(50,4,50,10),(51,4,51,11),(52,4,52,12),(53,4,53,13),(54,4,54,14),(55,4,55,15),(56,4,56,16),(57,4,57,17),(58,4,58,21),(59,4,59,18),(60,4,60,22),(61,4,61,23),(62,4,62,24),(63,4,63,19),(64,5,64,27),(65,5,65,26),(66,5,66,28),(67,5,67,29),(68,5,68,30),(69,5,69,31),(70,5,70,32),(71,5,71,33),(72,5,72,34),(73,5,73,35),(74,5,74,40),(75,5,75,36),(76,5,76,37),(77,5,77,38),(78,5,78,41),(79,5,79,39),(80,5,80,42),(81,6,81,44),(82,6,82,45),(83,6,83,58),(84,6,84,46),(85,6,85,47),(86,6,86,48),(87,6,87,49),(88,6,88,50),(89,6,89,51),(90,6,90,52),(91,6,91,53),(92,6,92,59),(93,6,93,54),(94,6,94,55),(95,6,95,56),(96,6,96,57),(97,6,97,60),(98,7,577,111),(99,7,578,112),(100,7,579,115),(101,7,580,116),(102,7,581,117),(103,7,582,118),(104,7,583,113),(105,7,584,119),(106,7,585,120),(107,7,586,121),(108,7,587,114),(109,7,588,122),(110,7,589,123),(111,7,590,124),(112,8,591,141),(113,8,592,143),(114,8,593,144),(115,8,594,145),(116,8,595,146),(117,8,596,147),(118,8,597,142),(119,8,598,148),(120,8,599,149),(121,8,600,150),(122,8,601,151),(123,8,602,152),(124,8,603,153),(125,8,604,154),(126,9,605,126),(127,9,606,127),(128,9,607,130),(129,9,608,131),(130,9,609,132),(131,9,610,133),(132,9,611,128),(133,9,612,134),(134,9,613,135),(135,9,614,136),(136,9,615,137),(137,9,616,138),(138,9,617,129),(139,9,618,139),(140,10,619,156),(141,10,620,157),(142,10,621,162),(143,10,622,163),(144,10,623,164),(145,10,624,165),(146,10,625,158),(147,10,626,166),(148,10,627,167),(149,10,628,159),(150,10,629,168),(151,10,630,160),(152,10,631,169),(153,10,632,161),(154,11,633,171),(155,11,634,172),(156,11,635,177),(157,11,636,178),(158,11,637,179),(159,11,638,180),(160,11,639,173),(161,11,640,174),(162,11,641,176),(163,11,642,181),(164,11,643,182),(165,11,644,183),(166,11,645,175),(167,11,646,184),(168,12,633,171),(169,12,634,172),(170,12,635,177),(171,12,636,178),(172,12,637,179),(173,12,638,180),(174,12,639,173),(175,12,640,174),(176,12,641,176),(177,12,642,181),(178,12,643,182),(179,12,644,183),(180,12,645,175),(181,12,646,184),(182,13,619,156),(183,13,620,157),(184,13,621,162),(185,13,622,163),(186,13,623,164),(187,13,624,165),(188,13,625,158),(189,13,626,166),(190,13,627,167),(191,13,628,159),(192,13,629,168),(193,13,630,160),(194,13,631,169),(195,13,632,161),(196,14,619,156),(197,14,620,157),(198,14,621,162),(199,14,622,163),(200,14,623,164),(201,14,624,165),(202,14,625,158),(203,14,626,166),(204,14,627,167),(205,14,628,159),(206,14,629,168),(207,14,630,160),(208,14,631,169),(209,14,632,161),(210,15,47,8),(211,15,48,20),(212,15,49,9),(213,15,50,10),(214,15,51,11),(215,15,52,12),(216,15,53,13),(217,15,54,14),(218,15,55,15),(219,15,56,16),(220,15,57,17),(221,15,58,21),(222,15,59,18),(223,15,60,22),(224,15,61,23),(225,15,62,24),(226,15,63,19),(227,16,64,27),(228,16,65,26),(229,16,66,28),(230,16,67,29),(231,16,68,30),(232,16,69,31),(233,16,70,32),(234,16,71,33),(235,16,72,34),(236,16,73,35),(237,16,74,40),(238,16,75,36),(239,16,76,37),(240,16,77,38),(241,16,78,41),(242,16,79,39),(243,16,80,42),(244,17,81,44),(245,17,82,45),(246,17,83,58),(247,17,84,46),(248,17,85,47),(249,17,86,48),(250,17,87,49),(251,17,88,50),(252,17,89,51),(253,17,90,52),(254,17,91,53),(255,17,92,59),(256,17,93,54),(257,17,94,55),(258,17,95,56),(259,17,96,57),(260,17,97,60),(261,18,591,141),(262,18,592,143),(263,18,593,144),(264,18,594,145),(265,18,595,146),(266,18,596,147),(267,18,597,142),(268,18,598,148),(269,18,599,149),(270,18,600,150),(271,18,601,151),(272,18,602,152),(273,18,603,153),(274,18,604,154),(275,19,577,111),(276,19,578,112),(277,19,579,115),(278,19,580,116),(279,19,581,117),(280,19,582,118),(281,19,583,113),(282,19,584,119),(283,19,585,120),(284,19,586,121),(285,19,587,114),(286,19,588,122),(287,19,589,123),(288,19,590,124),(289,20,605,126),(290,20,606,127),(291,20,607,130),(292,20,608,131),(293,20,609,132),(294,20,610,133),(295,20,611,128),(296,20,612,134),(297,20,613,135),(298,20,614,136),(299,20,615,137),(300,20,616,138),(301,20,617,129),(302,20,618,139),(303,21,619,156),(304,21,620,157),(305,21,621,162),(306,21,622,163),(307,21,623,164),(308,21,624,165),(309,21,625,158),(310,21,626,166),(311,21,627,167),(312,21,628,159),(313,21,629,168),(314,21,630,160),(315,21,631,169),(316,21,632,161),(317,22,619,156),(318,22,620,157),(319,22,621,162),(320,22,622,163),(321,22,623,164),(322,22,624,165),(323,22,625,158),(324,22,626,166),(325,22,627,167),(326,22,628,159),(327,22,629,168),(328,22,630,160),(329,22,631,169),(330,22,632,161),(331,23,619,156),(332,23,620,157),(333,23,621,162),(334,23,622,163),(335,23,623,164),(336,23,624,165),(337,23,625,158),(338,23,626,166),(339,23,627,167),(340,23,628,159),(341,23,629,168),(342,23,630,160),(343,23,631,169),(344,23,632,161),(345,24,1,78),(346,24,2,79),(347,24,3,80),(348,24,4,81),(349,24,5,82),(350,24,6,83),(351,24,7,84),(352,24,8,85),(353,24,9,86),(354,24,10,87),(355,24,11,88),(356,24,12,91),(357,24,13,89),(358,24,14,92),(359,24,15,90),(360,25,16,62),(361,25,17,70),(362,25,18,71),(363,25,19,63),(364,25,20,72),(365,25,21,64),(366,25,22,73),(367,25,23,65),(368,25,24,66),(369,25,25,74),(370,25,26,67),(371,25,27,75),(372,25,28,76),(373,25,29,68),(374,25,30,69),(375,26,31,95),(376,26,32,94),(377,26,33,96),(378,26,34,97),(379,26,35,98),(380,26,36,99),(381,26,37,107),(382,26,38,100),(383,26,39,101),(384,26,40,102),(385,26,41,103),(386,26,42,104),(387,26,43,105),(388,26,44,106),(389,26,45,108),(390,26,46,109),(391,27,246,240),(392,27,247,241),(393,27,248,242),(394,27,249,258),(395,27,250,249),(396,27,251,250),(397,27,252,259),(398,27,253,236),(399,27,254,266),(400,27,255,267),(401,27,256,251),(402,27,257,252),(403,27,258,253),(404,27,259,254),(405,27,260,238),(406,27,261,260),(407,27,262,239),(408,27,263,244),(409,27,264,262),(410,27,265,245),(411,27,266,268),(412,27,267,269),(413,27,268,263),(414,27,269,264),(415,27,270,248),(416,27,271,257),(417,27,272,261),(418,27,273,246),(419,27,274,247),(420,27,275,255),(421,27,276,265),(422,27,277,256),(423,28,310,286),(424,28,311,279),(425,28,312,293),(426,28,313,271),(427,28,314,294),(428,28,315,291),(429,28,316,292),(430,28,317,278),(431,28,318,280),(432,28,319,281),(433,28,320,282),(434,28,321,284),(435,28,322,290),(436,28,323,285),(437,28,324,283),(438,28,325,295),(439,28,326,296),(440,28,327,298),(441,28,328,297),(442,28,329,299),(443,28,330,272),(444,28,331,273),(445,28,332,274),(446,28,333,275),(447,28,334,276),(448,28,335,277),(449,28,336,288),(450,28,337,287),(451,28,338,289),(452,29,339,313),(453,29,340,314),(454,29,341,316),(455,29,342,315),(456,29,343,319),(457,29,344,320),(458,29,345,330),(459,29,346,331),(460,29,347,304),(461,29,348,305),(462,29,349,309),(463,29,350,310),(464,29,351,312),(465,29,352,311),(466,29,353,321),(467,29,354,322),(468,29,355,323),(469,29,356,306),(470,29,357,308),(471,29,358,307),(472,29,359,301),(473,29,360,302),(474,29,361,303),(475,29,362,324),(476,29,363,328),(477,29,364,325),(478,29,365,329),(479,29,366,327),(480,29,367,326),(481,30,172,490),(482,30,173,491),(483,30,174,492),(484,30,175,493),(485,30,176,494),(486,30,177,495),(487,30,178,496),(488,30,179,497),(489,30,180,498),(490,30,181,499),(491,30,182,500),(492,30,183,501),(493,30,184,502),(494,30,185,503),(495,30,186,504),(496,30,187,505),(497,30,188,506),(498,30,189,507),(499,30,190,508),(500,30,191,509),(501,30,192,510),(502,30,193,511),(503,30,194,512),(504,30,195,513),(505,30,196,514),(506,31,197,546),(507,31,198,557),(508,31,199,571),(509,31,200,552),(510,31,201,553),(511,31,202,554),(512,31,203,555),(513,31,204,549),(514,31,205,572),(515,31,206,562),(516,31,207,563),(517,31,208,573),(518,31,209,566),(519,31,210,567),(520,31,211,568),(521,31,212,570),(522,31,213,551),(523,31,214,574),(524,31,215,556),(525,31,216,545),(526,31,217,575),(527,31,218,559),(528,31,219,560),(529,32,220,521),(530,32,221,519),(531,32,222,528),(532,32,223,529),(533,32,224,530),(534,32,225,535),(535,32,226,536),(536,32,227,537),(537,32,228,518),(538,32,229,539),(539,32,230,540),(540,32,231,522),(541,32,232,523),(542,32,233,524),(543,32,234,516),(544,32,235,538),(545,32,236,543),(546,32,237,517),(547,32,238,527),(548,32,239,533),(549,32,240,534),(550,32,241,525),(551,32,242,526),(552,32,243,541),(553,32,244,531),(554,32,245,542),(555,33,1,340),(556,33,2,349),(557,33,3,341),(558,33,4,342),(559,33,5,350),(560,33,6,343),(561,33,7,344),(562,33,8,351),(563,33,9,345),(564,33,10,352),(565,33,11,346),(566,33,12,353),(567,33,13,347),(568,33,14,348),(569,33,15,354),(570,34,16,442),(571,34,17,443),(572,34,18,454),(573,34,19,444),(574,34,20,445),(575,34,21,446),(576,34,22,447),(577,34,23,455),(578,34,24,448),(579,34,25,456),(580,34,26,449),(581,34,27,450),(582,34,28,451),(583,34,29,452),(584,34,30,453),(585,35,31,389),(586,35,32,390),(587,35,33,402),(588,35,34,391),(589,35,35,392),(590,35,36,403),(591,35,37,393),(592,35,38,394),(593,35,39,395),(594,35,40,396),(595,35,41,397),(596,35,42,398),(597,35,43,404),(598,35,44,399),(599,35,45,400),(600,35,46,401),(601,36,47,424),(602,36,48,425),(603,36,49,428),(604,36,50,429),(605,36,51,430),(606,36,52,431),(607,36,53,437),(608,36,54,432),(609,36,55,426),(610,36,56,433),(611,36,57,434),(612,36,58,438),(613,36,59,439),(614,36,60,427),(615,36,61,435),(616,36,62,440),(617,36,63,436),(618,37,64,371),(619,37,65,372),(620,37,66,384),(621,37,67,373),(622,37,68,374),(623,37,69,375),(624,37,70,376),(625,37,71,377),(626,37,72,378),(627,37,73,379),(628,37,74,385),(629,37,75,380),(630,37,76,381),(631,37,77,386),(632,37,78,387),(633,37,79,382),(634,37,80,383),(635,38,81,406),(636,38,82,407),(637,38,83,408),(638,38,84,418),(639,38,85,409),(640,38,86,419),(641,38,87,410),(642,38,88,411),(643,38,89,412),(644,38,90,420),(645,38,91,421),(646,38,92,413),(647,38,93,414),(648,38,94,415),(649,38,95,422),(650,38,96,416),(651,38,97,417),(652,39,577,458),(653,39,578,459),(654,39,579,463),(655,39,580,464),(656,39,581,465),(657,39,582,466),(658,39,583,460),(659,39,584,461),(660,39,585,467),(661,39,586,468),(662,39,587,469),(663,39,588,470),(664,39,589,462),(665,39,590,471),(666,40,591,356),(667,40,592,357),(668,40,593,361),(669,40,594,362),(670,40,595,358),(671,40,596,363),(672,40,597,359),(673,40,598,364),(674,40,599,365),(675,40,600,366),(676,40,601,367),(677,40,602,368),(678,40,603,360),(679,40,604,369),(680,41,605,473),(681,41,606,474),(682,41,607,479),(683,41,608,480),(684,41,609,481),(685,41,610,475),(686,41,611,476),(687,41,612,482),(688,41,613,483),(689,41,614,477),(690,41,615,484),(691,41,616,478),(692,41,617,485),(693,41,618,486),(694,42,152,590),(695,42,153,591),(696,42,154,592),(697,42,155,593),(698,42,156,594),(699,42,157,595),(700,42,158,596),(701,42,159,597),(702,42,160,598),(703,42,161,599),(704,42,162,600),(705,42,163,601),(706,42,164,602),(707,42,165,603),(708,42,166,604),(709,42,167,605),(710,42,168,606),(711,42,169,607),(712,42,170,608),(713,42,171,609),(714,43,133,611),(715,43,134,612),(716,43,135,613),(717,43,136,614),(718,43,137,628),(719,43,138,615),(720,43,139,616),(721,43,140,617),(722,43,141,618),(723,43,142,619),(724,43,143,629),(725,43,144,620),(726,43,145,621),(727,43,146,622),(728,43,147,623),(729,43,148,624),(730,43,149,625),(731,43,150,626),(732,43,151,627),(733,44,502,718),(734,44,503,720),(735,44,504,714),(736,44,505,704),(737,44,506,705),(738,44,507,706),(739,44,508,707),(740,44,509,708),(741,44,510,709),(742,44,511,711),(743,44,512,712),(744,44,513,710),(745,44,514,719),(746,44,515,715),(747,44,516,716),(748,44,517,717),(749,45,534,662),(750,45,535,671),(751,45,536,672),(752,45,537,673),(753,45,538,674),(754,45,539,663),(755,45,540,664),(756,45,541,665),(757,45,542,657),(758,45,543,666),(759,45,544,667),(760,45,545,668),(761,45,546,658),(762,45,547,659),(763,45,548,675),(764,45,549,669),(765,45,550,660),(766,45,551,661),(767,45,552,670),(768,46,553,681),(769,46,554,682),(770,46,555,695),(771,46,556,696),(772,46,557,698),(773,46,558,697),(774,46,559,686),(775,46,560,687),(776,46,561,689),(777,46,562,688),(778,46,563,677),(779,46,564,678),(780,46,565,680),(781,46,566,679),(782,46,567,691),(783,46,568,690),(784,46,569,683),(785,46,570,684),(786,46,571,685),(787,46,572,699),(788,46,573,700),(789,46,574,692),(790,46,575,693),(791,46,576,694),(792,47,31,389),(793,47,32,390),(794,47,33,402),(795,47,34,391),(796,47,35,392),(797,47,36,403),(798,47,37,393),(799,47,38,394),(800,47,39,395),(801,47,40,396),(802,47,41,397),(803,47,42,398),(804,47,43,404),(805,47,44,399),(806,47,45,400),(807,47,46,401),(808,48,47,424),(809,48,48,425),(810,48,49,428),(811,48,50,429),(812,48,51,430),(813,48,52,431),(814,48,53,437),(815,48,54,432),(816,48,55,426),(817,48,56,433),(818,48,57,434),(819,48,58,438),(820,48,59,439),(821,48,60,427),(822,48,61,435),(823,48,62,440),(824,48,63,436),(825,49,64,371),(826,49,65,372),(827,49,66,384),(828,49,67,373),(829,49,68,374),(830,49,69,375),(831,49,70,376),(832,49,71,377),(833,49,72,378),(834,49,73,379),(835,49,74,385),(836,49,75,380),(837,49,76,381),(838,49,77,386),(839,49,78,387),(840,49,79,382),(841,49,80,383),(842,50,81,406),(843,50,82,407),(844,50,83,408),(845,50,84,418),(846,50,85,409),(847,50,86,419),(848,50,87,410),(849,50,88,411),(850,50,89,412),(851,50,90,420),(852,50,91,421),(853,50,92,413),(854,50,93,414),(855,50,94,415),(856,50,95,422),(857,50,96,416),(858,50,97,417),(859,51,1,737),(860,51,2,738),(861,51,3,739),(862,51,4,740),(863,51,5,741),(864,51,6,748),(865,51,7,742),(866,51,8,743),(867,51,9,744),(868,51,10,745),(869,51,11,746),(870,51,12,747),(871,51,13,749),(872,51,14,750),(873,51,15,751),(874,52,16,755),(875,52,17,753),(876,52,18,758),(877,52,19,754),(878,52,20,759),(879,52,21,765),(880,52,22,760),(881,52,23,761),(882,52,24,762),(883,52,25,763),(884,52,26,756),(885,52,27,757),(886,52,28,766),(887,52,29,764),(888,52,30,767),(889,53,47,769),(890,53,48,770),(891,53,49,779),(892,53,50,771),(893,53,51,780),(894,53,52,772),(895,53,53,781),(896,53,54,773),(897,53,55,774),(898,53,56,775),(899,53,57,776),(900,53,58,777),(901,53,59,778),(902,53,60,782),(903,53,61,783),(904,53,62,784),(905,53,63,785),(906,54,47,797),(907,54,48,798),(908,54,49,787),(909,54,50,799),(910,54,51,788),(911,54,52,789),(912,54,53,790),(913,54,54,791),(914,54,55,792),(915,54,56,800),(916,54,57,801),(917,54,58,793),(918,54,59,794),(919,54,60,795),(920,54,61,796),(921,54,62,802),(922,54,63,803),(923,55,64,805),(924,55,65,818),(925,55,66,806),(926,55,67,807),(927,55,68,819),(928,55,69,808),(929,55,70,809),(930,55,71,810),(931,55,72,811),(932,55,73,812),(933,55,74,813),(934,55,75,820),(935,55,76,814),(936,55,77,815),(937,55,78,821),(938,55,79,816),(939,55,80,817),(940,56,81,833),(941,56,82,823),(942,56,83,824),(943,56,84,825),(944,56,85,826),(945,56,86,827),(946,56,87,828),(947,56,88,834),(948,56,89,835),(949,56,90,829),(950,56,91,836),(951,56,92,837),(952,56,93,830),(953,56,94,831),(954,56,95,832),(955,56,96,838),(956,56,97,839),(957,57,577,847),(958,57,578,848),(959,57,579,852),(960,57,580,853),(961,57,581,854),(962,57,582,849),(963,57,583,850),(964,57,584,855),(965,57,585,856),(966,57,586,857),(967,57,587,858),(968,57,588,859),(969,57,589,860),(970,57,590,851),(971,58,591,862),(972,58,592,863),(973,58,593,864),(974,58,594,868),(975,58,595,869),(976,58,596,870),(977,58,597,865),(978,58,598,871),(979,58,599,872),(980,58,600,873),(981,58,601,866),(982,58,602,874),(983,58,603,875),(984,58,604,867),(985,59,633,883),(986,59,634,877),(987,59,635,884),(988,59,636,885),(989,59,637,878),(990,59,638,886),(991,59,639,879),(992,59,640,887),(993,59,641,888),(994,59,642,880),(995,59,643,889),(996,59,644,881),(997,59,645,890),(998,59,646,882),(999,60,619,892),(1000,60,620,893),(1001,60,621,900),(1002,60,622,901),(1003,60,623,894),(1004,60,624,902),(1005,60,625,895),(1006,60,626,896),(1007,60,627,903),(1008,60,628,897),(1009,60,629,904),(1010,60,630,898),(1011,60,631,905),(1012,60,632,899),(1013,61,619,892),(1014,61,620,893),(1015,61,621,900),(1016,61,622,901),(1017,61,623,894),(1018,61,624,902),(1019,61,625,895),(1020,61,626,896),(1021,61,627,903),(1022,61,628,897),(1023,61,629,904),(1024,61,630,898),(1025,61,631,905),(1026,61,632,899),(1027,62,16,442),(1028,62,17,443),(1029,62,18,454),(1030,62,19,444),(1031,62,20,445),(1032,62,21,446),(1033,62,22,447),(1034,62,23,455),(1035,62,24,448),(1036,62,25,456),(1037,62,26,449),(1038,62,27,450),(1039,62,28,451),(1040,62,29,452),(1041,62,30,453),(1042,63,577,458),(1043,63,578,459),(1044,63,579,463),(1045,63,580,464),(1046,63,581,465),(1047,63,582,466),(1048,63,583,460),(1049,63,584,461),(1050,63,585,467),(1051,63,586,468),(1052,63,587,469),(1053,63,588,470),(1054,63,589,462),(1055,63,590,471),(1056,64,591,356),(1057,64,592,357),(1058,64,593,361),(1059,64,594,362),(1060,64,595,358),(1061,64,596,363),(1062,64,597,359),(1063,64,598,364),(1064,64,599,365),(1065,64,600,366),(1066,64,601,367),(1067,64,602,368),(1068,64,603,360),(1069,64,604,369),(1070,65,605,473),(1071,65,606,474),(1072,65,607,479),(1073,65,608,480),(1074,65,609,481),(1075,65,610,475),(1076,65,611,476),(1077,65,612,482),(1078,65,613,483),(1079,65,614,477),(1080,65,615,484),(1081,65,616,478),(1082,65,617,485),(1083,65,618,486),(1084,66,633,171),(1085,66,634,172),(1086,66,635,177),(1087,66,636,178),(1088,66,637,179),(1089,66,638,180),(1090,66,639,173),(1091,66,640,174),(1092,66,641,176),(1093,66,642,181),(1094,66,643,182),(1095,66,644,183),(1096,66,645,175),(1097,66,646,184),(1098,67,633,171),(1099,67,634,172),(1100,67,635,177),(1101,67,636,178),(1102,67,637,179),(1103,67,638,180),(1104,67,639,173),(1105,67,640,174),(1106,67,641,176),(1107,67,642,181),(1108,67,643,182),(1109,67,644,183),(1110,67,645,175),(1111,67,646,184),(1112,68,647,922),(1113,68,648,921),(1114,68,649,916),(1115,68,650,920),(1116,68,651,915),(1117,68,652,917),(1118,68,653,924),(1119,68,654,919),(1120,68,655,918),(1121,68,656,923),(1122,68,657,925),(1123,69,647,922),(1124,69,648,921),(1125,69,649,916),(1126,69,650,920),(1127,69,651,915),(1128,69,652,917),(1129,69,653,924),(1130,69,654,919),(1131,69,655,918),(1132,69,656,923),(1133,69,657,925),(1134,70,1,737),(1135,70,2,738),(1136,70,3,739),(1137,70,4,740),(1138,70,5,741),(1139,70,6,748),(1140,70,7,742),(1141,70,8,743),(1142,70,9,744),(1143,70,10,745),(1144,70,11,746),(1145,70,12,747),(1146,70,13,749),(1147,70,14,750),(1148,70,15,751),(1149,71,16,755),(1150,71,17,753),(1151,71,18,758),(1152,71,19,754),(1153,71,20,759),(1154,71,21,765),(1155,71,22,760),(1156,71,23,761),(1157,71,24,762),(1158,71,25,763),(1159,71,26,756),(1160,71,27,757),(1161,71,28,766),(1162,71,29,764),(1163,71,30,767),(1164,72,47,769),(1165,72,48,770),(1166,72,49,779),(1167,72,50,771),(1168,72,51,780),(1169,72,52,772),(1170,72,53,781),(1171,72,54,773),(1172,72,55,774),(1173,72,56,775),(1174,72,57,776),(1175,72,58,777),(1176,72,59,778),(1177,72,60,782),(1178,72,61,783),(1179,72,62,784),(1180,72,63,785),(1181,73,47,797),(1182,73,48,798),(1183,73,49,787),(1184,73,50,799),(1185,73,51,788),(1186,73,52,789),(1187,73,53,790),(1188,73,54,791),(1189,73,55,792),(1190,73,56,800),(1191,73,57,801),(1192,73,58,793),(1193,73,59,794),(1194,73,60,795),(1195,73,61,796),(1196,73,62,802),(1197,73,63,803),(1198,74,64,805),(1199,74,65,818),(1200,74,66,806),(1201,74,67,807),(1202,74,68,819),(1203,74,69,808),(1204,74,70,809),(1205,74,71,810),(1206,74,72,811),(1207,74,73,812),(1208,74,74,813),(1209,74,75,820),(1210,74,76,814),(1211,74,77,815),(1212,74,78,821),(1213,74,79,816),(1214,74,80,817),(1215,75,81,824),(1216,75,82,823),(1217,75,83,824),(1218,75,84,825),(1219,75,85,826),(1220,75,86,827),(1221,75,87,828),(1222,75,88,834),(1223,75,89,835),(1224,75,90,829),(1225,75,91,836),(1226,75,92,837),(1227,75,93,830),(1228,75,94,831),(1229,75,95,832),(1230,75,96,838),(1231,75,97,839),(1232,76,577,847),(1233,76,578,848),(1234,76,579,852),(1235,76,580,853),(1236,76,581,854),(1237,76,582,849),(1238,76,583,850),(1239,76,584,855),(1240,76,585,856),(1241,76,586,857),(1242,76,587,858),(1243,76,588,859),(1244,76,589,860),(1245,76,590,851),(1246,77,591,862),(1247,77,592,863),(1248,77,593,864),(1249,77,594,868),(1250,77,595,869),(1251,77,596,870),(1252,77,597,865),(1253,77,598,871),(1254,77,599,872),(1255,77,600,873),(1256,77,601,866),(1257,77,602,874),(1258,77,603,875),(1259,77,604,867),(1260,78,633,883),(1261,78,634,877),(1262,78,635,884),(1263,78,636,885),(1264,78,637,878),(1265,78,638,886),(1266,78,639,879),(1267,78,640,887),(1268,78,641,888),(1269,78,642,880),(1270,78,643,889),(1271,78,644,881),(1272,78,645,890),(1273,78,646,882),(1274,79,619,892),(1275,79,620,893),(1276,79,621,900),(1277,79,622,901),(1278,79,623,894),(1279,79,624,902),(1280,79,625,895),(1281,79,626,896),(1282,79,627,903),(1283,79,628,897),(1284,79,629,904),(1285,79,630,898),(1286,79,631,905),(1287,79,632,899),(1288,80,619,892),(1289,80,620,893),(1290,80,621,900),(1291,80,622,901),(1292,80,623,894),(1293,80,624,902),(1294,80,625,895),(1295,80,626,896),(1296,80,627,903),(1297,80,628,897),(1298,80,629,904),(1299,80,630,898),(1300,80,631,905),(1301,80,632,899),(1302,81,1,340),(1303,81,2,349),(1304,81,3,341),(1305,81,4,342),(1306,81,5,350),(1307,81,6,343),(1308,81,7,344),(1309,81,8,351),(1310,81,9,345),(1311,81,10,352),(1312,81,11,346),(1313,81,12,353),(1314,81,13,347),(1315,81,14,348),(1316,81,15,354),(1317,82,1,973),(1318,82,2,969),(1319,82,3,974),(1320,82,4,970),(1321,82,5,975),(1322,82,6,976),(1323,82,7,977),(1324,82,8,978),(1325,82,9,971),(1326,82,10,972),(1327,82,11,979),(1328,82,12,980),(1329,82,13,981),(1330,82,14,982),(1331,82,15,983),(1332,83,16,988),(1333,83,17,985),(1334,83,18,989),(1335,83,19,990),(1336,83,20,991),(1337,83,21,992),(1338,83,22,993),(1339,83,23,999),(1340,83,24,986),(1341,83,25,987),(1342,83,26,994),(1343,83,27,995),(1344,83,28,996),(1345,83,29,997),(1346,83,30,998),(1347,84,31,1002),(1348,84,32,1001),(1349,84,33,1015),(1350,84,34,1003),(1351,84,35,1004),(1352,84,36,1005),(1353,84,37,1006),(1354,84,38,1007),(1355,84,39,1008),(1356,84,40,1009),(1357,84,41,1010),(1358,84,42,1011),(1359,84,43,1012),(1360,84,44,1013),(1361,84,45,1014),(1362,84,46,1016),(1363,85,47,1020),(1364,85,48,1018),(1365,85,49,1034),(1366,85,50,1019),(1367,85,51,1021),(1368,85,52,1022),(1369,85,53,1023),(1370,85,54,1024),(1371,85,55,1025),(1372,85,56,1026),(1373,85,57,1027),(1374,85,58,1028),(1375,85,59,1029),(1376,85,60,1030),(1377,85,61,1031),(1378,85,62,1032),(1379,85,63,1033),(1380,86,64,1036),(1381,86,65,1037),(1382,86,66,1038),(1383,86,67,1039),(1384,86,68,1040),(1385,86,69,1041),(1386,86,70,1042),(1387,86,71,1043),(1388,86,72,1044),(1389,86,73,1045),(1390,86,74,1046),(1391,86,75,1047),(1392,86,76,1048),(1393,86,77,1049),(1394,86,78,1050),(1395,86,79,1051),(1396,86,80,1052),(1397,87,81,1057),(1398,87,82,1054),(1399,87,83,1058),(1400,87,84,1055),(1401,87,85,1059),(1402,87,86,1060),(1403,87,87,1061),(1404,87,88,1062),(1405,87,89,1056),(1406,87,90,1063),(1407,87,91,1064),(1408,87,92,1065),(1409,87,93,1066),(1410,87,94,1067),(1411,87,95,1068),(1412,87,96,1069),(1413,87,97,1070),(1414,88,577,1073),(1415,88,578,1072),(1416,88,579,1074),(1417,88,580,1085),(1418,88,581,1075),(1419,88,582,1076),(1420,88,583,1077),(1421,88,584,1078),(1422,88,585,1079),(1423,88,586,1080),(1424,88,587,1081),(1425,88,588,1082),(1426,88,589,1083),(1427,88,590,1084),(1428,89,591,1088),(1429,89,592,1087),(1430,89,593,1089),(1431,89,594,1090),(1432,89,595,1091),(1433,89,596,1092),(1434,89,597,1093),(1435,89,598,1094),(1436,89,599,1095),(1437,89,600,1096),(1438,89,601,1097),(1439,89,602,1098),(1440,89,603,1099),(1441,89,604,1100),(1442,90,605,1115),(1443,90,606,1113),(1444,90,607,1116),(1445,90,608,1117),(1446,90,609,1118),(1447,90,610,1119),(1448,90,611,1120),(1449,90,612,1121),(1450,90,613,1122),(1451,90,614,1123),(1452,90,615,1124),(1453,90,616,1125),(1454,90,617,1114),(1455,90,618,1126),(1456,91,633,967),(1457,91,634,966),(1458,91,635,965),(1459,91,636,964),(1460,91,637,962),(1461,91,638,961),(1462,91,639,959),(1463,91,640,960),(1464,91,641,963),(1465,91,642,957),(1466,91,643,956),(1467,91,644,958),(1468,91,645,955),(1469,91,646,954),(1470,92,633,967),(1471,92,634,966),(1472,92,635,965),(1473,92,636,964),(1474,92,637,962),(1475,92,638,961),(1476,92,639,959),(1477,92,640,960),(1478,92,641,963),(1479,92,642,957),(1480,92,643,956),(1481,92,644,958),(1482,92,645,955),(1483,92,646,954),(1484,93,658,1134),(1485,93,659,1132),(1486,93,660,1129),(1487,93,661,1137),(1488,93,662,1130),(1489,93,663,1135),(1490,93,664,1128),(1491,93,665,1136),(1492,93,666,1133),(1493,93,667,1131),(1494,94,658,1134),(1495,94,659,1132),(1496,94,660,1129),(1497,94,661,1137),(1498,94,662,1130),(1499,94,663,1135),(1500,94,664,1128),(1501,94,665,1136),(1502,94,666,1133),(1503,94,667,1131),(1504,95,633,1142),(1505,95,634,1143),(1506,95,635,1146),(1507,95,636,1144),(1508,95,637,1147),(1509,95,638,1148),(1510,95,639,1145),(1511,95,640,1149),(1512,95,641,1150),(1513,95,642,1151),(1514,95,643,1152),(1515,95,644,1153),(1516,95,645,1154),(1517,95,646,1155),(1518,96,633,1142),(1519,96,634,1143),(1520,96,635,1146),(1521,96,636,1144),(1522,96,637,1147),(1523,96,638,1148),(1524,96,639,1145),(1525,96,640,1149),(1526,96,641,1150),(1527,96,642,1151),(1528,96,643,1152),(1529,96,644,1153),(1530,96,645,1154),(1531,96,646,1155),(1532,97,647,922),(1533,97,648,921),(1534,97,649,916),(1535,97,650,920),(1536,97,651,915),(1537,97,652,917),(1538,97,653,924),(1539,97,654,919),(1540,97,655,918),(1541,97,656,923),(1542,97,657,925),(1543,98,647,922),(1544,98,648,921),(1545,98,649,916),(1546,98,650,920),(1547,98,651,915),(1548,98,652,917),(1549,98,653,924),(1550,98,654,919),(1551,98,655,918),(1552,98,656,923),(1553,98,657,925),(1554,99,1,973),(1555,99,2,969),(1556,99,3,974),(1557,99,4,970),(1558,99,5,975),(1559,99,6,976),(1560,99,7,977),(1561,99,8,978),(1562,99,9,971),(1563,99,10,972),(1564,99,11,979),(1565,99,12,980),(1566,99,13,981),(1567,99,14,982),(1568,99,15,983),(1569,100,16,988),(1570,100,17,985),(1571,100,18,989),(1572,100,19,990),(1573,100,20,991),(1574,100,21,992),(1575,100,22,993),(1576,100,23,999),(1577,100,24,986),(1578,100,25,987),(1579,100,26,994),(1580,100,27,995),(1581,100,28,996),(1582,100,29,997),(1583,100,30,998),(1584,101,31,1002),(1585,101,32,1001),(1586,101,33,1015),(1587,101,34,1003),(1588,101,35,1004),(1589,101,36,1005),(1590,101,37,1006),(1591,101,38,1007),(1592,101,39,1008),(1593,101,40,1009),(1594,101,41,1010),(1595,101,42,1011),(1596,101,43,1012),(1597,101,44,1013),(1598,101,45,1014),(1599,101,46,1016),(1600,102,47,1020),(1601,102,48,1018),(1602,102,49,1034),(1603,102,50,1019),(1604,102,51,1021),(1605,102,52,1022),(1606,102,53,1023),(1607,102,54,1024),(1608,102,55,1025),(1609,102,56,1026),(1610,102,57,1027),(1611,102,58,1028),(1612,102,59,1029),(1613,102,60,1030),(1614,102,61,1031),(1615,102,62,1032),(1616,102,63,1033),(1617,103,64,1036),(1618,103,65,1037),(1619,103,66,1038),(1620,103,67,1039),(1621,103,68,1040),(1622,103,69,1041),(1623,103,70,1042),(1624,103,71,1043),(1625,103,72,1044),(1626,103,73,1045),(1627,103,74,1046),(1628,103,75,1047),(1629,103,76,1048),(1630,103,77,1049),(1631,103,78,1050),(1632,103,79,1051),(1633,103,80,1052),(1634,104,81,1057),(1635,104,82,1054),(1636,104,83,1058),(1637,104,84,1055),(1638,104,85,1059),(1639,104,86,1060),(1640,104,87,1061),(1641,104,88,1062),(1642,104,89,1056),(1643,104,90,1063),(1644,104,91,1064),(1645,104,92,1065),(1646,104,93,1066),(1647,104,94,1067),(1648,104,95,1068),(1649,104,96,1069),(1650,104,97,1070),(1651,105,577,1073),(1652,105,578,1072),(1653,105,579,1074),(1654,105,580,1085),(1655,105,581,1075),(1656,105,582,1076),(1657,105,583,1077),(1658,105,584,1078),(1659,105,585,1079),(1660,105,586,1080),(1661,105,587,1081),(1662,105,588,1082),(1663,105,589,1083),(1664,105,590,1084),(1665,106,591,1088),(1666,106,592,1087),(1667,106,593,1089),(1668,106,594,1090),(1669,106,595,1091),(1670,106,596,1092),(1671,106,597,1093),(1672,106,598,1094),(1673,106,599,1095),(1674,106,600,1096),(1675,106,601,1097),(1676,106,602,1098),(1677,106,603,1099),(1678,106,604,1100),(1679,107,605,1115),(1680,107,606,1113),(1681,107,607,1116),(1682,107,608,1117),(1683,107,609,1118),(1684,107,610,1119),(1685,107,611,1120),(1686,107,612,1121),(1687,107,613,1122),(1688,107,614,1123),(1689,107,615,1124),(1690,107,616,1125),(1691,107,617,1114),(1692,107,618,1126),(1693,108,633,1142),(1694,108,634,1143),(1695,108,635,1146),(1696,108,636,1144),(1697,108,637,1147),(1698,108,638,1148),(1699,108,639,1145),(1700,108,640,1149),(1701,108,641,1150),(1702,108,642,1151),(1703,108,643,1152),(1704,108,644,1153),(1705,108,645,1154),(1706,108,646,1155),(1707,109,633,1142),(1708,109,634,1143),(1709,109,635,1146),(1710,109,636,1144),(1711,109,637,1147),(1712,109,638,1148),(1713,109,639,1145),(1714,109,640,1149),(1715,109,641,1150),(1716,109,642,1151),(1717,109,643,1152),(1718,109,644,1153),(1719,109,645,1154),(1720,109,646,1155),(1721,110,668,1172),(1722,110,669,1173),(1723,110,670,1174),(1724,110,671,1175),(1725,110,672,1176),(1726,110,673,1177),(1727,110,674,1180),(1728,110,675,1178),(1729,110,676,1179),(1730,110,677,1181),(1731,110,678,1182),(1732,110,679,1183),(1733,111,668,1172),(1734,111,669,1173),(1735,111,670,1174),(1736,111,671,1175),(1737,111,672,1176),(1738,111,673,1177),(1739,111,674,1180),(1740,111,675,1178),(1741,111,676,1179),(1742,111,677,1181),(1743,111,678,1182),(1744,111,679,1183),(1745,112,1,1201),(1746,112,2,1189),(1747,112,3,1190),(1748,112,4,1191),(1749,112,5,1192),(1750,112,6,1193),(1751,112,7,1202),(1752,112,8,1194),(1753,112,9,1195),(1754,112,10,1196),(1755,112,11,1188),(1756,112,12,1197),(1757,112,13,1198),(1758,112,14,1199),(1759,112,15,1200),(1760,113,16,1205),(1761,113,17,1204),(1762,113,18,1206),(1763,113,19,1207),(1764,113,20,1208),(1765,113,21,1209),(1766,113,22,1217),(1767,113,23,1218),(1768,113,24,1210),(1769,113,25,1216),(1770,113,26,1211),(1771,113,27,1212),(1772,113,28,1213),(1773,113,29,1214),(1774,113,30,1215),(1775,114,31,1220),(1776,114,32,1224),(1777,114,33,1225),(1778,114,34,1226),(1779,114,35,1221),(1780,114,36,1227),(1781,114,37,1228),(1782,114,38,1222),(1783,114,39,1229),(1784,114,40,1230),(1785,114,41,1223),(1786,114,42,1231),(1787,114,43,1232),(1788,114,44,1233),(1789,114,45,1234),(1790,114,46,1235),(1791,115,47,1237),(1792,115,48,1238),(1793,115,49,1241),(1794,115,50,1242),(1795,115,51,1243),(1796,115,52,1244),(1797,115,53,1245),(1798,115,54,1239),(1799,115,55,1246),(1800,115,56,1247),(1801,115,57,1248),(1802,115,58,1240),(1803,115,59,1249),(1804,115,60,1250),(1805,115,61,1251),(1806,115,62,1252),(1807,115,63,1253),(1808,116,64,1255),(1809,116,65,1256),(1810,116,66,1257),(1811,116,67,1258),(1812,116,68,1259),(1813,116,69,1260),(1814,116,70,1261),(1815,116,71,1262),(1816,116,72,1270),(1817,116,73,1263),(1818,116,74,1264),(1819,116,75,1265),(1820,116,76,1266),(1821,116,77,1271),(1822,116,78,1267),(1823,116,79,1268),(1824,116,80,1269),(1825,117,81,1273),(1826,117,82,1274),(1827,117,83,1277),(1828,117,84,1275),(1829,117,85,1278),(1830,117,86,1279),(1831,117,87,1288),(1832,117,88,1280),(1833,117,89,1281),(1834,117,90,1276),(1835,117,91,1282),(1836,117,92,1283),(1837,117,93,1284),(1838,117,94,1285),(1839,117,95,1289),(1840,117,96,1286),(1841,117,97,1287),(1842,118,577,1291),(1843,118,578,1292),(1844,118,579,1295),(1845,118,580,1296),(1846,118,581,1297),(1847,118,582,1298),(1848,118,583,1293),(1849,118,584,1299),(1850,118,585,1294),(1851,118,586,1300),(1852,118,587,1301),(1853,118,588,1302),(1854,118,589,1303),(1855,118,590,1304),(1856,119,591,1306),(1857,119,592,1307),(1858,119,593,1312),(1859,119,594,1313),(1860,119,595,1314),(1861,119,596,1315),(1862,119,597,1308),(1863,119,598,1316),(1864,119,599,1317),(1865,119,600,1318),(1866,119,601,1319),(1867,119,602,1309),(1868,119,603,1310),(1869,119,604,1311),(1870,120,577,1321),(1871,120,578,1322),(1872,120,579,1326),(1873,120,580,1327),(1874,120,581,1328),(1875,120,582,1329),(1876,120,583,1323),(1877,120,584,1324),(1878,120,585,1330),(1879,120,586,1331),(1880,120,587,1332),(1881,120,588,1333),(1882,120,589,1325),(1883,120,590,1334),(1884,121,619,1351),(1885,121,620,1352),(1886,121,621,1353),(1887,121,622,1359),(1888,121,623,1354),(1889,121,624,1360),(1890,121,625,1355),(1891,121,626,1361),(1892,121,627,1362),(1893,121,628,1356),(1894,121,629,1363),(1895,121,630,1357),(1896,121,631,1364),(1897,121,632,1358),(1898,122,658,1134),(1899,122,659,1132),(1900,122,660,1129),(1901,122,661,1137),(1902,122,662,1130),(1903,122,663,1135),(1904,122,664,1128),(1905,122,665,1136),(1906,122,666,1133),(1907,122,667,1131),(1908,123,658,1134),(1909,123,659,1132),(1910,123,660,1129),(1911,123,661,1137),(1912,123,662,1130),(1913,123,663,1135),(1914,123,664,1128),(1915,123,665,1136),(1916,123,666,1133),(1917,123,667,1131),(1918,124,680,1384),(1919,124,681,1381),(1920,124,682,1389),(1921,124,683,1386),(1922,124,684,1382),(1923,124,685,1383),(1924,124,686,1388),(1925,124,687,1379),(1926,124,688,1380),(1927,124,689,1387),(1928,124,690,1385),(1929,124,691,1390),(1930,125,680,1384),(1931,125,681,1381),(1932,125,682,1389),(1933,125,683,1386),(1934,125,684,1382),(1935,125,685,1383),(1936,125,686,1388),(1937,125,687,1379),(1938,125,688,1380),(1939,125,689,1387),(1940,125,690,1385),(1941,125,691,1390),(1942,126,680,1384),(1943,126,681,1381),(1944,126,682,1389),(1945,126,683,1386),(1946,126,684,1382),(1947,126,685,1383),(1948,126,686,1388),(1949,126,687,1379),(1950,126,688,1380),(1951,126,689,1387),(1952,126,690,1385),(1953,126,691,1390),(1954,127,680,1384),(1955,127,681,1381),(1956,127,682,1389),(1957,127,683,1386),(1958,127,684,1382),(1959,127,685,1383),(1960,127,686,1388),(1961,127,687,1379),(1962,127,688,1380),(1963,127,689,1387),(1964,127,690,1385),(1965,127,691,1390),(1966,128,668,1172),(1967,128,669,1173),(1968,128,670,1174),(1969,128,671,1175),(1970,128,672,1176),(1971,128,673,1177),(1972,128,674,1180),(1973,128,675,1178),(1974,128,676,1179),(1975,128,677,1176),(1976,128,678,1182),(1977,128,679,1183),(1978,129,668,1172),(1979,129,669,1173),(1980,129,670,1174),(1981,129,671,1175),(1982,129,672,1176),(1983,129,673,1177),(1984,129,674,1180),(1985,129,675,1178),(1986,129,676,1179),(1987,129,677,1181),(1988,129,678,1182),(1989,129,679,1183),(1990,130,692,1421),(1991,130,693,1422),(1992,130,694,1409),(1993,130,695,1410),(1994,130,696,1414),(1995,130,697,1413),(1996,130,698,1412),(1997,130,699,1411),(1998,130,700,1415),(1999,130,701,1416),(2000,130,702,1417),(2001,130,703,1420),(2002,130,704,1419),(2003,130,705,1418),(2004,131,692,1421),(2005,131,693,1422),(2006,131,694,1409),(2007,131,695,1410),(2008,131,696,1414),(2009,131,697,1413),(2010,131,698,1412),(2011,131,699,1411),(2012,131,700,1415),(2013,131,701,1416),(2014,131,702,1417),(2015,131,703,1420),(2016,131,704,1419),(2017,131,705,1418),(2018,132,706,1397),(2019,132,707,1399),(2020,132,708,1398),(2021,132,709,1402),(2022,132,710,1403),(2023,132,711,1404),(2024,132,712,1405),(2025,132,713,1406),(2026,132,714,1400),(2027,132,715,1401),(2028,132,716,1407),(2029,133,706,1397),(2030,133,707,1399),(2031,133,708,1398),(2032,133,709,1402),(2033,133,710,1403),(2034,133,711,1404),(2035,133,712,1405),(2036,133,713,1406),(2037,133,714,1400),(2038,133,715,1401),(2039,133,716,1407),(2040,134,1,1201),(2041,134,2,1189),(2042,134,3,1190),(2043,134,4,1191),(2044,134,5,1192),(2045,134,6,1193),(2046,134,7,1202),(2047,134,8,1194),(2048,134,9,1195),(2049,134,10,1196),(2050,134,11,1188),(2051,134,12,1197),(2052,134,13,1198),(2053,134,14,1199),(2054,134,15,1200),(2055,135,16,1205),(2056,135,17,1204),(2057,135,18,1206),(2058,135,19,1207),(2059,135,20,1208),(2060,135,21,1209),(2061,135,22,1217),(2062,135,23,1218),(2063,135,24,1210),(2064,135,25,1216),(2065,135,26,1211),(2066,135,27,1212),(2067,135,28,1213),(2068,135,29,1214),(2069,135,30,1215),(2070,136,31,1220),(2071,136,32,1224),(2072,136,33,1225),(2073,136,34,1226),(2074,136,35,1221),(2075,136,36,1227),(2076,136,37,1228),(2077,136,38,1222),(2078,136,39,1229),(2079,136,40,1230),(2080,136,41,1223),(2081,136,42,1231),(2082,136,43,1232),(2083,136,44,1233),(2084,136,45,1234),(2085,136,46,1235),(2086,137,47,1237),(2087,137,48,1238),(2088,137,49,1241),(2089,137,50,1242),(2090,137,51,1243),(2091,137,52,1244),(2092,137,53,1245),(2093,137,54,1239),(2094,137,55,1246),(2095,137,56,1247),(2096,137,57,1248),(2097,137,58,1240),(2098,137,59,1249),(2099,137,60,1250),(2100,137,61,1251),(2101,137,62,1252),(2102,137,63,1253),(2103,138,64,1255),(2104,138,65,1256),(2105,138,66,1257),(2106,138,67,1258),(2107,138,68,1259),(2108,138,69,1260),(2109,138,70,1261),(2110,138,71,1262),(2111,138,72,1270),(2112,138,73,1263),(2113,138,74,1264),(2114,138,75,1265),(2115,138,76,1266),(2116,138,77,1271),(2117,138,78,1267),(2118,138,79,1268),(2119,138,80,1269),(2120,139,81,1273),(2121,139,82,1274),(2122,139,83,1277),(2123,139,84,1275),(2124,139,85,1278),(2125,139,86,1279),(2126,139,87,1288),(2127,139,88,1280),(2128,139,89,1281),(2129,139,90,1276),(2130,139,91,1282),(2131,139,92,1283),(2132,139,93,1284),(2133,139,94,1285),(2134,139,95,1289),(2135,139,96,1286),(2136,139,97,1287),(2137,140,577,1291),(2138,140,578,1292),(2139,140,579,1295),(2140,140,580,1296),(2141,140,581,1297),(2142,140,582,1298),(2143,140,583,1293),(2144,140,584,1299),(2145,140,585,1294),(2146,140,586,1300),(2147,140,587,1301),(2148,140,588,1302),(2149,140,589,1303),(2150,140,590,1304),(2151,141,591,1306),(2152,141,592,1307),(2153,141,593,1312),(2154,141,594,1313),(2155,141,595,1314),(2156,141,596,1315),(2157,141,597,1308),(2158,141,598,1316),(2159,141,599,1317),(2160,141,600,1318),(2161,141,601,1319),(2162,141,602,1309),(2163,141,603,1310),(2164,141,604,1311),(2165,142,577,1321),(2166,142,578,1322),(2167,142,579,1326),(2168,142,580,1327),(2169,142,581,1328),(2170,142,582,1329),(2171,142,583,1323),(2172,142,584,1324),(2173,142,585,1330),(2174,142,586,1331),(2175,142,587,1332),(2176,142,588,1333),(2177,142,589,1325),(2178,142,590,1334),(2179,143,633,967),(2180,143,634,966),(2181,143,635,965),(2182,143,636,964),(2183,143,637,962),(2184,143,638,961),(2185,143,639,959),(2186,143,640,960),(2187,143,641,963),(2188,143,642,957),(2189,143,643,956),(2190,143,644,958),(2191,143,645,955),(2192,143,646,954),(2193,144,717,1447),(2194,144,718,1443),(2195,144,719,1444),(2196,144,720,1440),(2197,144,721,1445),(2198,144,722,1442),(2199,144,723,1441),(2200,144,724,1439),(2201,144,725,1446),(2202,145,717,1447),(2203,145,718,1443),(2204,145,719,1444),(2205,145,720,1440),(2206,145,721,1445),(2207,145,722,1442),(2208,145,723,1441),(2209,145,724,1439),(2210,145,725,1446),(2211,146,1,1452),(2212,146,2,1453),(2213,146,3,1457),(2214,146,4,1458),(2215,146,5,1459),(2216,146,6,1460),(2217,146,8,1466),(2218,146,9,1454),(2219,146,10,1455),(2220,146,11,1461),(2221,146,13,1456),(2222,146,14,1463),(2223,147,16,1471),(2224,147,17,1468),(2225,147,18,1472),(2226,147,19,1473),(2227,147,20,1474),(2228,147,21,1475),(2229,147,23,1476),(2230,147,24,1477),(2231,147,25,1478),(2232,147,26,1479),(2233,147,28,1470),(2234,147,29,1481),(2235,148,31,1487),(2236,148,32,1484),(2237,148,33,1488),(2238,148,34,1487),(2239,148,35,1489),(2240,148,36,1490),(2241,148,37,1497),(2242,148,39,1498),(2243,148,40,1485),(2244,148,41,1486),(2245,148,42,1492),(2246,148,44,1494),(2247,148,45,1495),(2248,149,591,1570),(2249,149,592,1571),(2250,149,593,1572),(2251,149,594,1573),(2252,149,596,1575),(2253,149,597,1576),(2254,149,598,1577),(2255,149,600,1579),(2256,149,602,1581),(2257,149,603,1582),(2258,149,604,1583),(2259,150,605,1588),(2260,150,606,1589),(2261,150,607,1590),(2262,150,608,1591),(2263,150,610,1593),(2264,150,611,1594),(2265,150,612,1595),(2266,150,614,1597),(2267,150,616,1599),(2268,150,617,1600),(2269,150,618,1601),(2270,151,577,1557),(2271,151,578,1558),(2272,151,579,1559),(2273,151,580,1555),(2274,151,582,1561),(2275,151,583,1562),(2276,151,584,1563),(2277,151,586,1565),(2278,151,588,1567),(2279,151,589,1556),(2280,151,590,1568),(2281,152,717,1444),(2282,152,718,1443),(2283,152,719,1444),(2284,152,720,1440),(2285,152,721,1440),(2286,152,722,1442),(2287,152,723,1441),(2288,152,724,1439),(2289,152,725,1446),(2290,153,717,1447),(2291,153,718,1443),(2292,153,719,1444),(2293,153,720,1440),(2294,153,721,1445),(2295,153,722,1442),(2296,153,723,1441),(2297,153,724,1439),(2298,153,725,1446),(2299,154,633,1608),(2300,154,634,1609),(2301,154,635,1611),(2302,154,636,1612),(2303,154,638,1614),(2304,154,639,1615),(2305,154,640,1616),(2306,154,642,1618),(2307,154,644,1620),(2308,154,645,1621),(2309,154,646,1610),(2310,155,633,1608),(2311,155,634,1609),(2312,155,635,1611),(2313,155,636,1612),(2314,155,638,1614),(2315,155,639,1615),(2316,155,640,1616),(2317,155,642,1618),(2318,155,644,1620),(2319,155,645,1621),(2320,155,646,1610),(2321,156,81,1541),(2322,156,82,1539),(2323,156,83,1542),(2324,156,84,1542),(2325,156,85,1543),(2326,156,86,1544),(2327,156,87,1545),(2328,156,88,1546),(2329,156,90,1547),(2330,156,91,1548),(2331,156,92,1549),(2332,156,93,1550),(2333,156,95,1552),(2334,156,96,1552),(2335,157,64,1523),(2336,157,65,1521),(2337,157,66,1524),(2338,157,67,1523),(2339,157,68,1526),(2340,157,69,1527),(2341,157,70,1536),(2342,157,71,1528),(2343,157,73,1530),(2344,157,74,1531),(2345,157,75,1532),(2346,157,76,1537),(2347,157,78,1522),(2348,157,79,1534),(2349,158,47,1504),(2350,158,48,1505),(2351,158,49,1507),(2352,158,50,1504),(2353,158,51,1509),(2354,158,52,1510),(2355,158,53,1508),(2356,158,54,1511),(2357,158,56,1512),(2358,158,57,1513),(2359,158,58,1514),(2360,158,59,1515),(2361,158,61,1506),(2362,158,62,1517),(2363,159,1,1452),(2364,159,2,1453),(2365,159,3,1457),(2366,159,4,1458),(2367,159,5,1459),(2368,159,6,1460),(2369,159,8,1466),(2370,159,9,1454),(2371,159,10,1455),(2372,159,11,1461),(2373,159,13,1456),(2374,159,14,1463),(2375,160,16,1471),(2376,160,17,1468),(2377,160,18,1472),(2378,160,19,1473),(2379,160,20,1474),(2380,160,21,1475),(2381,160,23,1476),(2382,160,24,1477),(2383,160,25,1478),(2384,160,26,1479),(2385,160,28,1470),(2386,160,29,1481),(2387,161,31,1487),(2388,161,32,1484),(2389,161,33,1488),(2390,161,34,1487),(2391,161,35,1489),(2392,161,36,1490),(2393,161,37,1497),(2394,161,39,1498),(2395,161,40,1485),(2396,161,41,1486),(2397,161,42,1492),(2398,161,44,1494),(2399,161,45,1495),(2400,162,47,1504),(2401,162,48,1505),(2402,162,49,1507),(2403,162,50,1504),(2404,162,51,1509),(2405,162,52,1510),(2406,162,53,1508),(2407,162,54,1511),(2408,162,56,1512),(2409,162,57,1513),(2410,162,58,1514),(2411,162,59,1515),(2412,162,61,1506),(2413,162,62,1517),(2414,163,64,1523),(2415,163,65,1521),(2416,163,66,1524),(2417,163,67,1523),(2418,163,68,1526),(2419,163,69,1527),(2420,163,70,1536),(2421,163,71,1528),(2422,163,73,1530),(2423,163,74,1531),(2424,163,75,1532),(2425,163,76,1537),(2426,163,78,1522),(2427,163,79,1534),(2428,164,81,1541),(2429,164,82,1539),(2430,164,83,1542),(2431,164,84,1541),(2432,164,85,1543),(2433,164,86,1544),(2434,164,87,1545),(2435,164,88,1546),(2436,164,90,1547),(2437,164,91,1548),(2438,164,92,1549),(2439,164,93,1550),(2440,164,95,1552),(2441,164,96,1552),(2442,165,577,1557),(2443,165,578,1558),(2444,165,579,1559),(2445,165,580,1555),(2446,165,582,1561),(2447,165,583,1562),(2448,165,584,1563),(2449,165,586,1565),(2450,165,588,1567),(2451,165,589,1556),(2452,165,590,1568),(2453,166,591,1570),(2454,166,592,1571),(2455,166,593,1572),(2456,166,594,1573),(2457,166,596,1575),(2458,166,597,1576),(2459,166,598,1577),(2460,166,600,1579),(2461,166,602,1581),(2462,166,603,1582),(2463,166,604,1583),(2464,167,605,1588),(2465,167,606,1589),(2466,167,607,1590),(2467,167,608,1591),(2468,167,610,1593),(2469,167,611,1594),(2470,167,612,1595),(2471,167,614,1597),(2472,167,616,1599),(2473,167,617,1600),(2474,167,618,1601),(2475,168,633,1608),(2476,168,634,1609),(2477,168,635,1611),(2478,168,636,1612),(2479,168,638,1614),(2480,168,639,1615),(2481,168,640,1616),(2482,168,642,1618),(2483,168,644,1620),(2484,168,645,1621),(2485,168,646,1610),(2486,169,633,1608),(2487,169,634,1609),(2488,169,635,1611),(2489,169,636,1612),(2490,169,638,1614),(2491,169,639,1615),(2492,169,640,1616),(2493,169,642,1618),(2494,169,644,1620),(2495,169,645,1621),(2496,169,646,1610),(2497,170,1,1655),(2498,170,2,1656),(2499,170,3,1659),(2500,170,4,1660),(2501,170,5,1661),(2502,170,6,1662),(2503,170,7,1663),(2504,170,8,1664),(2505,170,9,1657),(2506,170,10,1658),(2507,170,11,1665),(2508,170,12,1666),(2509,170,13,1667),(2510,170,14,1668),(2511,170,15,1669),(2512,171,16,1675),(2513,171,17,1671),(2514,171,18,1676),(2515,171,19,1672),(2516,171,20,1677),(2517,171,21,1683),(2518,171,22,1678),(2519,171,23,1684),(2520,171,24,1673),(2521,171,25,1674),(2522,171,26,1679),(2523,171,27,1680),(2524,171,28,1681),(2525,171,29,1685),(2526,171,30,1682),(2527,172,31,1690),(2528,172,32,1687),(2529,172,33,1690),(2530,172,34,1691),(2531,172,35,1688),(2532,172,36,1692),(2533,172,37,1698),(2534,172,38,1693),(2535,172,39,1699),(2536,172,40,1688),(2537,172,41,1694),(2538,172,42,1695),(2539,172,43,1696),(2540,172,44,1689),(2541,172,45,1700),(2542,172,46,1697),(2543,173,47,1704),(2544,173,48,1702),(2545,173,49,1704),(2546,173,50,1705),(2547,173,51,1703),(2548,173,52,1707),(2549,173,53,1708),(2550,173,54,1703),(2551,173,55,1709),(2552,173,56,1710),(2553,173,57,1711),(2554,173,58,1712),(2555,173,59,1713),(2556,173,60,1714),(2557,173,61,1715),(2558,173,62,1716),(2559,173,63,1717),(2560,174,64,1737),(2561,174,65,1734),(2562,174,66,1738),(2563,174,67,1739),(2564,174,68,1740),(2565,174,69,1741),(2566,174,70,1742),(2567,174,71,1735),(2568,174,72,1743),(2569,174,73,1744),(2570,174,74,1745),(2571,174,75,1734),(2572,174,76,1746),(2573,174,77,1736),(2574,174,78,1747),(2575,174,79,1749),(2576,174,80,1748),(2577,175,81,1754),(2578,175,82,1755),(2579,175,83,1767),(2580,175,84,1765),(2581,175,85,1766),(2582,175,86,1756),(2583,175,87,1757),(2584,175,88,1751),(2585,175,89,1758),(2586,175,90,1759),(2587,175,91,1760),(2588,175,92,1761),(2589,175,93,1762),(2590,175,94,1752),(2591,175,95,1753),(2592,175,96,1763),(2593,175,97,1764),(2594,176,577,1721),(2595,176,578,1719),(2596,176,579,1722),(2597,176,580,1723),(2598,176,581,1724),(2599,176,582,1725),(2600,176,583,1726),(2601,176,584,1727),(2602,176,585,1728),(2603,176,586,1729),(2604,176,587,1730),(2605,176,588,1731),(2606,176,589,1720),(2607,176,590,1732),(2608,177,591,1771),(2609,177,592,1769),(2610,177,593,1772),(2611,177,594,1773),(2612,177,595,1774),(2613,177,596,1775),(2614,177,597,1770),(2615,177,598,1776),(2616,177,599,1777),(2617,177,600,1778),(2618,177,601,1779),(2619,177,602,1780),(2620,177,603,1781),(2621,177,604,1782),(2622,178,605,1784),(2623,178,606,1785),(2624,178,607,1787),(2625,178,608,1788),(2626,178,609,1789),(2627,178,610,1790),(2628,178,611,1791),(2629,178,612,1792),(2630,178,613,1793),(2631,178,614,1794),(2632,178,615,1795),(2633,178,616,1796),(2634,178,617,1786),(2635,178,618,1797),(2636,179,619,1803),(2637,179,620,1799),(2638,179,621,1804),(2639,179,622,1805),(2640,179,623,1806),(2641,179,624,1807),(2642,179,625,1800),(2643,179,626,1808),(2644,179,627,1801),(2645,179,628,1809),(2646,179,629,1810),(2647,179,630,1811),(2648,179,631,1802),(2649,179,632,1812),(2650,180,633,1814),(2651,180,634,1815),(2652,180,635,1817),(2653,180,636,1818),(2654,180,637,1819),(2655,180,638,1820),(2656,180,639,1821),(2657,180,640,1822),(2658,180,641,1823),(2659,180,642,1824),(2660,180,643,1825),(2661,180,644,1826),(2662,180,645,1827),(2663,180,646,1816),(2664,181,633,1803),(2665,181,634,1799),(2666,181,635,1804),(2667,181,636,1805),(2668,181,637,1806),(2669,181,638,1807),(2670,181,639,1800),(2671,181,640,1808),(2672,181,641,1801),(2673,181,642,1809),(2674,181,643,1810),(2675,181,644,1811),(2676,181,645,1802),(2677,181,646,1812),(2678,182,1,1655),(2679,182,2,1656),(2680,182,3,1659),(2681,182,4,1660),(2682,182,5,1661),(2683,182,6,1662),(2684,182,7,1663),(2685,182,8,1664),(2686,182,9,1657),(2687,182,10,1658),(2688,182,11,1665),(2689,182,12,1666),(2690,182,13,1667),(2691,182,14,1668),(2692,182,15,1669),(2693,183,16,1675),(2694,183,17,1671),(2695,183,18,1676),(2696,183,19,1672),(2697,183,20,1677),(2698,183,21,1683),(2699,183,22,1678),(2700,183,23,1684),(2701,183,24,1673),(2702,183,25,1674),(2703,183,26,1679),(2704,183,27,1680),(2705,183,28,1681),(2706,183,29,1685),(2707,183,30,1682),(2708,184,31,1690),(2709,184,32,1687),(2710,184,33,1690),(2711,184,34,1691),(2712,184,35,1699),(2713,184,36,1692),(2714,184,37,1698),(2715,184,38,1693),(2716,184,39,1699),(2717,184,40,1688),(2718,184,41,1694),(2719,184,42,1695),(2720,184,43,1696),(2721,184,44,1689),(2722,184,45,1700),(2723,184,46,1697),(2724,185,47,1704),(2725,185,48,1702),(2726,185,49,1704),(2727,185,50,1705),(2728,185,51,1706),(2729,185,52,1707),(2730,185,53,1708),(2731,185,54,1703),(2732,185,55,1709),(2733,185,56,1710),(2734,185,57,1711),(2735,185,58,1712),(2736,185,59,1713),(2737,185,60,1714),(2738,185,61,1715),(2739,185,62,1716),(2740,185,63,1717),(2741,186,64,1737),(2742,186,65,1734),(2743,186,66,1738),(2744,186,67,1739),(2745,186,68,1740),(2746,186,69,1741),(2747,186,70,1742),(2748,186,71,1735),(2749,186,72,1743),(2750,186,73,1744),(2751,186,74,1745),(2752,186,75,1745),(2753,186,76,1746),(2754,186,77,1736),(2755,186,78,1747),(2756,186,79,1749),(2757,186,80,1748),(2758,187,81,1754),(2759,187,82,1755),(2760,187,83,1767),(2761,187,84,1765),(2762,187,85,1766),(2763,187,86,1756),(2764,187,87,1757),(2765,187,88,1751),(2766,187,89,1758),(2767,187,90,1759),(2768,187,91,1760),(2769,187,92,1761),(2770,187,93,1762),(2771,187,94,1752),(2772,187,95,1753),(2773,187,96,1763),(2774,187,97,1764),(2775,188,577,1721),(2776,188,578,1719),(2777,188,579,1722),(2778,188,580,1723),(2779,188,581,1724),(2780,188,582,1725),(2781,188,583,1726),(2782,188,584,1727),(2783,188,585,1728),(2784,188,586,1729),(2785,188,587,1730),(2786,188,588,1731),(2787,188,589,1720),(2788,188,590,1732),(2789,189,591,1771),(2790,189,592,1769),(2791,189,593,1772),(2792,189,594,1773),(2793,189,595,1774),(2794,189,596,1775),(2795,189,597,1770),(2796,189,598,1776),(2797,189,599,1777),(2798,189,600,1778),(2799,189,601,1779),(2800,189,602,1780),(2801,189,603,1781),(2802,189,604,1782),(2803,190,605,1784),(2804,190,606,1785),(2805,190,607,1787),(2806,190,608,1788),(2807,190,609,1789),(2808,190,610,1790),(2809,190,611,1791),(2810,190,612,1792),(2811,190,613,1793),(2812,190,614,1794),(2813,190,615,1795),(2814,190,616,1796),(2815,190,617,1786),(2816,190,618,1797),(2817,191,633,156),(2818,191,634,157),(2819,191,635,162),(2820,191,636,163),(2821,191,637,164),(2822,191,638,165),(2823,191,639,158),(2824,191,640,166),(2825,191,641,167),(2826,191,642,159),(2827,191,643,168),(2828,191,644,160),(2829,191,645,169),(2830,191,646,161),(2831,192,633,1814),(2832,192,634,1815),(2833,192,635,1817),(2834,192,636,1818),(2835,192,637,1819),(2836,192,638,1820),(2837,192,639,1821),(2838,192,640,1822),(2839,192,641,1823),(2840,192,642,1824),(2841,192,643,1825),(2842,192,644,1826),(2843,192,645,1827),(2844,192,646,1816),(2845,193,1,1854),(2846,193,2,1855),(2847,193,3,1862),(2848,193,4,1856),(2849,193,5,1863),(2850,193,6,1864),(2851,193,7,1865),(2852,193,8,1857),(2853,193,9,1858),(2854,193,10,1861),(2855,193,11,1859),(2856,193,12,1866),(2857,193,13,1867),(2858,193,14,1860),(2859,193,15,1868),(2860,194,16,1870),(2861,194,17,1871),(2862,194,18,1872),(2863,194,19,1881),(2864,194,20,1873),(2865,194,21,1874),(2866,194,22,1875),(2867,194,23,1881),(2868,194,24,1876),(2869,194,25,1882),(2870,194,26,1877),(2871,194,27,1883),(2872,194,28,1878),(2873,194,29,1884),(2874,194,30,1879),(2875,195,31,1886),(2876,195,32,1887),(2877,195,33,1888),(2878,195,34,1889),(2879,195,35,1890),(2880,195,36,1890),(2881,195,37,1891),(2882,195,38,1892),(2883,195,39,1890),(2884,195,40,1894),(2885,195,41,1887),(2886,195,42,1895),(2887,195,43,1896),(2888,195,44,1897),(2889,195,45,1899),(2890,195,46,1898),(2891,196,47,1903),(2892,196,48,1901),(2893,196,49,1904),(2894,196,50,1902),(2895,196,51,1905),(2896,196,52,1906),(2897,196,53,1915),(2898,196,54,1907),(2899,196,55,1909),(2900,196,56,1908),(2901,196,57,1910),(2902,196,58,1911),(2903,196,59,1912),(2904,196,60,1916),(2905,196,61,1913),(2906,196,62,1917),(2907,196,63,1918),(2908,197,64,1920),(2909,197,65,1921),(2910,197,66,1922),(2911,197,67,1923),(2912,197,68,1924),(2913,197,69,1925),(2914,197,70,1926),(2915,197,71,1932),(2916,197,72,1927),(2917,197,73,1928),(2918,197,74,1933),(2919,197,75,1934),(2920,197,76,1929),(2921,197,77,1930),(2922,197,78,1931),(2923,197,79,1935),(2924,197,80,1936),(2925,198,81,1939),(2926,198,82,1938),(2927,198,83,1940),(2928,198,84,1941),(2929,198,85,1942),(2930,198,86,1943),(2931,198,87,1944),(2932,198,88,1952),(2933,198,89,1945),(2934,198,90,1946),(2935,198,91,1947),(2936,198,92,1953),(2937,198,93,1948),(2938,198,94,1949),(2939,198,95,1950),(2940,198,96,1954),(2941,198,97,1951),(2942,199,577,1956),(2943,199,578,1957),(2944,199,579,1961),(2945,199,580,1960),(2946,199,581,1962),(2947,199,582,1963),(2948,199,583,1958),(2949,199,584,1964),(2950,199,585,1965),(2951,199,586,1966),(2952,199,587,1967),(2953,199,588,1968),(2954,199,589,1959),(2955,199,590,1969),(2956,200,591,1974),(2957,200,592,1971),(2958,200,593,1975),(2959,200,594,1976),(2960,200,595,1977),(2961,200,596,1978),(2962,200,597,1979),(2963,200,598,1980),(2964,200,599,1972),(2965,200,600,1981),(2966,200,601,1982),(2967,200,602,1983),(2968,200,603,1973),(2969,200,604,1984),(2970,201,605,1989),(2971,201,606,1986),(2972,201,607,1990),(2973,201,608,1991),(2974,201,609,1992),(2975,201,610,1993),(2976,201,611,1987),(2977,201,612,1994),(2978,201,613,1995),(2979,201,614,1996),(2980,201,615,1997),(2981,201,616,1998),(2982,201,617,1988),(2983,201,618,1999),(2984,202,633,2001),(2985,202,634,2005),(2986,202,635,2002),(2987,202,636,2006),(2988,202,637,2007),(2989,202,638,2008),(2990,202,639,2003),(2991,202,640,2009),(2992,202,641,2010),(2993,202,642,2011),(2994,202,643,2012),(2995,202,644,2013),(2996,202,645,2004),(2997,202,646,2014),(2998,203,633,2016),(2999,203,634,2019),(3000,203,635,2020),(3001,203,636,2021),(3002,203,637,2022),(3003,203,638,2023),(3004,203,639,2017),(3005,203,640,2024),(3006,203,641,2025),(3007,203,642,2026),(3008,203,643,2027),(3009,203,644,2028),(3010,203,645,2018),(3011,203,646,2029),(3012,204,633,156),(3013,204,634,157),(3014,204,635,162),(3015,204,636,163),(3016,204,637,164),(3017,204,638,165),(3018,204,639,158),(3019,204,640,166),(3020,204,641,167),(3021,204,642,159),(3022,204,643,168),(3023,204,644,160),(3024,204,645,169),(3025,204,646,161),(3026,205,633,156),(3027,205,634,157),(3028,205,635,162),(3029,205,636,163),(3030,205,637,164),(3031,205,638,165),(3032,205,639,158),(3033,205,640,166),(3034,205,641,167),(3035,205,642,159),(3036,205,643,168),(3037,205,644,160),(3038,205,645,169),(3039,205,646,161),(3040,206,1,1854),(3041,206,2,1855),(3042,206,3,1862),(3043,206,4,1856),(3044,206,5,1863),(3045,206,6,1864),(3046,206,7,1865),(3047,206,8,1857),(3048,206,9,1858),(3049,206,10,1861),(3050,206,11,1859),(3051,206,12,1866),(3052,206,13,1867),(3053,206,14,1860),(3054,206,15,1868),(3055,207,16,1870),(3056,207,17,1871),(3057,207,18,1872),(3058,207,19,1873),(3059,207,20,1873),(3060,207,21,1874),(3061,207,22,1875),(3062,207,23,1881),(3063,207,24,1876),(3064,207,25,1882),(3065,207,26,1877),(3066,207,27,1883),(3067,207,28,1878),(3068,207,29,1884),(3069,207,30,1879),(3070,208,31,1886),(3071,208,32,1887),(3072,208,33,1888),(3073,208,34,1889),(3074,208,35,1890),(3075,208,36,1890),(3076,208,37,1891),(3077,208,38,1892),(3078,208,39,1893),(3079,208,40,1894),(3080,208,41,1887),(3081,208,42,1895),(3082,208,43,1896),(3083,208,44,1897),(3084,208,45,1899),(3085,208,46,1898),(3086,209,47,1903),(3087,209,48,1901),(3088,209,49,1904),(3089,209,50,1902),(3090,209,51,1905),(3091,209,52,1906),(3092,209,53,1915),(3093,209,54,1907),(3094,209,55,1909),(3095,209,56,1908),(3096,209,57,1910),(3097,209,58,1911),(3098,209,59,1912),(3099,209,60,1916),(3100,209,61,1913),(3101,209,62,1917),(3102,209,63,1918),(3103,210,64,1920),(3104,210,65,1921),(3105,210,66,1922),(3106,210,67,1923),(3107,210,68,1924),(3108,210,69,1925),(3109,210,70,1926),(3110,210,71,1932),(3111,210,72,1927),(3112,210,73,1928),(3113,210,74,1933),(3114,210,75,1934),(3115,210,76,1929),(3116,210,77,1930),(3117,210,78,1931),(3118,210,79,1935),(3119,210,80,1936),(3120,211,81,1939),(3121,211,82,1938),(3122,211,83,1940),(3123,211,84,1941),(3124,211,85,1942),(3125,211,86,1943),(3126,211,87,1944),(3127,211,88,1952),(3128,211,89,1945),(3129,211,90,1946),(3130,211,91,1947),(3131,211,92,1953),(3132,211,93,1948),(3133,211,94,1949),(3134,211,95,1950),(3135,211,96,1954),(3136,211,97,1951),(3137,212,577,1956),(3138,212,578,1957),(3139,212,579,1961),(3140,212,580,1960),(3141,212,581,1962),(3142,212,582,1963),(3143,212,583,1958),(3144,212,584,1964),(3145,212,585,1965),(3146,212,586,1966),(3147,212,587,1967),(3148,212,588,1968),(3149,212,589,1959),(3150,212,590,1969),(3151,213,591,1974),(3152,213,592,1971),(3153,213,593,1975),(3154,213,594,1976),(3155,213,595,1977),(3156,213,596,1978),(3157,213,597,1979),(3158,213,598,1980),(3159,213,599,1972),(3160,213,600,1981),(3161,213,601,1982),(3162,213,602,1983),(3163,213,603,1973),(3164,213,604,1984),(3165,214,605,1989),(3166,214,606,1986),(3167,214,607,1990),(3168,214,608,1991),(3169,214,609,1992),(3170,214,610,1993),(3171,214,611,1987),(3172,214,612,1994),(3173,214,613,1995),(3174,214,614,1996),(3175,214,615,1997),(3176,214,616,1998),(3177,214,617,1988),(3178,214,618,1999),(3179,215,633,2001),(3180,215,634,2005),(3181,215,635,2002),(3182,215,636,2006),(3183,215,637,2007),(3184,215,638,2008),(3185,215,639,2003),(3186,215,640,2009),(3187,215,641,2010),(3188,215,642,2011),(3189,215,643,2012),(3190,215,644,2013),(3191,215,645,2004),(3192,215,646,2014),(3193,216,633,2016),(3194,216,634,2019),(3195,216,635,2020),(3196,216,636,2021),(3197,216,637,2022),(3198,216,638,2023),(3199,216,639,2017),(3200,216,640,2024),(3201,216,641,2025),(3202,216,642,2026),(3203,216,643,2027),(3204,216,644,2028),(3205,216,645,2018),(3206,216,646,2029),(3207,217,633,2055),(3208,217,634,2056),(3209,217,635,2061),(3210,217,636,2062),(3211,217,637,2057),(3212,217,638,2063),(3213,217,639,2058),(3214,217,640,2064),(3215,217,641,2065),(3216,217,642,2066),(3217,217,643,2067),(3218,217,644,2059),(3219,217,645,2068),(3220,217,646,2060),(3221,218,633,2055),(3222,218,634,2056),(3223,218,635,2061),(3224,218,636,2062),(3225,218,637,2057),(3226,218,638,2063),(3227,218,639,2058),(3228,218,640,2064),(3229,218,641,2065),(3230,218,642,2066),(3231,218,643,2067),(3232,218,644,2059),(3233,218,645,2068),(3234,218,646,2060),(3235,219,726,918),(3236,219,727,921),(3237,219,728,920),(3238,219,729,918),(3239,219,730,919),(3240,219,731,916),(3241,219,732,921),(3242,220,726,925),(3243,220,727,921),(3244,220,728,920),(3245,220,729,918),(3246,220,730,919),(3247,220,731,916),(3248,220,732,921),(3249,221,31,1002),(3250,221,32,1001),(3251,221,33,1015),(3252,221,34,1003),(3253,221,35,1004),(3254,221,36,1005),(3255,221,37,1006),(3256,221,38,1007),(3257,221,39,1008),(3258,221,40,1009),(3259,221,41,1010),(3260,221,42,1011),(3261,221,43,1012),(3262,221,44,1013),(3263,221,45,1014),(3264,221,46,1016),(3265,222,16,78),(3266,222,17,79),(3267,222,18,80),(3268,222,19,81),(3269,222,20,82),(3270,222,21,83),(3271,222,22,84),(3272,222,23,85),(3273,222,24,86),(3274,222,25,87),(3275,222,26,88),(3276,222,27,91),(3277,222,28,89),(3278,222,29,92),(3279,222,30,90),(3280,223,1,78),(3281,223,2,79),(3282,223,3,80),(3283,223,4,81),(3284,223,5,82),(3285,223,6,83),(3286,223,7,84),(3287,223,8,85),(3288,223,9,86),(3289,223,10,87),(3290,223,11,88),(3291,223,12,91),(3292,223,13,89),(3293,223,14,92),(3294,223,15,90),(3295,224,16,62),(3296,224,17,70),(3297,224,18,71),(3298,224,19,63),(3299,224,20,72),(3300,224,21,64),(3301,224,22,73),(3302,224,23,63),(3303,224,24,66),(3304,224,25,74),(3305,224,26,67),(3306,224,27,75),(3307,224,28,76),(3308,224,29,68),(3309,224,30,69),(3310,225,31,95),(3311,225,32,94),(3312,225,33,96),(3313,225,34,97),(3314,225,35,98),(3315,225,36,99),(3316,225,37,107),(3317,225,38,100),(3318,225,39,101),(3319,225,40,102),(3320,225,41,103),(3321,225,42,104),(3322,225,43,105),(3323,225,44,106),(3324,225,45,108),(3325,225,46,109),(3326,226,47,8),(3327,226,48,20),(3328,226,49,9),(3329,226,50,10),(3330,226,51,11),(3331,226,52,12),(3332,226,53,13),(3333,226,54,14),(3334,226,55,15),(3335,226,56,16),(3336,226,57,17),(3337,226,58,21),(3338,226,59,18),(3339,226,60,22),(3340,226,61,23),(3341,226,62,24),(3342,226,63,19),(3343,227,64,27),(3344,227,65,26),(3345,227,66,28),(3346,227,67,29),(3347,227,68,30),(3348,227,69,31),(3349,227,70,32),(3350,227,71,33),(3351,227,72,34),(3352,227,73,35),(3353,227,74,40),(3354,227,75,36),(3355,227,76,37),(3356,227,77,38),(3357,227,78,41),(3358,227,79,39),(3359,227,80,42),(3360,228,81,44),(3361,228,82,45),(3362,228,83,58),(3363,228,84,46),(3364,228,85,47),(3365,228,86,48),(3366,228,87,49),(3367,228,88,50),(3368,228,89,51),(3369,228,90,52),(3370,228,91,53),(3371,228,92,59),(3372,228,93,54),(3373,228,94,55),(3374,228,95,56),(3375,228,96,57),(3376,228,97,60),(3377,229,577,111),(3378,229,578,112),(3379,229,579,115),(3380,229,580,116),(3381,229,581,117),(3382,229,582,118),(3383,229,583,113),(3384,229,584,119),(3385,229,585,120),(3386,229,586,121),(3387,229,587,114),(3388,229,588,122),(3389,229,589,123),(3390,229,590,124),(3391,230,591,356),(3392,230,592,357),(3393,230,593,361),(3394,230,594,362),(3395,230,595,358),(3396,230,596,363),(3397,230,597,359),(3398,230,598,364),(3399,230,599,365),(3400,230,600,366),(3401,230,601,367),(3402,230,602,368),(3403,230,603,360),(3404,230,604,369),(3405,231,605,883),(3406,231,606,877),(3407,231,607,884),(3408,231,608,885),(3409,231,609,878),(3410,231,610,886),(3411,231,611,879),(3412,231,612,887),(3413,231,613,888),(3414,231,614,880),(3415,231,615,889),(3416,231,616,881),(3417,231,617,890),(3418,231,618,882),(3419,232,172,490),(3420,232,173,491),(3421,232,174,492),(3422,232,175,493),(3423,232,176,494),(3424,232,177,495),(3425,232,178,496),(3426,232,179,497),(3427,232,180,498),(3428,232,181,499),(3429,232,182,500),(3430,232,183,501),(3431,232,184,502),(3432,232,185,503),(3433,232,186,492),(3434,232,187,491),(3435,232,188,504),(3436,232,189,507),(3437,232,190,508),(3438,232,191,509),(3439,232,192,510),(3440,232,193,511),(3441,232,194,512),(3442,232,195,513),(3443,232,196,514),(3444,233,197,1410),(3445,233,198,1411),(3446,233,199,1422),(3447,233,200,1409),(3448,233,201,1410),(3449,233,202,1411),(3450,233,203,1414),(3451,233,204,1413),(3452,233,205,1414),(3453,233,206,1421),(3454,233,207,1411),(3455,233,208,1422),(3456,233,209,1413),(3457,233,210,1414),(3458,233,211,1409),(3459,233,212,1414),(3460,233,213,1410),(3461,233,214,1414),(3462,233,215,1409),(3463,233,216,1420),(3464,233,217,1415),(3465,233,218,1413),(3466,233,219,1414),(3467,234,220,521),(3468,234,221,519),(3469,234,222,520),(3470,234,223,529),(3471,234,224,519),(3472,234,225,517),(3473,234,226,516),(3474,234,227,519),(3475,234,228,518),(3476,234,229,539),(3477,234,230,540),(3478,234,231,522),(3479,234,232,523),(3480,234,233,524),(3481,234,234,516),(3482,234,235,538),(3483,234,236,543),(3484,234,237,517),(3485,234,238,521),(3486,234,239,533),(3487,234,240,534),(3488,234,241,517),(3489,234,242,526),(3490,234,243,519),(3491,234,244,531),(3492,234,245,542),(3493,235,246,240),(3494,235,247,241),(3495,235,248,242),(3496,235,249,258),(3497,235,250,249),(3498,235,251,250),(3499,235,252,259),(3500,235,253,236),(3501,235,254,266),(3502,235,255,267),(3503,235,256,251),(3504,235,257,252),(3505,235,258,253),(3506,235,259,254),(3507,235,260,238),(3508,235,261,260),(3509,235,262,239),(3510,235,263,244),(3511,235,264,262),(3512,235,265,245),(3513,235,266,268),(3514,235,267,269),(3515,235,268,263),(3516,235,269,264),(3517,235,270,248),(3518,235,271,257),(3519,235,272,261),(3520,235,273,246),(3521,235,274,247),(3522,235,275,255),(3523,235,276,265),(3524,235,277,256),(3525,236,278,313),(3526,236,279,314),(3527,236,280,316),(3528,236,281,315),(3529,236,282,319),(3530,236,283,320),(3531,236,284,330),(3532,236,285,331),(3533,236,286,304),(3534,236,287,305),(3535,236,288,301),(3536,236,289,302),(3537,236,290,305),(3538,236,291,303),(3539,236,292,301),(3540,236,293,302),(3541,236,294,305),(3542,236,295,303),(3543,236,296,301),(3544,236,297,305),(3545,236,298,314),(3546,236,299,305),(3547,236,300,303),(3548,236,301,313),(3549,236,302,310),(3550,236,303,323),(3551,236,304,319),(3552,236,305,320),(3553,236,306,325),(3554,236,307,323),(3555,236,308,316),(3556,236,309,329),(3557,237,152,590),(3558,237,153,591),(3559,237,154,592),(3560,237,155,593),(3561,237,156,594),(3562,237,157,595),(3563,237,158,596),(3564,237,159,597),(3565,237,160,598),(3566,237,161,599),(3567,237,162,600),(3568,237,163,601),(3569,237,164,602),(3570,237,165,603),(3571,237,166,604),(3572,237,167,605),(3573,237,168,606),(3574,237,169,607),(3575,237,170,608),(3576,237,171,609),(3577,238,1,78),(3578,238,2,79),(3579,238,3,80),(3580,238,4,81),(3581,238,5,82),(3582,238,6,83),(3583,238,7,84),(3584,238,8,85),(3585,238,9,86),(3586,238,10,87),(3587,238,11,88),(3588,238,12,91),(3589,238,13,89),(3590,238,14,92),(3591,238,15,90),(3592,239,16,62),(3593,239,17,70),(3594,239,18,71),(3595,239,19,63),(3596,239,20,72),(3597,239,21,64),(3598,239,22,73),(3599,239,23,65),(3600,239,24,66),(3601,239,25,74),(3602,239,26,67),(3603,239,27,75),(3604,239,28,76),(3605,239,29,68),(3606,239,30,69),(3607,240,31,95),(3608,240,32,94),(3609,240,33,96),(3610,240,34,97),(3611,240,35,98),(3612,240,36,99),(3613,240,37,107),(3614,240,38,100),(3615,240,39,101),(3616,240,40,102),(3617,240,41,103),(3618,240,42,104),(3619,240,43,105),(3620,240,44,106),(3621,240,45,108),(3622,240,46,109),(3623,241,47,8),(3624,241,48,20),(3625,241,49,9),(3626,241,50,10),(3627,241,51,11),(3628,241,52,12),(3629,241,53,13),(3630,241,54,14),(3631,241,55,15),(3632,241,56,16),(3633,241,57,17),(3634,241,58,21),(3635,241,59,18),(3636,241,60,22),(3637,241,61,23),(3638,241,62,24),(3639,241,63,19),(3640,242,64,27),(3641,242,65,26),(3642,242,66,28),(3643,242,67,29),(3644,242,68,30),(3645,242,69,31),(3646,242,70,32),(3647,242,71,33),(3648,242,72,34),(3649,242,73,35),(3650,242,74,40),(3651,242,75,36),(3652,242,76,37),(3653,242,77,38),(3654,242,78,41),(3655,242,79,39),(3656,242,80,42),(3657,243,81,44),(3658,243,82,45),(3659,243,83,58),(3660,243,84,46),(3661,243,85,47),(3662,243,86,48),(3663,243,87,49),(3664,243,88,50),(3665,243,89,51),(3666,243,90,52),(3667,243,91,53),(3668,243,92,59),(3669,243,93,54),(3670,243,94,55),(3671,243,95,56),(3672,243,96,57),(3673,243,97,60),(3674,244,577,111),(3675,244,578,112),(3676,244,579,115),(3677,244,580,116),(3678,244,581,117),(3679,244,582,118),(3680,244,583,113),(3681,244,584,119),(3682,244,585,120),(3683,244,586,121),(3684,244,587,114),(3685,244,588,122),(3686,244,589,123),(3687,244,590,124),(3688,245,591,356),(3689,245,592,357),(3690,245,593,361),(3691,245,594,362),(3692,245,595,358),(3693,245,596,363),(3694,245,597,359),(3695,245,598,364),(3696,245,599,365),(3697,245,600,366),(3698,245,601,367),(3699,245,602,368),(3700,245,603,360),(3701,245,604,369),(3702,246,605,883),(3703,246,606,877),(3704,246,607,884),(3705,246,608,885),(3706,246,609,878),(3707,246,610,886),(3708,246,611,879),(3709,246,612,887),(3710,246,613,888),(3711,246,614,880),(3712,246,615,889),(3713,246,616,881),(3714,246,617,890),(3715,246,618,882),(3716,247,647,923),(3717,247,648,921),(3718,247,649,916),(3719,247,650,923),(3720,247,651,921),(3721,247,652,919),(3722,247,653,918),(3723,247,654,919),(3724,247,655,918),(3725,247,656,923),(3726,247,657,925),(3727,248,1,737),(3728,248,2,738),(3729,248,3,739),(3730,248,4,740),(3731,248,5,741),(3732,248,6,748),(3733,248,7,742),(3734,248,8,743),(3735,248,9,744),(3736,248,10,745),(3737,248,11,746),(3738,248,12,747),(3739,248,13,749),(3740,248,14,750),(3741,248,15,751),(3742,249,16,340),(3743,249,17,349),(3744,249,18,341),(3745,249,19,342),(3746,249,20,350),(3747,249,21,343),(3748,249,22,344),(3749,249,23,351),(3750,249,24,345),(3751,249,25,352),(3752,249,26,346),(3753,249,27,353),(3754,249,28,347),(3755,249,29,348),(3756,249,30,354),(3757,250,31,389),(3758,250,32,390),(3759,250,33,402),(3760,250,34,391),(3761,250,35,392),(3762,250,36,403),(3763,250,37,393),(3764,250,38,394),(3765,250,39,395),(3766,250,40,396),(3767,250,41,397),(3768,250,42,398),(3769,250,43,404),(3770,250,44,399),(3771,250,45,400),(3772,250,46,401),(3773,251,47,424),(3774,251,48,425),(3775,251,49,428),(3776,251,50,429),(3777,251,51,430),(3778,251,52,431),(3779,251,53,437),(3780,251,54,432),(3781,251,55,426),(3782,251,56,433),(3783,251,57,434),(3784,251,58,438),(3785,251,59,439),(3786,251,60,427),(3787,251,61,435),(3788,251,62,440),(3789,251,63,436),(3790,252,64,371),(3791,252,65,372),(3792,252,66,384),(3793,252,67,373),(3794,252,68,374),(3795,252,69,375),(3796,252,70,376),(3797,252,71,377),(3798,252,72,378),(3799,252,73,379),(3800,252,74,385),(3801,252,75,380),(3802,252,76,381),(3803,252,77,386),(3804,252,78,387),(3805,252,79,382),(3806,252,80,383),(3807,253,81,833),(3808,253,82,823),(3809,253,83,824),(3810,253,84,825),(3811,253,85,826),(3812,253,86,827),(3813,253,87,828),(3814,253,88,834),(3815,253,89,835),(3816,253,90,829),(3817,253,91,836),(3818,253,92,837),(3819,253,93,830),(3820,253,94,831),(3821,253,95,832),(3822,253,96,838),(3823,253,97,839),(3824,254,577,1291),(3825,254,578,1292),(3826,254,579,1295),(3827,254,580,1296),(3828,254,581,1297),(3829,254,582,1298),(3830,254,583,1293),(3831,254,584,1299),(3832,254,585,1294),(3833,254,586,1300),(3834,254,587,1301),(3835,254,588,1302),(3836,254,589,1303),(3837,254,590,1304),(3838,255,591,1340),(3839,255,592,1336),(3840,255,593,1341),(3841,255,594,1342),(3842,255,595,1343),(3843,255,596,1344),(3844,255,597,1337),(3845,255,598,1345),(3846,255,599,1346),(3847,255,600,1347),(3848,255,601,1349),(3849,255,602,1338),(3850,255,603,1339),(3851,255,604,1348),(3852,256,605,126),(3853,256,606,127),(3854,256,607,130),(3855,256,608,131),(3856,256,609,132),(3857,256,610,133),(3858,256,611,128),(3859,256,612,134),(3860,256,613,135),(3861,256,614,136),(3862,256,615,137),(3863,256,616,138),(3864,256,617,129),(3865,256,618,139),(3866,257,1,737),(3867,257,2,738),(3868,257,3,739),(3869,257,4,740),(3870,257,5,741),(3871,257,6,748),(3872,257,7,742),(3873,257,8,743),(3874,257,9,744),(3875,257,10,745),(3876,257,11,746),(3877,257,12,747),(3878,257,13,749),(3879,257,14,750),(3880,257,15,751),(3881,258,16,340),(3882,258,17,349),(3883,258,18,341),(3884,258,19,342),(3885,258,20,350),(3886,258,21,343),(3887,258,22,344),(3888,258,23,351),(3889,258,24,345),(3890,258,25,352),(3891,258,26,346),(3892,258,27,353),(3893,258,28,347),(3894,258,29,348),(3895,258,30,354),(3896,259,31,389),(3897,259,32,390),(3898,259,33,402),(3899,259,34,391),(3900,259,35,392),(3901,259,36,403),(3902,259,37,393),(3903,259,38,394),(3904,259,39,395),(3905,259,40,396),(3906,259,41,397),(3907,259,42,398),(3908,259,43,404),(3909,259,44,399),(3910,259,45,400),(3911,259,46,401),(3912,260,47,424),(3913,260,48,425),(3914,260,49,429),(3915,260,50,429),(3916,260,51,430),(3917,260,52,431),(3918,260,53,437),(3919,260,54,432),(3920,260,55,426),(3921,260,56,433),(3922,260,57,434),(3923,260,58,438),(3924,260,59,439),(3925,260,60,427),(3926,260,61,435),(3927,260,62,440),(3928,260,63,436),(3929,261,64,371),(3930,261,65,372),(3931,261,66,384),(3932,261,67,373),(3933,261,68,374),(3934,261,69,375),(3935,261,70,376),(3936,261,71,377),(3937,261,72,378),(3938,261,73,379),(3939,261,74,385),(3940,261,75,380),(3941,261,76,381),(3942,261,77,386),(3943,261,78,387),(3944,261,79,382),(3945,261,80,383),(3946,262,577,1291),(3947,262,578,1292),(3948,262,579,1295),(3949,262,580,1296),(3950,262,581,1297),(3951,262,582,1298),(3952,262,583,1293),(3953,262,584,1299),(3954,262,585,1294),(3955,262,586,1300),(3956,262,587,1301),(3957,262,588,1302),(3958,262,589,1303),(3959,262,590,1304),(3960,263,605,1340),(3961,263,606,1336),(3962,263,607,1341),(3963,263,608,1342),(3964,263,609,1343),(3965,263,610,1344),(3966,263,611,1337),(3967,263,612,1345),(3968,263,613,1346),(3969,263,614,1347),(3970,263,615,1349),(3971,263,616,1338),(3972,263,617,1339),(3973,263,618,1348),(3974,264,605,126),(3975,264,606,127),(3976,264,607,130),(3977,264,608,131),(3978,264,609,132),(3979,264,610,133),(3980,264,611,128),(3981,264,612,134),(3982,264,613,135),(3983,264,614,136),(3984,264,615,137),(3985,264,616,138),(3986,264,617,129),(3987,264,618,139),(3988,265,81,833),(3989,265,82,823),(3990,265,83,824),(3991,265,84,825),(3992,265,85,826),(3993,265,86,827),(3994,265,87,828),(3995,265,88,834),(3996,265,89,835),(3997,265,90,829),(3998,265,91,836),(3999,265,92,837),(4000,265,93,830),(4001,265,94,831),(4002,265,95,836),(4003,265,96,838),(4004,265,97,839),(4005,266,1,973),(4006,266,2,969),(4007,266,3,974),(4008,266,4,970),(4009,266,5,975),(4010,266,6,976),(4011,266,7,977),(4012,266,8,978),(4013,266,9,971),(4014,266,10,972),(4015,266,11,979),(4016,266,12,980),(4017,266,13,981),(4018,266,14,982),(4019,266,15,983),(4020,267,16,988),(4021,267,17,985),(4022,267,18,989),(4023,267,19,990),(4024,267,20,991),(4025,267,21,992),(4026,267,22,993),(4027,267,23,999),(4028,267,24,986),(4029,267,25,987),(4030,267,26,994),(4031,267,27,995),(4032,267,28,996),(4033,267,29,997),(4034,267,30,998),(4035,268,31,1002),(4036,268,32,1001),(4037,268,33,1015),(4038,268,34,1003),(4039,268,35,1004),(4040,268,36,1005),(4041,268,37,1006),(4042,268,38,1007),(4043,268,39,1008),(4044,268,40,1009),(4045,268,41,1010),(4046,268,42,1011),(4047,268,43,1012),(4048,268,44,1013),(4049,268,45,1014),(4050,268,46,1016),(4051,269,47,1020),(4052,269,48,1018),(4053,269,49,1034),(4054,269,50,1019),(4055,269,51,1021),(4056,269,52,1022),(4057,269,53,1023),(4058,269,54,1024),(4059,269,55,1025),(4060,269,56,1026),(4061,269,57,1027),(4062,269,58,1028),(4063,269,59,1029),(4064,269,60,1030),(4065,269,61,1031),(4066,269,62,1032),(4067,269,63,1033),(4068,270,64,1036),(4069,270,65,1037),(4070,270,66,1038),(4071,270,67,1039),(4072,270,68,1040),(4073,270,69,1041),(4074,270,70,1042),(4075,270,71,1043),(4076,270,72,1044),(4077,270,73,1045),(4078,270,74,1046),(4079,270,75,1047),(4080,270,76,1048),(4081,270,77,1049),(4082,270,78,1050),(4083,270,79,1051),(4084,270,80,1052),(4085,271,81,1057),(4086,271,82,1054),(4087,271,83,1058),(4088,271,84,1055),(4089,271,85,1059),(4090,271,86,1060),(4091,271,87,1061),(4092,271,88,1062),(4093,271,89,1056),(4094,271,90,1063),(4095,271,91,1064),(4096,271,92,1065),(4097,271,93,1066),(4098,271,94,1067),(4099,271,95,1068),(4100,271,96,1069),(4101,271,97,1070),(4102,272,577,1073),(4103,272,578,1072),(4104,272,579,1074),(4105,272,580,1085),(4106,272,581,1075),(4107,272,582,1076),(4108,272,583,1077),(4109,272,584,1078),(4110,272,585,1079),(4111,272,586,1080),(4112,272,587,1081),(4113,272,588,1082),(4114,272,589,1083),(4115,272,590,1084),(4116,273,591,1088),(4117,273,592,1087),(4118,273,593,1089),(4119,273,594,1090),(4120,273,595,1091),(4121,273,596,1092),(4122,273,597,1093),(4123,273,598,1094),(4124,273,599,1095),(4125,273,600,1096),(4126,273,601,1097),(4127,273,602,1098),(4128,273,603,1099),(4129,273,604,1100),(4130,274,605,1115),(4131,274,606,1113),(4132,274,607,1116),(4133,274,608,1117),(4134,274,609,1118),(4135,274,610,1119),(4136,274,611,1120),(4137,274,612,1121),(4138,274,613,1122),(4139,274,614,1123),(4140,274,615,1124),(4141,274,616,1125),(4142,274,617,1114),(4143,274,618,1126),(4144,275,1,973),(4145,275,2,969),(4146,275,3,974),(4147,275,4,970),(4148,275,5,975),(4149,275,6,976),(4150,275,7,977),(4151,275,8,978),(4152,275,9,971),(4153,275,10,972),(4154,275,11,979),(4155,275,12,980),(4156,275,13,981),(4157,275,14,982),(4158,275,15,983),(4159,276,16,988),(4160,276,17,985),(4161,276,18,989),(4162,276,19,990),(4163,276,20,991),(4164,276,21,992),(4165,276,22,993),(4166,276,23,999),(4167,276,24,986),(4168,276,25,987),(4169,276,26,994),(4170,276,27,995),(4171,276,28,996),(4172,276,29,997),(4173,276,30,998),(4174,277,31,1002),(4175,277,32,1001),(4176,277,33,1015),(4177,277,34,1003),(4178,277,35,1004),(4179,277,36,1005),(4180,277,37,1006),(4181,277,38,1007),(4182,277,39,1008),(4183,277,40,1009),(4184,277,41,1010),(4185,277,42,1011),(4186,277,43,1012),(4187,277,44,1013),(4188,277,45,1014),(4189,277,46,1016),(4190,278,47,1020),(4191,278,48,1018),(4192,278,49,1034),(4193,278,50,1019),(4194,278,51,1021),(4195,278,52,1022),(4196,278,53,1023),(4197,278,54,1024),(4198,278,55,1025),(4199,278,56,1026),(4200,278,57,1027),(4201,278,58,1028),(4202,278,59,1028),(4203,278,60,1030),(4204,278,61,1031),(4205,278,62,1032),(4206,278,63,1033),(4207,279,64,1036),(4208,279,65,1037),(4209,279,66,1038),(4210,279,67,1039),(4211,279,68,1040),(4212,279,69,1041),(4213,279,70,1042),(4214,279,71,1043),(4215,279,72,1044),(4216,279,73,1045),(4217,279,74,1046),(4218,279,75,1047),(4219,279,76,1048),(4220,279,77,1049),(4221,279,78,1050),(4222,279,79,1051),(4223,279,80,1052),(4224,280,81,1057),(4225,280,82,1054),(4226,280,83,1058),(4227,280,84,1055),(4228,280,85,1059),(4229,280,86,1060),(4230,280,87,1061),(4231,280,88,1062),(4232,280,89,1056),(4233,280,90,1063),(4234,280,91,1064),(4235,280,92,1065),(4236,280,93,1066),(4237,280,94,1067),(4238,280,95,1068),(4239,280,96,1069),(4240,280,97,1070),(4241,281,577,1073),(4242,281,578,1072),(4243,281,579,1074),(4244,281,580,1085),(4245,281,581,1075),(4246,281,582,1076),(4247,281,583,1077),(4248,281,584,1078),(4249,281,585,1079),(4250,281,586,1080),(4251,281,587,1081),(4252,281,588,1082),(4253,281,589,1083),(4254,281,590,1084),(4255,282,591,1088),(4256,282,592,1087),(4257,282,593,1089),(4258,282,594,1090),(4259,282,595,1091),(4260,282,596,1092),(4261,282,597,1093),(4262,282,598,1094),(4263,282,599,1095),(4264,282,600,1096),(4265,282,601,1097),(4266,282,602,1098),(4267,282,603,1099),(4268,282,604,1100),(4269,283,605,1115),(4270,283,606,1113),(4271,283,607,1116),(4272,283,608,1117),(4273,283,609,1118),(4274,283,610,1119),(4275,283,611,1120),(4276,283,612,1121),(4277,283,613,1122),(4278,283,614,1123),(4279,283,615,1124),(4280,283,616,1125),(4281,283,617,1114),(4282,283,618,1126),(4283,284,1,1201),(4284,284,2,1189),(4285,284,3,1190),(4286,284,4,1191),(4287,284,5,1192),(4288,284,6,1193),(4289,284,7,1202),(4290,284,8,1194),(4291,284,9,1195),(4292,284,10,1196),(4293,284,11,1188),(4294,284,12,1197),(4295,284,13,1198),(4296,284,14,1199),(4297,284,15,1200),(4298,285,16,1205),(4299,285,17,1204),(4300,285,18,1206),(4301,285,19,1207),(4302,285,20,1208),(4303,285,21,1209),(4304,285,22,1217),(4305,285,23,1218),(4306,285,24,1210),(4307,285,25,1216),(4308,285,26,1211),(4309,285,27,1212),(4310,285,28,1213),(4311,285,29,1214),(4312,285,30,1215),(4313,286,31,1220),(4314,286,32,1224),(4315,286,33,1225),(4316,286,34,1226),(4317,286,35,1221),(4318,286,36,1227),(4319,286,37,1228),(4320,286,38,1222),(4321,286,39,1229),(4322,286,40,1230),(4323,286,41,1223),(4324,286,42,1231),(4325,286,43,1232),(4326,286,44,1233),(4327,286,45,1234),(4328,286,46,1235),(4329,287,47,1237),(4330,287,48,1238),(4331,287,49,1241),(4332,287,50,1242),(4333,287,51,1243),(4334,287,52,1244),(4335,287,53,1245),(4336,287,54,1239),(4337,287,55,1246),(4338,287,56,1247),(4339,287,57,1248),(4340,287,58,1240),(4341,287,59,1249),(4342,287,60,1250),(4343,287,61,1251),(4344,287,62,1252),(4345,287,63,1253),(4346,288,64,1255),(4347,288,65,1256),(4348,288,66,1257),(4349,288,67,1258),(4350,288,68,1259),(4351,288,69,1260),(4352,288,70,1261),(4353,288,71,1262),(4354,288,72,1270),(4355,288,73,1263),(4356,288,74,1264),(4357,288,75,1265),(4358,288,76,1266),(4359,288,77,1271),(4360,288,78,1267),(4361,288,79,1268),(4362,288,80,1269),(4363,289,81,1273),(4364,289,82,1274),(4365,289,83,1277),(4366,289,84,1275),(4367,289,85,1278),(4368,289,86,1279),(4369,289,87,1288),(4370,289,88,1280),(4371,289,89,1281),(4372,289,90,1276),(4373,289,91,1282),(4374,289,92,1283),(4375,289,93,1284),(4376,289,94,1285),(4377,289,95,1289),(4378,289,96,1286),(4379,289,97,1287),(4380,290,577,1523),(4381,290,578,1521),(4382,290,579,1524),(4383,290,580,1526),(4384,290,582,1536),(4385,290,583,1528),(4386,290,584,1527),(4387,290,586,1531),(4388,290,588,1537),(4389,290,589,1522),(4390,290,590,1534),(4391,291,591,2175),(4392,291,592,2176),(4393,291,593,2180),(4394,291,594,2177),(4395,291,595,2181),(4396,291,596,2182),(4397,291,597,2178),(4398,291,598,2183),(4399,291,599,2184),(4400,291,600,2179),(4401,291,601,2185),(4402,291,602,2186),(4403,291,603,2187),(4404,291,604,2188),(4405,292,605,141),(4406,292,606,143),(4407,292,607,144),(4408,292,608,145),(4409,292,609,146),(4410,292,610,147),(4411,292,611,142),(4412,292,612,148),(4413,292,613,149),(4414,292,614,150),(4415,292,615,151),(4416,292,616,152),(4417,292,617,153),(4418,292,618,154),(4419,293,647,923),(4420,293,648,921),(4421,293,649,916),(4422,293,650,923),(4423,293,651,921),(4424,293,652,916),(4425,293,653,918),(4426,293,654,919),(4427,293,655,918),(4428,293,656,923),(4429,293,657,925),(4430,294,647,923),(4431,294,648,921),(4432,294,649,916),(4433,294,650,923),(4434,294,651,915),(4435,294,652,917),(4436,294,653,924),(4437,294,654,919),(4438,294,655,918),(4439,294,656,923),(4440,294,657,925),(4441,295,647,923),(4442,295,648,921),(4443,295,649,916),(4444,295,650,923),(4445,295,651,915),(4446,295,652,917),(4447,295,653,924),(4448,295,654,919),(4449,295,655,918),(4450,295,656,923),(4451,295,657,925),(4452,296,658,1134),(4453,296,659,1132),(4454,296,660,1129),(4455,296,661,1137),(4456,296,662,1130),(4457,296,663,1135),(4458,296,664,1128),(4459,296,665,1136),(4460,296,666,1133),(4461,296,667,1131),(4462,297,658,1134),(4463,297,659,1132),(4464,297,660,1129),(4465,297,661,1137),(4466,297,662,1130),(4467,297,663,1135),(4468,297,664,1128),(4469,297,665,1136),(4470,297,666,1133),(4471,297,667,1131),(4472,298,658,1134),(4473,298,659,1132),(4474,298,660,1129),(4475,298,661,1137),(4476,298,662,1130),(4477,298,663,1135),(4478,298,664,1128),(4479,298,665,1136),(4480,298,666,1133),(4481,298,667,1131),(4482,299,680,1384),(4483,299,681,1381),(4484,299,682,1389),(4485,299,683,1386),(4486,299,684,1382),(4487,299,685,1383),(4488,299,686,1388),(4489,299,687,1379),(4490,299,688,1380),(4491,299,689,1387),(4492,299,690,1385),(4493,299,691,1390),(4494,300,680,1384),(4495,300,681,1381),(4496,300,682,1389),(4497,300,683,1386),(4498,300,684,1382),(4499,300,685,1383),(4500,300,686,1388),(4501,300,687,1379),(4502,300,688,1380),(4503,300,689,1387),(4504,300,690,1385),(4505,300,691,1390),(4506,301,680,1384),(4507,301,681,1381),(4508,301,682,1389),(4509,301,683,1386),(4510,301,684,1382),(4511,301,685,1383),(4512,301,686,1388),(4513,301,687,1379),(4514,301,688,1380),(4515,301,689,1387),(4516,301,690,1385),(4517,301,691,1390),(4518,302,668,1172),(4519,302,669,1173),(4520,302,670,1174),(4521,302,671,1175),(4522,302,672,1176),(4523,302,673,1177),(4524,302,674,1180),(4525,302,675,1178),(4526,302,676,1179),(4527,302,677,1181),(4528,302,678,1182),(4529,302,679,1183),(4530,303,668,1172),(4531,303,669,1173),(4532,303,670,1174),(4533,303,671,1175),(4534,303,672,1176),(4535,303,673,1177),(4536,303,674,1180),(4537,303,675,1178),(4538,303,676,1179),(4539,303,677,1181),(4540,303,678,1182),(4541,303,679,1183),(4542,304,668,1172),(4543,304,669,1173),(4544,304,670,1174),(4545,304,671,1175),(4546,304,672,1176),(4547,304,673,1177),(4548,304,674,1180),(4549,304,675,1178),(4550,304,676,1179),(4551,304,677,1181),(4552,304,678,1182),(4553,304,679,1183),(4554,305,733,2203),(4555,305,734,2204),(4556,305,735,2205),(4557,305,736,2206),(4558,305,737,2207),(4559,305,738,2208),(4560,305,739,2209),(4561,305,740,2210),(4562,305,741,2211),(4563,305,742,2212),(4564,305,743,2213),(4565,305,744,2214),(4566,305,745,2215),(4567,305,746,2216),(4568,305,747,2215),(4569,305,748,2218),(4570,305,749,2219),(4571,306,1,1201),(4572,306,2,1189),(4573,306,3,1190),(4574,306,4,1191),(4575,306,5,1192),(4576,306,6,1193),(4577,306,7,1202),(4578,306,8,1194),(4579,306,9,1195),(4580,306,10,1196),(4581,306,11,1188),(4582,306,12,1197),(4583,306,13,1198),(4584,306,14,1199),(4585,306,15,1200),(4586,307,16,1205),(4587,307,17,1204),(4588,307,18,1206),(4589,307,19,1207),(4590,307,20,1208),(4591,307,21,1209),(4592,307,22,1217),(4593,307,23,1218),(4594,307,24,1210),(4595,307,25,1216),(4596,307,26,1211),(4597,307,27,1212),(4598,307,28,1213),(4599,307,29,1214),(4600,307,30,1215),(4601,308,1,1854),(4602,308,2,1855),(4603,308,3,1862),(4604,308,4,1856),(4605,308,5,1863),(4606,308,6,1864),(4607,308,7,1865),(4608,308,8,1857),(4609,308,9,1858),(4610,308,10,1861),(4611,308,11,1859),(4612,308,12,1866),(4613,308,13,1867),(4614,308,14,1860),(4615,308,15,1868),(4616,309,1,1854),(4617,309,2,1855),(4618,309,3,1862),(4619,309,4,1856),(4620,309,5,1863),(4621,309,6,1864),(4622,309,7,1865),(4623,309,8,1857),(4624,309,9,1858),(4625,309,10,1861),(4626,309,11,1859),(4627,309,12,1866),(4628,309,13,1867),(4629,309,14,1860),(4630,309,15,1868),(4631,310,31,1886),(4632,310,32,1887),(4633,310,33,1888),(4634,310,34,1889),(4635,310,35,1890),(4636,310,36,1890),(4637,310,37,1891),(4638,310,38,1892),(4639,310,39,1893),(4640,310,40,1894),(4641,310,41,1895),(4642,310,42,1895),(4643,310,43,1896),(4644,310,44,1897),(4645,310,45,1899),(4646,310,46,1898),(4647,311,31,1220),(4648,311,32,1224),(4649,311,33,1225),(4650,311,34,1226),(4651,311,35,1221),(4652,311,36,1227),(4653,311,37,1228),(4654,311,38,1222),(4655,311,39,1229),(4656,311,40,1230),(4657,311,41,1223),(4658,311,42,1231),(4659,311,43,1232),(4660,311,44,1233),(4661,311,45,1234),(4662,311,46,1235),(4663,312,16,2243),(4664,312,17,2244),(4665,312,18,2247),(4666,312,19,2245),(4667,312,20,2249),(4668,312,21,2250),(4669,312,22,2251),(4670,312,23,2252),(4671,312,24,2245),(4672,312,25,2246),(4673,312,26,2253),(4674,312,27,2254),(4675,312,28,2255),(4676,312,29,2256),(4677,312,30,2257),(4678,313,16,2243),(4679,313,17,2244),(4680,313,18,2247),(4681,313,19,2252),(4682,313,20,2249),(4683,313,21,2250),(4684,313,22,2251),(4685,313,23,2252),(4686,313,24,2245),(4687,313,25,2246),(4688,313,26,2253),(4689,313,27,2254),(4690,313,28,2255),(4691,313,29,2256),(4692,313,30,2257),(4693,314,31,1886),(4694,314,32,1887),(4695,314,33,1888),(4696,314,34,1889),(4697,314,35,1890),(4698,314,36,1890),(4699,314,37,1891),(4700,314,38,1892),(4701,314,39,1893),(4702,314,40,1894),(4703,314,41,1895),(4704,314,42,1895),(4705,314,43,1896),(4706,314,44,1897),(4707,314,45,1899),(4708,314,46,1898),(4709,315,31,755),(4710,315,32,753),(4711,315,33,758),(4712,315,34,755),(4713,315,35,754),(4714,315,36,759),(4715,315,37,765),(4716,315,38,760),(4717,315,39,761),(4718,315,40,762),(4719,315,41,763),(4720,315,42,756),(4721,315,43,757),(4722,315,44,766),(4723,315,45,764),(4724,315,46,767),(4725,316,47,1237),(4726,316,48,1238),(4727,316,49,1241),(4728,316,50,1242),(4729,316,51,1243),(4730,316,52,1244),(4731,316,53,1245),(4732,316,54,1239),(4733,316,55,1246),(4734,316,56,1247),(4735,316,57,1248),(4736,316,58,1240),(4737,316,59,1249),(4738,316,60,1250),(4739,316,61,1251),(4740,316,62,1252),(4741,316,63,1253),(4742,317,47,1902),(4743,317,48,1901),(4744,317,49,1904),(4745,317,50,1902),(4746,317,51,1905),(4747,317,52,1906),(4748,317,53,1915),(4749,317,54,1907),(4750,317,55,1909),(4751,317,56,1908),(4752,317,57,1910),(4753,317,58,1911),(4754,317,59,1912),(4755,317,60,1916),(4756,317,61,1913),(4757,317,62,1917),(4758,317,63,1918),(4759,318,47,1903),(4760,318,48,1901),(4761,318,49,1904),(4762,318,50,1902),(4763,318,51,1905),(4764,318,52,1906),(4765,318,53,1915),(4766,318,54,1907),(4767,318,55,1909),(4768,318,56,1908),(4769,318,57,1910),(4770,318,58,1911),(4771,318,59,1912),(4772,318,60,1916),(4773,318,61,1913),(4774,318,62,1917),(4775,318,63,1918),(4776,319,47,797),(4777,319,48,798),(4778,319,49,787),(4779,319,50,799),(4780,319,51,788),(4781,319,52,789),(4782,319,53,790),(4783,319,54,791),(4784,319,55,792),(4785,319,56,800),(4786,319,57,801),(4787,319,58,793),(4788,319,59,794),(4789,319,60,795),(4790,319,61,796),(4791,319,62,802),(4792,319,63,803),(4793,320,64,1737),(4794,320,65,1734),(4795,320,66,1738),(4796,320,67,1739),(4797,320,68,1740),(4798,320,69,1741),(4799,320,70,1742),(4800,320,71,1735),(4801,320,72,1743),(4802,320,73,1744),(4803,320,74,1745),(4804,320,75,1745),(4805,320,76,1746),(4806,320,77,1736),(4807,320,78,1747),(4808,320,79,1749),(4809,320,80,1748),(4810,321,64,1737),(4811,321,65,1734),(4812,321,66,1738),(4813,321,67,1739),(4814,321,68,1740),(4815,321,69,1741),(4816,321,70,1742),(4817,321,71,1735),(4818,321,72,1743),(4819,321,73,1744),(4820,321,74,1745),(4821,321,75,1734),(4822,321,76,1746),(4823,321,77,1736),(4824,321,78,1747),(4825,321,79,1749),(4826,321,80,1748),(4827,322,64,1255),(4828,322,65,1256),(4829,322,66,1257),(4830,322,67,1258),(4831,322,68,1259),(4832,322,69,1260),(4833,322,70,1261),(4834,322,71,1262),(4835,322,72,1270),(4836,322,73,1263),(4837,322,74,1264),(4838,322,75,1265),(4839,322,76,1266),(4840,322,77,1271),(4841,322,78,1267),(4842,322,79,1268),(4843,322,80,1269),(4844,323,64,2265),(4845,323,65,2266),(4846,323,66,2267),(4847,323,67,2268),(4848,323,68,2269),(4849,323,69,2279),(4850,323,70,2280),(4851,323,71,2270),(4852,323,72,2271),(4853,323,73,2272),(4854,323,74,2273),(4855,323,75,2274),(4856,323,76,2275),(4857,323,77,2271),(4858,323,78,2264),(4859,323,79,2275),(4860,323,80,2278),(4861,324,81,1939),(4862,324,82,1938),(4863,324,83,1940),(4864,324,84,1941),(4865,324,85,1942),(4866,324,86,1943),(4867,324,87,1944),(4868,324,88,1952),(4869,324,89,1945),(4870,324,90,1946),(4871,324,91,1947),(4872,324,92,1953),(4873,324,93,1948),(4874,324,94,1949),(4875,324,95,1950),(4876,324,96,1954),(4877,324,97,1951),(4878,325,81,1939),(4879,325,82,1938),(4880,325,83,1940),(4881,325,84,1941),(4882,325,85,1942),(4883,325,86,1943),(4884,325,87,1944),(4885,325,88,1952),(4886,325,89,1945),(4887,325,90,1946),(4888,325,91,1947),(4889,325,92,1953),(4890,325,93,1948),(4891,325,94,1949),(4892,325,95,1950),(4893,325,96,1954),(4894,325,97,1951),(4895,326,81,1273),(4896,326,82,1274),(4897,326,83,1277),(4898,326,84,1275),(4899,326,85,1278),(4900,326,86,1279),(4901,326,87,1288),(4902,326,88,1280),(4903,326,89,1281),(4904,326,90,1276),(4905,326,91,1282),(4906,326,92,1283),(4907,326,93,1284),(4908,326,94,1285),(4909,326,95,1289),(4910,326,96,1286),(4911,326,97,1287),(4912,327,81,2295),(4913,327,82,2287),(4914,327,83,2282),(4915,327,84,2283),(4916,327,85,2284),(4917,327,86,2290),(4918,327,87,2298),(4919,327,88,2285),(4920,327,89,2286),(4921,327,90,2291),(4922,327,91,2292),(4923,327,92,2293),(4924,327,93,2294),(4925,327,94,2288),(4926,327,95,2296),(4927,327,96,2299),(4928,327,97,2297),(4929,328,577,1523),(4930,328,578,1521),(4931,328,579,1524),(4932,328,580,1526),(4933,328,582,1536),(4934,328,583,1528),(4935,328,584,1527),(4936,328,586,1530),(4937,328,588,1537),(4938,328,589,1522),(4939,328,590,1534),(4940,329,577,458),(4941,329,578,459),(4942,329,579,463),(4943,329,580,464),(4944,329,581,465),(4945,329,582,466),(4946,329,583,460),(4947,329,584,461),(4948,329,585,467),(4949,329,586,468),(4950,329,587,469),(4951,329,588,470),(4952,329,589,462),(4953,329,590,471),(4954,330,591,1306),(4955,330,592,1307),(4956,330,593,1312),(4957,330,594,1313),(4958,330,595,1314),(4959,330,596,1315),(4960,330,597,1308),(4961,330,598,1316),(4962,330,599,1317),(4963,330,600,1318),(4964,330,601,1319),(4965,330,602,1309),(4966,330,603,1310),(4967,330,604,1311),(4968,331,591,2175),(4969,331,592,2176),(4970,331,593,2180),(4971,331,594,2177),(4972,331,595,2181),(4973,331,596,2182),(4974,331,597,2178),(4975,331,598,2183),(4976,331,599,2184),(4977,331,600,2179),(4978,331,601,2185),(4979,331,602,2186),(4980,331,603,2187),(4981,331,604,2188),(4982,332,605,473),(4983,332,606,474),(4984,332,607,479),(4985,332,608,480),(4986,332,609,481),(4987,332,610,475),(4988,332,611,476),(4989,332,612,482),(4990,332,613,483),(4991,332,614,477),(4992,332,615,484),(4993,332,616,478),(4994,332,617,485),(4995,332,618,486),(4996,333,605,141),(4997,333,606,143),(4998,333,607,144),(4999,333,608,145),(5000,333,609,146),(5001,333,610,147),(5002,333,611,142),(5003,333,612,148),(5004,333,613,149),(5005,333,614,150),(5006,333,615,151),(5007,333,616,152),(5008,333,617,153),(5009,333,618,154),(5010,334,577,458),(5011,334,578,459),(5012,334,579,463),(5013,334,580,464),(5014,334,581,465),(5015,334,582,466),(5016,334,583,460),(5017,334,584,461),(5018,334,585,467),(5019,334,586,468),(5020,334,587,469),(5021,334,588,470),(5022,334,589,462),(5023,334,590,471),(5024,335,591,1306),(5025,335,592,1307),(5026,335,593,1312),(5027,335,594,1313),(5028,335,595,1314),(5029,335,596,1315),(5030,335,597,1308),(5031,335,598,1316),(5032,335,599,1317),(5033,335,600,1318),(5034,335,601,1319),(5035,335,602,1309),(5036,335,603,1310),(5037,335,604,1311),(5038,336,605,473),(5039,336,606,474),(5040,336,607,479),(5041,336,608,480),(5042,336,609,481),(5043,336,610,475),(5044,336,611,476),(5045,336,612,482),(5046,336,613,483),(5047,336,614,477),(5048,336,615,484),(5049,336,616,478),(5050,336,617,485),(5051,336,618,486),(5052,337,577,1557),(5053,337,578,1558),(5054,337,579,1559),(5055,337,580,1555),(5056,337,582,1561),(5057,337,583,1562),(5058,337,584,1563),(5059,337,586,1565),(5060,337,588,1567),(5061,337,589,1556),(5062,337,590,1568),(5063,338,591,1570),(5064,338,592,1571),(5065,338,593,1572),(5066,338,594,1573),(5067,338,596,1575),(5068,338,597,1576),(5069,338,598,1577),(5070,338,600,1579),(5071,338,602,1581),(5072,338,603,1582),(5073,338,604,1583),(5074,339,605,1588),(5075,339,606,1589),(5076,339,607,1590),(5077,339,608,1591),(5078,339,610,1593),(5079,339,611,1594),(5080,339,612,1595),(5081,339,614,1597),(5082,339,616,1599),(5083,339,617,1600),(5084,339,618,1601),(5085,340,1,2310),(5086,340,2,2311),(5087,340,3,2315),(5088,340,4,2316),(5089,340,5,2317),(5090,340,6,2318),(5091,340,7,2319),(5092,340,8,2320),(5093,340,9,2312),(5094,340,10,2313),(5095,340,11,2321),(5096,340,12,2322),(5097,340,13,2314),(5098,340,14,2323),(5099,340,15,2324),(5100,341,16,755),(5101,341,17,753),(5102,341,18,758),(5103,341,19,754),(5104,341,20,759),(5105,341,21,765),(5106,341,22,760),(5107,341,23,761),(5108,341,24,762),(5109,341,25,763),(5110,341,26,756),(5111,341,27,757),(5112,341,28,766),(5113,341,29,764),(5114,341,30,767),(5115,342,1,2310),(5116,342,2,2311),(5117,342,3,2315),(5118,342,4,2316),(5119,342,5,2317),(5120,342,6,2318),(5121,342,7,2319),(5122,342,8,2320),(5123,342,9,2312),(5124,342,10,2313),(5125,342,11,2321),(5126,342,12,2322),(5127,342,13,2314),(5128,342,14,2323),(5129,342,15,2324),(5130,343,16,755),(5131,343,17,753),(5132,343,18,758),(5133,343,19,754),(5134,343,20,759),(5135,343,21,765),(5136,343,22,760),(5137,343,23,761),(5138,343,24,762),(5139,343,25,763),(5140,343,26,756),(5141,343,27,757),(5142,343,28,766),(5143,343,29,764),(5144,343,30,767),(5145,344,31,2327),(5146,344,32,2328),(5147,344,33,2331),(5148,344,34,2327),(5149,344,35,2332),(5150,344,36,2333),(5151,344,37,2334),(5152,344,38,2335),(5153,344,39,2341),(5154,344,40,2329),(5155,344,41,2330),(5156,344,42,2336),(5157,344,43,2337),(5158,344,44,2338),(5159,344,45,2339),(5160,344,46,2340),(5161,345,47,797),(5162,345,48,798),(5163,345,49,787),(5164,345,50,799),(5165,345,51,788),(5166,345,52,789),(5167,345,53,790),(5168,345,54,791),(5169,345,55,792),(5170,345,56,794),(5171,345,57,801),(5172,345,58,793),(5173,345,59,794),(5174,345,60,795),(5175,345,61,796),(5176,345,62,802),(5177,345,63,803),(5178,346,31,2327),(5179,346,32,2328),(5180,346,33,2331),(5181,346,34,2327),(5182,346,35,2332),(5183,346,36,2333),(5184,346,37,2334),(5185,346,38,2335),(5186,346,39,2341),(5187,346,40,2329),(5188,346,41,2330),(5189,346,42,2336),(5190,346,43,2337),(5191,346,44,2338),(5192,346,45,2339),(5193,346,46,2340);

/*Table structure for table `mdl_edumatrix_cellperiod` */

DROP TABLE IF EXISTS `mdl_edumatrix_cellperiod`;

CREATE TABLE `mdl_edumatrix_cellperiod` (
  `id` bigint(10) NOT NULL AUTO_INCREMENT,
  `codcourseperiod` bigint(10) NOT NULL,
  `finicio` bigint(10) NOT NULL,
  `ffin` bigint(10) NOT NULL,
  `pos` bigint(10) NOT NULL,
  `name` varchar(50) NOT NULL,
  PRIMARY KEY (`id`)
) ENGINE=MyISAM AUTO_INCREMENT=66 DEFAULT CHARSET=latin1;

/*Data for the table `mdl_edumatrix_cellperiod` */

/*Table structure for table `mdl_edumatrix_cells` */

DROP TABLE IF EXISTS `mdl_edumatrix_cells`;

CREATE TABLE `mdl_edumatrix_cells` (
  `id` int(11) NOT NULL AUTO_INCREMENT,
  `studentnote` int(11) DEFAULT NULL,
  `bankquestion` int(11) DEFAULT NULL,
  `quantityquestion` int(11) DEFAULT NULL,
  `col` varchar(15) COLLATE utf8_unicode_ci DEFAULT NULL,
  `row` varchar(15) COLLATE utf8_unicode_ci DEFAULT NULL,
  `codcategory` bigint(10) DEFAULT NULL,
  `codskill` bigint(10) DEFAULT NULL,
  `note` int(11) DEFAULT NULL,
  `codmatrix` int(11) DEFAULT NULL,
  PRIMARY KEY (`id`),
  KEY `codcategory` (`codcategory`) USING BTREE,
  KEY `codmatrix` (`codmatrix`) USING BTREE,
  KEY `codskill` (`codskill`) USING BTREE
) ENGINE=InnoDB AUTO_INCREMENT=750 DEFAULT CHARSET=utf8 COLLATE=utf8_unicode_ci;

/*Data for the table `mdl_edumatrix_cells` */

insert  into `mdl_edumatrix_cells`(`id`,`studentnote`,`bankquestion`,`quantityquestion`,`col`,`row`,`codcategory`,`codskill`,`note`,`codmatrix`) values (1,NULL,NULL,1,'2','0',4,2,13,1),(2,NULL,NULL,1,'4','1',5,4,4,1),(3,NULL,NULL,1,'2','2',6,2,14,1),(4,NULL,NULL,1,'3','3',7,3,9,1),(5,NULL,NULL,1,'3','4',8,3,11,1),(6,NULL,NULL,1,'4','5',10,4,2,1),(7,NULL,NULL,1,'5','5',10,5,4,1),(8,NULL,NULL,1,'3','6',11,3,12,1),(9,NULL,NULL,1,'3','7',12,3,13,1),(10,NULL,NULL,1,'4','8',13,4,4,1),(11,NULL,NULL,1,'4','9',14,4,2,1),(12,NULL,NULL,1,'5','9',14,5,4,1),(13,NULL,NULL,1,'4','10',16,4,2,1),(14,NULL,NULL,1,'4','11',17,4,3,1),(15,NULL,NULL,1,'5','11',17,5,3,1),(16,NULL,NULL,1,'2','0',21,7,11,2),(17,NULL,NULL,1,'4','1',22,9,5,2),(18,NULL,NULL,1,'2','2',23,7,14,2),(19,NULL,NULL,1,'3','3',24,8,5,2),(20,NULL,NULL,1,'3','4',25,8,8,2),(21,NULL,NULL,1,'4','5',27,9,4,2),(22,NULL,NULL,1,'5','5',27,10,4,2),(23,NULL,NULL,1,'3','6',28,8,12,2),(24,NULL,NULL,1,'3','7',29,8,13,2),(25,NULL,NULL,1,'4','8',30,9,4,2),(26,NULL,NULL,1,'4','9',31,9,4,2),(27,NULL,NULL,1,'5','9',31,10,4,2),(28,NULL,NULL,1,'4','10',33,9,4,2),(29,NULL,NULL,1,'4','11',34,9,4,2),(30,NULL,NULL,1,'5','11',34,10,4,2),(31,NULL,NULL,1,'2','0',38,12,9,3),(32,NULL,NULL,1,'4','1',39,14,5,3),(33,NULL,NULL,1,'2','2',40,12,8,3),(34,NULL,NULL,1,'2','3',41,12,7,3),(35,NULL,NULL,1,'3','3',41,13,5,3),(36,NULL,NULL,1,'3','4',42,13,7,3),(37,NULL,NULL,1,'4','5',44,14,5,3),(38,NULL,NULL,1,'5','5',44,15,5,3),(39,NULL,NULL,1,'3','6',45,13,11,3),(40,NULL,NULL,1,'3','7',46,13,12,3),(41,NULL,NULL,1,'4','8',47,14,5,3),(42,NULL,NULL,1,'4','9',48,14,4,3),(43,NULL,NULL,1,'5','9',48,15,5,3),(44,NULL,NULL,1,'4','10',50,14,4,3),(45,NULL,NULL,1,'4','11',51,14,4,3),(46,NULL,NULL,1,'5','11',51,15,4,3),(47,NULL,NULL,1,'2','0',55,17,11,4),(48,NULL,NULL,1,'4','1',56,19,4,4),(49,NULL,NULL,1,'2','2',57,17,7,4),(50,NULL,NULL,1,'2','3',58,17,8,4),(51,NULL,NULL,1,'3','4',59,18,9,4),(52,NULL,NULL,1,'4','5',61,19,3,4),(53,NULL,NULL,1,'3','6',62,18,15,4),(54,NULL,NULL,1,'3','7',63,18,12,4),(55,NULL,NULL,1,'5','7',63,20,3,4),(56,NULL,NULL,1,'4','8',64,19,4,4),(57,NULL,NULL,1,'4','9',66,19,3,4),(58,NULL,NULL,1,'4','10',67,19,3,4),(59,NULL,NULL,1,'4','11',68,19,4,4),(60,NULL,NULL,1,'5','11',68,20,3,4),(61,NULL,NULL,1,'4','12',69,19,3,4),(62,NULL,NULL,1,'4','13',70,19,5,4),(63,NULL,NULL,1,'5','13',70,20,3,4),(64,NULL,NULL,1,'2','0',74,22,9,5),(65,NULL,NULL,1,'4','1',75,24,5,5),(66,NULL,NULL,1,'2','2',76,22,7,5),(67,NULL,NULL,1,'2','3',77,22,7,5),(68,NULL,NULL,1,'3','4',78,23,8,5),(69,NULL,NULL,1,'4','5',80,24,3,5),(70,NULL,NULL,1,'3','6',81,23,14,5),(71,NULL,NULL,1,'3','7',82,23,11,5),(72,NULL,NULL,1,'5','7',82,25,4,5),(73,NULL,NULL,1,'4','8',83,24,5,5),(74,NULL,NULL,1,'4','9',85,24,3,5),(75,NULL,NULL,1,'4','10',86,24,3,5),(76,NULL,NULL,1,'4','11',87,24,5,5),(77,NULL,NULL,1,'5','11',87,25,4,5),(78,NULL,NULL,1,'4','12',88,24,3,5),(79,NULL,NULL,1,'4','13',89,24,5,5),(80,NULL,NULL,1,'5','13',89,25,4,5),(81,NULL,NULL,1,'2','0',93,27,7,6),(82,NULL,NULL,1,'4','1',94,29,6,6),(83,NULL,NULL,1,'2','2',95,27,6,6),(84,NULL,NULL,1,'2','3',96,27,7,6),(85,NULL,NULL,1,'3','4',97,28,7,6),(86,NULL,NULL,1,'4','5',99,29,4,6),(87,NULL,NULL,1,'3','6',100,28,13,6),(88,NULL,NULL,1,'3','7',101,28,10,6),(89,NULL,NULL,1,'5','7',101,30,5,6),(90,NULL,NULL,1,'4','8',102,29,5,6),(91,NULL,NULL,1,'4','9',104,29,3,6),(92,NULL,NULL,1,'4','10',105,29,3,6),(93,NULL,NULL,1,'4','11',106,29,6,6),(94,NULL,NULL,1,'5','11',106,30,5,6),(95,NULL,NULL,1,'4','12',107,29,5,6),(96,NULL,NULL,1,'4','13',108,29,3,6),(97,NULL,NULL,1,'5','13',108,30,5,6),(98,NULL,NULL,1,'1','0',110,32,3,7),(99,NULL,NULL,2,'3','0',110,34,4,7),(100,NULL,NULL,2,'4','0',110,35,7,7),(101,NULL,NULL,2,'2','1',111,33,6,7),(102,NULL,NULL,2,'2','2',112,33,5,7),(103,NULL,NULL,2,'4','2',112,35,7,7),(104,NULL,NULL,1,'1','3',113,32,6,7),(105,NULL,NULL,2,'2','3',113,33,7,7),(106,NULL,NULL,2,'3','3',113,34,5,7),(107,NULL,NULL,2,'4','3',113,35,8,7),(108,NULL,NULL,2,'2','4',114,33,4,7),(109,NULL,NULL,1,'1','5',115,32,5,7),(110,NULL,NULL,2,'3','5',115,34,7,7),(111,NULL,NULL,2,'4','5',115,35,4,7),(112,NULL,NULL,1,'1','6',116,32,6,7),(113,NULL,NULL,2,'3','6',116,34,7,7),(114,NULL,NULL,2,'4','6',116,35,9,7),(115,NULL,NULL,1,'1','0',118,37,4,8),(116,NULL,NULL,2,'3','0',118,39,6,8),(117,NULL,NULL,1,'2','1',119,38,5,8),(118,NULL,NULL,2,'4','1',119,40,5,8),(119,NULL,NULL,2,'3','2',120,39,6,8),(120,NULL,NULL,2,'4','2',120,40,7,8),(121,NULL,NULL,1,'1','3',121,37,4,8),(122,NULL,NULL,2,'2','3',121,38,6,8),(123,NULL,NULL,2,'4','3',121,40,6,8),(124,NULL,NULL,2,'3','4',122,39,6,8),(125,NULL,NULL,2,'4','4',122,40,4,8),(126,NULL,NULL,2,'2','5',123,38,5,8),(127,NULL,NULL,1,'2','6',124,38,5,8),(128,NULL,NULL,1,'1','7',125,37,5,8),(129,NULL,NULL,2,'4','7',125,40,7,8),(130,NULL,NULL,1,'1','8',126,37,6,8),(131,NULL,NULL,2,'3','8',126,39,6,8),(132,NULL,NULL,2,'4','8',126,40,7,8),(133,NULL,NULL,2,'2','0',128,43,3,9),(134,NULL,NULL,3,'4','0',128,45,7,9),(135,NULL,NULL,2,'1','1',129,42,4,9),(136,NULL,NULL,3,'4','1',129,45,8,9),(137,NULL,NULL,2,'1','2',130,42,5,9),(138,NULL,NULL,2,'3','2',130,44,5,9),(139,NULL,NULL,2,'3','3',131,44,5,9),(140,NULL,NULL,2,'2','4',132,43,3,9),(141,NULL,NULL,1,'3','4',132,44,5,9),(142,NULL,NULL,2,'4','4',132,45,8,9),(143,NULL,NULL,2,'1','5',133,42,4,9),(144,NULL,NULL,2,'3','5',133,44,5,9),(145,NULL,NULL,2,'2','6',134,43,5,9),(146,NULL,NULL,2,'4','6',134,45,7,9),(147,NULL,NULL,2,'2','7',135,43,3,9),(148,NULL,NULL,2,'3','7',135,44,5,9),(149,NULL,NULL,2,'1','8',136,42,5,9),(150,NULL,NULL,2,'2','8',136,43,6,9),(151,NULL,NULL,2,'4','8',136,45,7,9),(152,NULL,NULL,2,'1','0',138,47,5,10),(153,NULL,NULL,2,'3','0',138,49,4,10),(154,NULL,NULL,2,'4','1',139,50,6,10),(155,NULL,NULL,2,'4','2',140,50,6,10),(156,NULL,NULL,2,'3','3',141,49,4,10),(157,NULL,NULL,2,'4','3',141,50,4,10),(158,NULL,NULL,2,'2','4',142,48,5,10),(159,NULL,NULL,2,'3','4',142,49,6,10),(160,NULL,NULL,2,'4','4',142,50,7,10),(161,NULL,NULL,2,'1','5',143,47,6,10),(162,NULL,NULL,2,'2','5',143,48,5,10),(163,NULL,NULL,2,'3','6',144,49,4,10),(164,NULL,NULL,2,'3','7',145,49,4,10),(165,NULL,NULL,2,'4','7',145,50,6,10),(166,NULL,NULL,2,'1','8',146,47,6,10),(167,NULL,NULL,2,'2','8',146,48,5,10),(168,NULL,NULL,2,'2','9',147,48,4,10),(169,NULL,NULL,2,'3','9',147,49,4,10),(170,NULL,NULL,2,'4','9',147,50,5,10),(171,NULL,NULL,2,'4','10',148,50,4,10),(172,NULL,NULL,1,'1','0',150,52,4,11),(173,NULL,NULL,1,'3','0',150,54,3,11),(174,NULL,NULL,2,'4','0',150,55,4,11),(175,NULL,NULL,1,'3','1',151,54,3,11),(176,NULL,NULL,2,'4','1',151,55,4,11),(177,NULL,NULL,2,'3','2',152,54,4,11),(178,NULL,NULL,2,'4','2',152,55,4,11),(179,NULL,NULL,1,'1','3',153,52,4,11),(180,NULL,NULL,1,'2','3',153,53,4,11),(181,NULL,NULL,2,'3','3',153,54,5,11),(182,NULL,NULL,2,'4','3',153,55,7,11),(183,NULL,NULL,1,'1','4',154,52,4,11),(184,NULL,NULL,1,'2','4',154,53,4,11),(185,NULL,NULL,2,'3','4',154,54,4,11),(186,NULL,NULL,2,'4','4',154,55,4,11),(187,NULL,NULL,2,'3','5',155,54,3,11),(188,NULL,NULL,2,'4','5',155,55,5,11),(189,NULL,NULL,1,'1','6',156,52,4,11),(190,NULL,NULL,1,'2','6',156,53,5,11),(191,NULL,NULL,2,'4','6',156,55,4,11),(192,NULL,NULL,2,'3','7',157,54,2,11),(193,NULL,NULL,2,'4','7',157,55,4,11),(194,NULL,NULL,1,'2','8',158,53,5,11),(195,NULL,NULL,2,'3','8',158,54,3,11),(196,NULL,NULL,2,'4','8',158,55,3,11),(197,NULL,NULL,2,'2','0',160,58,4,12),(198,NULL,NULL,2,'3','0',160,59,4,12),(199,NULL,NULL,2,'4','0',160,60,4,12),(200,NULL,NULL,1,'1','1',161,57,6,12),(201,NULL,NULL,1,'2','1',161,58,4,12),(202,NULL,NULL,2,'3','1',161,59,5,12),(203,NULL,NULL,2,'4','1',161,60,4,12),(204,NULL,NULL,2,'3','2',162,59,4,12),(205,NULL,NULL,2,'4','2',162,60,4,12),(206,NULL,NULL,1,'2','3',163,58,3,12),(207,NULL,NULL,2,'3','3',163,59,4,12),(208,NULL,NULL,2,'4','3',163,60,4,12),(209,NULL,NULL,2,'3','4',164,59,4,12),(210,NULL,NULL,2,'4','4',164,60,5,12),(211,NULL,NULL,1,'1','5',165,57,5,12),(212,NULL,NULL,2,'4','5',165,60,4,12),(213,NULL,NULL,1,'2','6',166,58,3,12),(214,NULL,NULL,2,'4','6',166,60,4,12),(215,NULL,NULL,1,'1','7',167,57,4,12),(216,NULL,NULL,2,'2','7',167,58,3,12),(217,NULL,NULL,2,'4','7',167,60,3,12),(218,NULL,NULL,2,'3','8',168,59,7,12),(219,NULL,NULL,2,'4','8',168,60,8,12),(220,NULL,NULL,2,'2','0',170,63,2,13),(221,NULL,NULL,3,'4','0',170,65,4,13),(222,NULL,NULL,1,'1','1',171,62,2,13),(223,NULL,NULL,2,'3','1',171,64,5,13),(224,NULL,NULL,2,'4','1',171,65,4,13),(225,NULL,NULL,1,'1','2',172,62,3,13),(226,NULL,NULL,2,'2','2',172,63,2,13),(227,NULL,NULL,2,'4','2',172,65,5,13),(228,NULL,NULL,2,'2','3',173,63,2,13),(229,NULL,NULL,2,'3','3',173,64,7,13),(230,NULL,NULL,2,'4','3',173,65,4,13),(231,NULL,NULL,1,'1','4',174,62,3,13),(232,NULL,NULL,2,'2','4',174,63,2,13),(233,NULL,NULL,2,'4','4',174,65,6,13),(234,NULL,NULL,2,'2','5',175,63,2,13),(235,NULL,NULL,2,'3','5',175,64,7,13),(236,NULL,NULL,2,'4','5',175,65,4,13),(237,NULL,NULL,1,'1','6',176,62,3,13),(238,NULL,NULL,2,'2','6',176,63,3,13),(239,NULL,NULL,2,'3','6',176,64,5,13),(240,NULL,NULL,2,'4','6',176,65,5,13),(241,NULL,NULL,2,'1','7',177,62,3,13),(242,NULL,NULL,2,'3','7',177,64,5,13),(243,NULL,NULL,1,'4','7',177,65,5,13),(244,NULL,NULL,2,'2','8',178,63,3,13),(245,NULL,NULL,2,'4','8',178,65,4,13),(246,NULL,NULL,1,'1','0',180,67,2,14),(247,NULL,NULL,1,'2','0',180,68,2,14),(248,NULL,NULL,2,'3','0',180,69,5,14),(249,NULL,NULL,2,'4','0',180,70,5,14),(250,NULL,NULL,1,'1','1',181,67,2,14),(251,NULL,NULL,1,'2','1',181,68,1,14),(252,NULL,NULL,2,'3','1',181,69,5,14),(253,NULL,NULL,2,'4','1',181,70,5,14),(254,NULL,NULL,1,'1','2',182,67,2,14),(255,NULL,NULL,1,'2','2',182,68,1,14),(256,NULL,NULL,1,'1','3',183,67,2,14),(257,NULL,NULL,1,'2','3',183,68,1,14),(258,NULL,NULL,2,'3','3',183,69,3,14),(259,NULL,NULL,2,'4','3',183,70,7,14),(260,NULL,NULL,1,'2','4',184,68,2,14),(261,NULL,NULL,2,'3','4',184,69,3,14),(262,NULL,NULL,2,'4','4',184,70,6,14),(263,NULL,NULL,1,'2','5',185,68,1,14),(264,NULL,NULL,2,'3','5',185,69,3,14),(265,NULL,NULL,2,'4','5',185,70,7,14),(266,NULL,NULL,1,'1','6',186,67,2,14),(267,NULL,NULL,1,'2','6',186,68,2,14),(268,NULL,NULL,2,'3','6',186,69,5,14),(269,NULL,NULL,2,'4','6',186,70,5,14),(270,NULL,NULL,1,'2','7',187,68,2,14),(271,NULL,NULL,2,'3','7',187,69,4,14),(272,NULL,NULL,2,'4','7',187,70,3,14),(273,NULL,NULL,1,'1','8',188,67,3,14),(274,NULL,NULL,1,'2','8',188,68,2,14),(275,NULL,NULL,1,'2','9',189,68,1,14),(276,NULL,NULL,2,'3','9',189,69,2,14),(277,NULL,NULL,2,'4','9',189,70,4,14),(278,NULL,NULL,1,'1','0',191,72,2,15),(279,NULL,NULL,2,'2','0',191,73,2,15),(280,NULL,NULL,2,'3','0',191,74,4,15),(281,NULL,NULL,2,'4','0',191,75,5,15),(282,NULL,NULL,1,'1','1',192,72,2,15),(283,NULL,NULL,1,'2','1',192,73,1,15),(284,NULL,NULL,2,'3','1',192,74,4,15),(285,NULL,NULL,2,'4','1',192,75,5,15),(286,NULL,NULL,1,'2','2',193,73,2,15),(287,NULL,NULL,2,'3','2',193,74,4,15),(288,NULL,NULL,1,'1','3',194,72,2,15),(289,NULL,NULL,1,'2','3',194,73,2,15),(290,NULL,NULL,2,'3','3',194,74,3,15),(291,NULL,NULL,2,'4','3',194,75,6,15),(292,NULL,NULL,1,'1','4',195,72,2,15),(293,NULL,NULL,1,'2','4',195,73,2,15),(294,NULL,NULL,2,'3','4',195,74,3,15),(295,NULL,NULL,2,'4','4',195,75,6,15),(296,NULL,NULL,1,'1','5',196,72,1,15),(297,NULL,NULL,2,'3','5',196,74,3,15),(298,NULL,NULL,1,'2','6',197,73,2,15),(299,NULL,NULL,2,'3','6',197,74,3,15),(300,NULL,NULL,2,'4','6',197,75,6,15),(301,NULL,NULL,1,'1','7',198,72,1,15),(302,NULL,NULL,1,'2','7',198,73,2,15),(303,NULL,NULL,2,'4','7',198,75,5,15),(304,NULL,NULL,1,'1','8',199,72,2,15),(305,NULL,NULL,1,'2','8',199,73,1,15),(306,NULL,NULL,2,'3','8',199,74,4,15),(307,NULL,NULL,2,'4','8',199,75,5,15),(308,NULL,NULL,2,'3','9',200,74,3,15),(309,NULL,NULL,2,'4','9',200,75,5,15),(310,NULL,NULL,1,'1','0',202,77,2,16),(311,NULL,NULL,1,'2','0',202,78,1,16),(312,NULL,NULL,1,'3','0',202,79,3,16),(313,NULL,NULL,4,'4','0',202,80,9,16),(314,NULL,NULL,1,'2','1',203,78,1,16),(315,NULL,NULL,3,'3','1',203,79,6,16),(316,NULL,NULL,3,'4','1',203,80,5,16),(317,NULL,NULL,3,'1','2',204,77,2,16),(318,NULL,NULL,1,'2','2',204,78,2,16),(319,NULL,NULL,3,'3','2',204,79,6,16),(320,NULL,NULL,3,'4','2',204,80,5,16),(321,NULL,NULL,2,'1','3',205,77,2,16),(322,NULL,NULL,2,'2','3',205,78,3,16),(323,NULL,NULL,4,'3','3',205,79,7,16),(324,NULL,NULL,7,'4','3',205,80,5,16),(325,NULL,NULL,2,'1','4',206,77,2,16),(326,NULL,NULL,2,'2','4',206,78,1,16),(327,NULL,NULL,1,'3','4',206,79,3,16),(328,NULL,NULL,2,'4','4',206,80,5,16),(329,NULL,NULL,1,'2','5',207,78,2,16),(330,NULL,NULL,2,'3','5',207,79,5,16),(331,NULL,NULL,2,'4','5',207,80,5,16),(332,NULL,NULL,2,'1','6',208,77,2,16),(333,NULL,NULL,1,'2','6',208,78,2,16),(334,NULL,NULL,1,'3','6',208,79,2,16),(335,NULL,NULL,1,'4','6',208,80,5,16),(336,NULL,NULL,1,'1','7',209,77,1,16),(337,NULL,NULL,1,'2','7',209,78,1,16),(338,NULL,NULL,2,'4','7',209,80,5,16),(339,NULL,NULL,2,'1','0',211,82,2,17),(340,NULL,NULL,2,'2','0',211,83,3,17),(341,NULL,NULL,2,'3','0',211,84,7,17),(342,NULL,NULL,2,'4','0',211,85,10,17),(343,NULL,NULL,2,'1','1',212,82,2,17),(344,NULL,NULL,2,'2','1',212,83,2,17),(345,NULL,NULL,2,'3','1',212,84,3,17),(346,NULL,NULL,2,'4','1',212,85,5,17),(347,NULL,NULL,2,'2','2',213,83,1,17),(348,NULL,NULL,2,'3','2',213,84,4,17),(349,NULL,NULL,2,'1','3',214,82,1,17),(350,NULL,NULL,2,'2','3',214,83,2,17),(351,NULL,NULL,2,'3','3',214,84,4,17),(352,NULL,NULL,2,'4','3',214,85,5,17),(353,NULL,NULL,4,'1','4',215,82,2,17),(354,NULL,NULL,2,'2','4',215,83,3,17),(355,NULL,NULL,4,'4','4',215,85,5,17),(356,NULL,NULL,2,'2','5',216,83,1,17),(357,NULL,NULL,2,'3','5',216,84,4,17),(358,NULL,NULL,2,'4','5',216,85,5,17),(359,NULL,NULL,2,'1','6',217,82,1,17),(360,NULL,NULL,2,'2','6',217,83,2,17),(361,NULL,NULL,2,'4','6',217,85,5,17),(362,NULL,NULL,2,'1','7',218,82,2,17),(363,NULL,NULL,2,'2','7',218,83,1,17),(364,NULL,NULL,2,'3','7',218,84,4,17),(365,NULL,NULL,2,'4','7',218,85,5,17),(366,NULL,NULL,2,'3','8',219,84,4,17),(367,NULL,NULL,2,'4','8',219,85,5,17),(368,NULL,NULL,1,'1','0',221,87,9,18),(369,NULL,NULL,2,'2','0',221,88,6,18),(370,NULL,NULL,2,'3','0',221,89,2,18),(371,NULL,NULL,2,'4','0',221,90,4,18),(372,NULL,NULL,1,'1','1',222,87,5,18),(373,NULL,NULL,2,'2','1',222,88,7,18),(374,NULL,NULL,2,'1','2',223,87,9,18),(375,NULL,NULL,2,'2','2',223,88,4,18),(376,NULL,NULL,2,'3','2',223,89,1,18),(377,NULL,NULL,2,'4','2',223,90,3,18),(378,NULL,NULL,1,'1','3',224,87,7,18),(379,NULL,NULL,1,'2','3',224,88,6,18),(380,NULL,NULL,2,'3','3',224,89,3,18),(381,NULL,NULL,2,'4','3',224,90,2,18),(382,NULL,NULL,1,'1','4',225,87,8,18),(383,NULL,NULL,1,'2','4',225,88,7,18),(384,NULL,NULL,2,'4','4',225,90,6,18),(385,NULL,NULL,1,'1','5',226,87,6,18),(386,NULL,NULL,1,'2','5',226,88,5,18),(387,NULL,NULL,1,'1','0',228,92,9,19),(388,NULL,NULL,1,'2','0',228,93,5,19),(389,NULL,NULL,2,'3','0',228,94,2,19),(390,NULL,NULL,1,'4','0',228,95,4,19),(391,NULL,NULL,1,'1','1',229,92,5,19),(392,NULL,NULL,1,'2','1',229,93,6,19),(393,NULL,NULL,2,'3','1',229,94,2,19),(394,NULL,NULL,1,'1','2',230,92,9,19),(395,NULL,NULL,2,'2','2',230,93,3,19),(396,NULL,NULL,2,'3','2',230,94,2,19),(397,NULL,NULL,2,'4','2',230,95,3,19),(398,NULL,NULL,2,'1','3',231,92,6,19),(399,NULL,NULL,2,'2','3',231,93,6,19),(400,NULL,NULL,2,'3','3',231,94,3,19),(401,NULL,NULL,2,'4','3',231,95,4,19),(402,NULL,NULL,2,'1','4',232,92,7,19),(403,NULL,NULL,2,'2','4',232,93,7,19),(404,NULL,NULL,2,'4','4',232,95,7,19),(405,NULL,NULL,2,'1','5',233,92,5,19),(406,NULL,NULL,2,'2','5',233,93,5,19),(407,NULL,NULL,2,'1','0',235,97,8,20),(408,NULL,NULL,2,'2','0',235,98,5,20),(409,NULL,NULL,2,'3','0',235,99,2,20),(410,NULL,NULL,2,'4','0',235,100,5,20),(411,NULL,NULL,2,'1','1',236,97,4,20),(412,NULL,NULL,2,'2','1',236,98,6,20),(413,NULL,NULL,2,'3','1',236,99,3,20),(414,NULL,NULL,2,'1','2',237,97,8,20),(415,NULL,NULL,2,'2','2',237,98,3,20),(416,NULL,NULL,2,'3','2',237,99,3,20),(417,NULL,NULL,2,'4','2',237,100,4,20),(418,NULL,NULL,2,'1','3',238,97,6,20),(419,NULL,NULL,2,'2','3',238,98,5,20),(420,NULL,NULL,2,'3','3',238,99,4,20),(421,NULL,NULL,2,'4','3',238,100,4,20),(422,NULL,NULL,2,'1','4',239,97,7,20),(423,NULL,NULL,2,'2','4',239,98,6,20),(424,NULL,NULL,2,'4','4',239,100,8,20),(425,NULL,NULL,2,'1','5',240,97,5,20),(426,NULL,NULL,2,'2','5',240,98,4,20),(427,NULL,NULL,2,'1','0',242,102,7,21),(428,NULL,NULL,2,'2','0',242,103,5,21),(429,NULL,NULL,2,'3','0',242,104,4,21),(430,NULL,NULL,1,'4','0',242,105,6,21),(431,NULL,NULL,2,'1','1',243,102,4,21),(432,NULL,NULL,2,'2','1',243,103,5,21),(433,NULL,NULL,2,'3','1',243,104,3,21),(434,NULL,NULL,2,'1','2',244,102,7,21),(435,NULL,NULL,2,'2','2',244,103,2,21),(436,NULL,NULL,2,'3','2',244,104,3,21),(437,NULL,NULL,2,'4','2',244,105,5,21),(438,NULL,NULL,2,'1','3',245,102,5,21),(439,NULL,NULL,2,'2','3',245,103,5,21),(440,NULL,NULL,2,'3','3',245,104,5,21),(441,NULL,NULL,2,'4','3',245,105,5,21),(442,NULL,NULL,2,'1','4',246,102,7,21),(443,NULL,NULL,2,'2','4',246,103,5,21),(444,NULL,NULL,2,'4','4',246,105,8,21),(445,NULL,NULL,2,'1','5',247,102,5,21),(446,NULL,NULL,2,'2','5',247,103,4,21),(447,NULL,NULL,2,'1','0',249,107,6,22),(448,NULL,NULL,2,'2','0',249,108,4,22),(449,NULL,NULL,2,'3','0',249,109,5,22),(450,NULL,NULL,1,'4','0',249,110,7,22),(451,NULL,NULL,2,'1','1',250,107,4,22),(452,NULL,NULL,2,'2','1',250,108,5,22),(453,NULL,NULL,2,'3','1',250,109,4,22),(454,NULL,NULL,2,'1','2',251,107,6,22),(455,NULL,NULL,2,'2','2',251,108,2,22),(456,NULL,NULL,2,'3','2',251,109,3,22),(457,NULL,NULL,2,'4','2',251,110,5,22),(458,NULL,NULL,2,'1','3',252,107,5,22),(459,NULL,NULL,2,'2','3',252,108,4,22),(460,NULL,NULL,2,'3','3',252,109,6,22),(461,NULL,NULL,2,'4','3',252,110,6,22),(462,NULL,NULL,2,'1','4',253,107,7,22),(463,NULL,NULL,2,'2','4',253,108,4,22),(464,NULL,NULL,1,'4','4',253,110,9,22),(465,NULL,NULL,2,'1','5',254,107,4,22),(466,NULL,NULL,2,'2','5',254,108,4,22),(467,NULL,NULL,1,'1','0',256,112,6,23),(468,NULL,NULL,2,'2','0',256,113,4,23),(469,NULL,NULL,3,'3','0',256,114,6,23),(470,NULL,NULL,2,'4','0',256,115,8,23),(471,NULL,NULL,1,'1','1',257,112,4,23),(472,NULL,NULL,2,'2','1',257,113,5,23),(473,NULL,NULL,3,'3','1',257,114,7,23),(474,NULL,NULL,2,'1','2',258,112,5,23),(475,NULL,NULL,2,'2','2',258,113,2,23),(476,NULL,NULL,2,'4','2',258,115,6,23),(477,NULL,NULL,1,'1','3',259,112,3,23),(478,NULL,NULL,2,'2','3',259,113,3,23),(479,NULL,NULL,3,'3','3',259,114,8,23),(480,NULL,NULL,2,'4','3',259,115,7,23),(481,NULL,NULL,1,'1','4',260,112,7,23),(482,NULL,NULL,2,'2','4',260,113,2,23),(483,NULL,NULL,3,'4','4',260,115,9,23),(484,NULL,NULL,2,'1','5',261,112,4,23),(485,NULL,NULL,2,'2','5',261,113,4,23),(486,NULL,NULL,1,'1','0',263,117,7,24),(487,NULL,NULL,2,'2','0',263,118,4,24),(488,NULL,NULL,3,'3','0',263,119,6,24),(489,NULL,NULL,2,'4','0',263,120,8,24),(490,NULL,NULL,2,'1','1',264,117,5,24),(491,NULL,NULL,2,'2','1',264,118,5,24),(492,NULL,NULL,3,'3','1',264,119,7,24),(493,NULL,NULL,2,'1','2',265,117,6,24),(494,NULL,NULL,3,'4','2',265,120,7,24),(495,NULL,NULL,3,'1','3',266,117,5,24),(496,NULL,NULL,3,'2','3',266,118,3,24),(497,NULL,NULL,3,'3','3',266,119,11,24),(498,NULL,NULL,2,'4','3',266,120,8,24),(499,NULL,NULL,2,'4','4',267,120,10,24),(500,NULL,NULL,2,'1','5',268,117,3,24),(501,NULL,NULL,2,'2','5',268,118,5,24),(502,NULL,NULL,4,'1','0',270,122,7,25),(503,NULL,NULL,2,'2','0',270,123,4,25),(504,NULL,NULL,2,'3','0',270,124,6,25),(505,NULL,NULL,3,'4','0',270,125,9,25),(506,NULL,NULL,2,'1','1',271,122,5,25),(507,NULL,NULL,2,'2','1',271,123,4,25),(508,NULL,NULL,3,'3','1',271,124,7,25),(509,NULL,NULL,3,'1','2',272,122,5,25),(510,NULL,NULL,1,'4','2',272,125,8,25),(511,NULL,NULL,2,'1','3',273,122,3,25),(512,NULL,NULL,2,'2','3',273,123,2,25),(513,NULL,NULL,5,'3','3',273,124,14,25),(514,NULL,NULL,3,'4','3',273,125,8,25),(515,NULL,NULL,4,'4','4',274,125,11,25),(516,NULL,NULL,2,'1','5',275,122,3,25),(517,NULL,NULL,2,'2','5',275,123,4,25),(518,NULL,NULL,1,'1','0',277,127,3,26),(519,NULL,NULL,2,'4','0',277,130,6,26),(520,NULL,NULL,4,'1','1',278,127,11,26),(521,NULL,NULL,3,'2','1',278,128,5,26),(522,NULL,NULL,3,'3','1',278,129,7,26),(523,NULL,NULL,2,'4','1',278,130,3,26),(524,NULL,NULL,1,'1','2',279,127,3,26),(525,NULL,NULL,3,'3','2',279,129,9,26),(526,NULL,NULL,3,'4','2',279,130,3,26),(527,NULL,NULL,9,'4','3',280,130,16,26),(528,NULL,NULL,2,'1','4',281,127,3,26),(529,NULL,NULL,2,'2','4',281,128,6,26),(530,NULL,NULL,3,'3','4',281,129,7,26),(531,NULL,NULL,3,'4','4',281,130,6,26),(532,NULL,NULL,2,'3','5',282,129,7,26),(533,NULL,NULL,2,'4','5',282,130,5,26),(534,NULL,NULL,2,'1','0',284,132,3,27),(535,NULL,NULL,2,'1','1',285,132,5,27),(536,NULL,NULL,2,'2','1',285,133,6,27),(537,NULL,NULL,3,'3','1',285,134,7,27),(538,NULL,NULL,3,'4','1',285,135,3,27),(539,NULL,NULL,2,'1','2',286,132,3,27),(540,NULL,NULL,2,'2','2',286,133,4,27),(541,NULL,NULL,3,'3','2',286,134,7,27),(542,NULL,NULL,4,'4','2',286,135,3,27),(543,NULL,NULL,3,'4','3',287,135,14,27),(544,NULL,NULL,2,'1','4',288,132,3,27),(545,NULL,NULL,2,'2','4',288,133,6,27),(546,NULL,NULL,3,'3','4',288,134,7,27),(547,NULL,NULL,3,'4','4',288,135,6,27),(548,NULL,NULL,3,'3','5',289,134,7,27),(549,NULL,NULL,3,'4','5',289,135,6,27),(550,NULL,NULL,2,'1','6',290,132,2,27),(551,NULL,NULL,2,'2','6',290,133,5,27),(552,NULL,NULL,3,'3','6',290,134,3,27),(553,NULL,NULL,2,'2','0',292,138,4,28),(554,NULL,NULL,2,'4','0',292,140,6,28),(555,NULL,NULL,2,'1','1',293,137,2,28),(556,NULL,NULL,2,'2','1',293,138,2,28),(557,NULL,NULL,2,'3','1',293,139,8,28),(558,NULL,NULL,2,'4','1',293,140,3,28),(559,NULL,NULL,2,'1','2',294,137,2,28),(560,NULL,NULL,2,'2','2',294,138,3,28),(561,NULL,NULL,2,'3','2',294,139,5,28),(562,NULL,NULL,2,'4','2',294,140,10,28),(563,NULL,NULL,2,'1','3',295,137,3,28),(564,NULL,NULL,2,'2','3',295,138,3,28),(565,NULL,NULL,2,'3','3',295,139,3,28),(566,NULL,NULL,2,'4','3',295,140,3,28),(567,NULL,NULL,2,'3','4',296,139,3,28),(568,NULL,NULL,2,'4','4',296,140,12,28),(569,NULL,NULL,2,'1','5',297,137,2,28),(570,NULL,NULL,2,'2','5',297,138,5,28),(571,NULL,NULL,2,'3','5',297,139,3,28),(572,NULL,NULL,2,'2','6',298,138,3,28),(573,NULL,NULL,2,'2','7',299,138,3,28),(574,NULL,NULL,2,'1','8',300,137,4,28),(575,NULL,NULL,2,'2','8',300,138,5,28),(576,NULL,NULL,2,'3','8',300,139,3,28),(577,NULL,NULL,1,'2','0',304,142,9,29),(578,NULL,NULL,2,'4','1',305,144,5,29),(579,NULL,NULL,1,'2','2',306,142,8,29),(580,NULL,NULL,1,'3','3',307,143,7,29),(581,NULL,NULL,1,'5','4',309,145,5,29),(582,NULL,NULL,1,'3','5',310,143,11,29),(583,NULL,NULL,1,'3','6',311,143,9,29),(584,NULL,NULL,2,'4','7',312,144,5,29),(585,NULL,NULL,1,'5','8',313,145,6,29),(586,NULL,NULL,2,'4','9',315,144,4,29),(587,NULL,NULL,1,'5','10',316,145,7,29),(588,NULL,NULL,2,'4','11',317,144,4,29),(589,NULL,NULL,2,'4','12',318,144,8,29),(590,NULL,NULL,2,'4','13',319,144,12,29),(591,NULL,NULL,1,'2','0',323,147,7,30),(592,NULL,NULL,2,'4','1',324,149,5,30),(593,NULL,NULL,1,'2','2',325,147,7,30),(594,NULL,NULL,1,'3','3',326,148,6,30),(595,NULL,NULL,1,'5','4',328,150,6,30),(596,NULL,NULL,1,'3','5',329,148,2,30),(597,NULL,NULL,1,'3','6',330,148,8,30),(598,NULL,NULL,2,'4','7',331,149,5,30),(599,NULL,NULL,1,'5','8',332,150,3,30),(600,NULL,NULL,2,'4','9',334,149,5,30),(601,NULL,NULL,1,'5','10',335,150,9,30),(602,NULL,NULL,2,'4','11',336,149,5,30),(603,NULL,NULL,2,'4','12',337,149,9,30),(604,NULL,NULL,2,'4','13',338,149,5,30),(605,NULL,NULL,1,'2','0',342,152,5,31),(606,NULL,NULL,2,'4','1',343,154,5,31),(607,NULL,NULL,1,'2','2',344,152,6,31),(608,NULL,NULL,1,'3','3',345,153,5,31),(609,NULL,NULL,1,'5','4',347,155,7,31),(610,NULL,NULL,1,'3','5',348,153,9,31),(611,NULL,NULL,1,'3','6',349,153,7,31),(612,NULL,NULL,2,'4','7',350,154,5,31),(613,NULL,NULL,1,'5','8',351,155,7,31),(614,NULL,NULL,2,'4','9',353,154,6,31),(615,NULL,NULL,1,'5','10',354,155,10,31),(616,NULL,NULL,2,'4','11',355,154,6,31),(617,NULL,NULL,2,'4','12',356,154,10,31),(618,NULL,NULL,2,'4','13',357,154,12,31),(619,NULL,NULL,1,'2','0',361,157,3,32),(620,NULL,NULL,2,'4','1',362,159,6,32),(621,NULL,NULL,1,'2','2',363,157,5,32),(622,NULL,NULL,1,'3','3',364,158,4,32),(623,NULL,NULL,1,'5','4',366,160,8,32),(624,NULL,NULL,1,'3','5',367,158,8,32),(625,NULL,NULL,1,'3','6',368,158,6,32),(626,NULL,NULL,2,'4','7',369,159,6,32),(627,NULL,NULL,1,'5','8',370,160,9,32),(628,NULL,NULL,2,'4','9',372,159,7,32),(629,NULL,NULL,1,'5','10',373,160,10,32),(630,NULL,NULL,2,'4','11',374,159,6,32),(631,NULL,NULL,2,'4','12',375,159,10,32),(632,NULL,NULL,2,'4','13',376,159,12,32),(633,NULL,NULL,1,'2','0',380,162,3,33),(634,NULL,NULL,2,'4','1',381,164,6,33),(635,NULL,NULL,1,'2','2',382,162,2,33),(636,NULL,NULL,1,'3','3',383,163,3,33),(637,NULL,NULL,1,'5','4',385,165,9,33),(638,NULL,NULL,1,'3','5',386,163,5,33),(639,NULL,NULL,1,'3','6',387,163,5,33),(640,NULL,NULL,2,'4','7',388,164,7,33),(641,NULL,NULL,1,'5','8',389,165,5,33),(642,NULL,NULL,2,'4','9',391,164,6,33),(643,NULL,NULL,1,'5','10',392,165,5,33),(644,NULL,NULL,2,'4','11',393,164,6,33),(645,NULL,NULL,2,'4','12',394,164,7,33),(646,NULL,NULL,2,'4','13',395,164,5,33),(647,NULL,NULL,1,'1','0',397,167,3,34),(648,NULL,NULL,2,'2','0',397,168,10,34),(649,NULL,NULL,3,'3','0',397,169,17,34),(650,NULL,NULL,3,'1','1',398,167,15,34),(651,NULL,NULL,3,'2','1',398,168,12,34),(652,NULL,NULL,1,'3','1',398,169,5,34),(653,NULL,NULL,2,'4','1',398,170,12,34),(654,NULL,NULL,1,'3','2',399,169,5,34),(655,NULL,NULL,2,'4','2',399,170,8,34),(656,NULL,NULL,1,'1','3',400,167,5,34),(657,NULL,NULL,1,'4','3',400,170,8,34),(658,NULL,NULL,1,'1','0',402,172,3,35),(659,NULL,NULL,3,'2','0',402,173,12,35),(660,NULL,NULL,3,'3','0',402,174,15,35),(661,NULL,NULL,1,'4','0',402,175,6,35),(662,NULL,NULL,2,'4','1',403,175,7,35),(663,NULL,NULL,3,'4','2',404,175,27,35),(664,NULL,NULL,1,'1','3',405,172,5,35),(665,NULL,NULL,1,'2','3',405,173,7,35),(666,NULL,NULL,1,'4','3',405,175,5,35),(667,NULL,NULL,4,'1','4',406,172,13,35),(668,NULL,NULL,2,'2','0',410,177,10,36),(669,NULL,NULL,2,'2','1',411,177,10,36),(670,NULL,NULL,3,'4','2',412,179,15,36),(671,NULL,NULL,2,'4','3',414,179,5,36),(672,NULL,NULL,1,'4','4',415,179,5,36),(673,NULL,NULL,3,'4','5',416,179,7,36),(674,NULL,NULL,3,'4','6',417,179,8,36),(675,NULL,NULL,3,'3','7',418,178,10,36),(676,NULL,NULL,2,'4','8',420,179,10,36),(677,NULL,NULL,2,'4','9',421,179,10,36),(678,NULL,NULL,1,'4','10',422,179,5,36),(679,NULL,NULL,1,'4','11',423,179,5,36),(680,NULL,NULL,3,'2','0',425,183,15,37),(681,NULL,NULL,1,'3','0',425,184,7,37),(682,NULL,NULL,1,'4','0',425,185,6,37),(683,NULL,NULL,1,'3','1',426,184,5,37),(684,NULL,NULL,1,'1','2',427,182,8,37),(685,NULL,NULL,3,'2','2',427,183,9,37),(686,NULL,NULL,1,'3','2',427,184,3,37),(687,NULL,NULL,5,'4','2',427,185,24,37),(688,NULL,NULL,1,'1','3',428,182,5,37),(689,NULL,NULL,1,'3','3',428,184,5,37),(690,NULL,NULL,1,'4','3',428,185,5,37),(691,NULL,NULL,1,'4','4',429,185,8,37),(692,NULL,NULL,1,'2','0',431,188,3,38),(693,NULL,NULL,6,'4','0',431,190,18,38),(694,NULL,NULL,1,'1','1',432,187,2,38),(695,NULL,NULL,2,'2','1',432,188,4,38),(696,NULL,NULL,2,'4','1',432,190,4,38),(697,NULL,NULL,3,'3','2',433,189,9,38),(698,NULL,NULL,5,'2','3',434,188,10,38),(699,NULL,NULL,1,'3','3',434,189,2,38),(700,NULL,NULL,1,'4','3',434,190,4,38),(701,NULL,NULL,6,'2','4',435,188,12,38),(702,NULL,NULL,1,'3','4',435,189,2,38),(703,NULL,NULL,3,'2','5',436,188,9,38),(704,NULL,NULL,3,'3','6',437,189,9,38),(705,NULL,NULL,4,'4','6',437,190,12,38),(706,NULL,NULL,13,'5','0',441,195,13,39),(707,NULL,NULL,4,'3','1',442,193,8,39),(708,NULL,NULL,7,'2','2',443,192,14,39),(709,NULL,NULL,2,'4','3',445,194,6,39),(710,NULL,NULL,1,'3','4',446,193,3,39),(711,NULL,NULL,3,'4','4',446,194,9,39),(712,NULL,NULL,1,'3','5',447,193,3,39),(713,NULL,NULL,1,'4','5',447,194,3,39),(714,NULL,NULL,3,'4','6',449,194,15,39),(715,NULL,NULL,4,'4','7',450,194,20,39),(716,NULL,NULL,1,'5','8',451,195,6,39),(717,NULL,NULL,1,'2','0',455,197,4,40),(718,NULL,NULL,2,'4','1',456,199,8,40),(719,NULL,NULL,4,'2','2',457,197,16,40),(720,NULL,NULL,5,'4','3',459,199,20,40),(721,NULL,NULL,1,'4','4',460,199,4,40),(722,NULL,NULL,5,'4','5',461,199,20,40),(723,NULL,NULL,4,'3','6',462,198,16,40),(724,NULL,NULL,1,'4','7',464,199,4,40),(725,NULL,NULL,2,'4','8',465,199,8,40),(726,NULL,NULL,1,'5','0',469,205,20,41),(727,NULL,NULL,1,'3','1',471,203,10,41),(728,NULL,NULL,1,'2','2',472,202,10,41),(729,NULL,NULL,1,'5','3',474,205,20,41),(730,NULL,NULL,1,'4','4',475,204,15,41),(731,NULL,NULL,1,'4','5',477,204,15,41),(732,NULL,NULL,1,'3','6',479,203,10,41),(733,NULL,NULL,1,'2','0',483,207,5,42),(734,NULL,NULL,1,'3','1',484,208,2,42),(735,NULL,NULL,1,'3','2',485,208,2,42),(736,NULL,NULL,1,'4','3',486,209,9,42),(737,NULL,NULL,1,'2','4',487,207,5,42),(738,NULL,NULL,1,'5','5',488,210,6,42),(739,NULL,NULL,1,'4','6',489,209,9,42),(740,NULL,NULL,1,'3','7',490,208,4,42),(741,NULL,NULL,1,'5','8',491,210,6,42),(742,NULL,NULL,1,'3','9',493,208,5,42),(743,NULL,NULL,1,'5','10',494,210,7,42),(744,NULL,NULL,1,'4','11',495,209,10,42),(745,NULL,NULL,1,'5','12',496,210,5,42),(746,NULL,NULL,1,'3','13',497,208,4,42),(747,NULL,NULL,1,'5','14',498,210,7,42),(748,NULL,NULL,1,'5','15',499,210,7,42),(749,NULL,NULL,1,'5','16',500,210,7,42);

/*Table structure for table `mdl_edumatrix_comments` */

DROP TABLE IF EXISTS `mdl_edumatrix_comments`;

CREATE TABLE `mdl_edumatrix_comments` (
  `id` int(11) NOT NULL AUTO_INCREMENT,
  `codmatrix` int(11) NOT NULL,
  `codcategory` bigint(10) DEFAULT NULL,
  `codskill` bigint(10) DEFAULT NULL,
  `comment` varchar(1024) COLLATE utf8_unicode_ci NOT NULL,
  `codrange` bigint(10) NOT NULL,
  PRIMARY KEY (`id`),
  KEY `codskill` (`codskill`) USING BTREE,
  KEY `codcategory` (`codcategory`) USING BTREE,
  KEY `codmatrix` (`codmatrix`) USING BTREE,
  KEY `codrange` (`codrange`) USING BTREE
) ENGINE=InnoDB AUTO_INCREMENT=2245 DEFAULT CHARSET=utf8 COLLATE=utf8_unicode_ci;

/*Data for the table `mdl_edumatrix_comments` */

insert  into `mdl_edumatrix_comments`(`id`,`codmatrix`,`codcategory`,`codskill`,`comment`,`codrange`) values (1,1,4,NULL,'--',1),(2,1,4,NULL,'--',2),(3,1,4,NULL,'--',3),(4,1,4,NULL,'--',4),(5,1,5,NULL,'--',1),(6,1,5,NULL,'--',2),(7,1,5,NULL,'--',3),(8,1,5,NULL,'--',4),(9,1,6,NULL,'--',1),(10,1,6,NULL,'--',2),(11,1,6,NULL,'--',3),(12,1,6,NULL,'--',4),(13,1,7,NULL,'--',1),(14,1,7,NULL,'--',2),(15,1,7,NULL,'--',3),(16,1,7,NULL,'--',4),(17,1,8,NULL,'--',1),(18,1,8,NULL,'--',2),(19,1,8,NULL,'--',3),(20,1,8,NULL,'--',4),(21,1,10,NULL,'--',1),(22,1,10,NULL,'--',2),(23,1,10,NULL,'--',3),(24,1,10,NULL,'--',4),(25,1,11,NULL,'--',1),(26,1,11,NULL,'--',2),(27,1,11,NULL,'--',3),(28,1,11,NULL,'--',4),(29,1,12,NULL,'--',1),(30,1,12,NULL,'--',2),(31,1,12,NULL,'--',3),(32,1,12,NULL,'--',4),(33,1,13,NULL,'--',1),(34,1,13,NULL,'--',2),(35,1,13,NULL,'--',3),(36,1,13,NULL,'--',4),(37,1,14,NULL,'--',1),(38,1,14,NULL,'--',2),(39,1,14,NULL,'--',3),(40,1,14,NULL,'--',4),(41,1,16,NULL,'--',1),(42,1,16,NULL,'--',2),(43,1,16,NULL,'--',3),(44,1,16,NULL,'--',4),(45,1,17,NULL,'--',1),(46,1,17,NULL,'--',2),(47,1,17,NULL,'--',3),(48,1,17,NULL,'--',4),(49,1,NULL,2,'Escoger palabras al azar del fichero semanal y pedir que realice su propia historia. Luego hacer un dibujo y explicarlo',1),(50,1,NULL,2,'Escribir 5 palabras de un mismo tema en una hoja. Luego elaborar una historia utilizando esas cinco palabras. Hacer un dibujo.',2),(51,1,NULL,2,'En ocasiones muestra dominio de la información leída en el texto.',3),(52,1,NULL,2,'Evidencia manejo de la información obtenida del texto leído.',4),(53,1,NULL,3,'Leer por párrafos una historia y explicar con sus palabras lo que entiende.',1),(54,1,NULL,3,'Leer cuentos cortos y explicar al final de la historia lo que entendió.',2),(55,1,NULL,3,'Comprende la mayoría del texto leído.',3),(56,1,NULL,3,'Comprende los textos leídos y evidencia retentiva en los detalles.',4),(57,1,NULL,4,'Elaborar un dibujo e inventar su propia historia del mismo.',1),(58,1,NULL,4,'Pedir a un familiar que realice un dibujo y que el niño o niña invente una historia al respecto.',2),(59,1,NULL,4,'Escoger un dibujo de cualquier valla publicitaria y explicar el mensaje que quisieron dar los anunciantes.',3),(60,1,NULL,4,'Analiza de acuerdo a su edad los textos leídos.',4),(61,1,NULL,5,'Leer  fragmentos de fábulas haciendo pausa entre cada párrafo, ver su aplicación en la vida diaria.',1),(62,1,NULL,5,'Leer fábulas y explicar la moraleja.',2),(63,1,NULL,5,'Aplica ocasionalmente lo aprendido y leído en hechos reales.',3),(64,1,NULL,5,'Sabe aplicar lo aprendido y lo leído a hechos reales.',4),(65,2,21,NULL,'Con el apoyo de un adulto, leer cuentos infantiles cortos, luego realizar una lluvia de ideas diciendo todas las palabras que se recuerde del tema leído. ',5),(66,2,21,NULL,'Con el apoyo de un adulto, leer cuentos infantiles, luego realizar una lluvia de ideas en donde coloque todas las palabras que recuerda de lo leído, repetir la lectura y comprobar que las palabras escritas están en la lectura. ',6),(67,2,21,NULL,'Leer en parejas cuentos infantiles, se leerá hoja por hoja, luego realizar un resumen oral de lo leído,  Luego comparar con su compañerito si coinciden las lluvias de ideas con el libro. ',7),(68,2,21,NULL,'Leer cuentos infantiles, luego realizar una lluvia de ideas en donde coloque todas las palabras que recuerda de lo leído. Al final, realizar una representación de lo leído. ',8),(69,2,22,NULL,'--',5),(70,2,22,NULL,'--',6),(71,2,22,NULL,'--',7),(72,2,22,NULL,'--',8),(73,2,23,NULL,'--',5),(74,2,23,NULL,'--',6),(75,2,23,NULL,'--',7),(76,2,23,NULL,'--',8),(77,2,24,NULL,'--',5),(78,2,24,NULL,'--',6),(79,2,24,NULL,'--',7),(80,2,24,NULL,'--',8),(81,2,25,NULL,'--',5),(82,2,25,NULL,'--',6),(83,2,25,NULL,'--',7),(84,2,25,NULL,'--',8),(85,2,27,NULL,'Leer un libro o cuento infantil, luego en cada hoja o cada párrafo predecir lo que va a suceder en la siguiente escena, luego comparar los resultados. ',5),(86,2,27,NULL,'Leer el título de cuentos o de películas, luego debe imaginarse de que se va a tratar la historia, además, cambiar el final de la película o cuento, ponerle diversos finales para que sea divertido. ',6),(87,2,27,NULL,'Leer un cuento o libro infantil, luego en cada capítulo del libro se realizará una inferencia de lo que pueda suceder y del desenlace. ',7),(88,2,27,NULL,'Leer un cuento como si fuera un cronista de fut, un narrador de historias románticas, un científico, entre otros.  Luego debe explicarlo a un grupo pequeño cambiándole el final a la historia.',8),(89,2,28,NULL,'--',5),(90,2,28,NULL,'--',6),(91,2,28,NULL,'--',7),(92,2,28,NULL,'--',8),(93,2,29,NULL,'--',5),(94,2,29,NULL,'--',6),(95,2,29,NULL,'--',7),(96,2,29,NULL,'--',8),(97,2,30,NULL,'--',5),(98,2,30,NULL,'--',6),(99,2,30,NULL,'--',7),(100,2,30,NULL,'--',8),(101,2,31,NULL,'--',5),(102,2,31,NULL,'--',6),(103,2,31,NULL,'--',7),(104,2,31,NULL,'--',8),(105,2,33,NULL,'Ver la caricatura de algún cuento, Alicia en el País de las Maravilla, Blanca Nieves, entre otros. Luego comparar con lo escrito en un cuento del mismo nombre, crear sus deducciones. ',5),(106,2,33,NULL,'Ver la caricatura de algún cuento, Alicia en el País de las Maravilla, Blanca Nieves, entre otros. Luego comparar con lo escrito en un cuento del mismo nombre, crear sus deducciones. Variando el final, tanto de la caricatura como del cuento escrito. ',6),(107,2,33,NULL,'Buscar cuentos clásicos, luego, Ver la caricatura de algún cuento, Alicia en el País de las Maravilla, Blanca Nieves, entre otros. Hacer una comparación de un libro con la película apoyado por un adulto. ',7),(108,2,33,NULL,'Ver la caricatura de algún cuento, Alicia en el País de las Maravilla, Blanca Nieves, entre otros. Luego comparar con lo escrito en un cuento del mismo nombre, crear sus deducciones y escribir otra versión del cuento leído y visto. Todo esto con la ayuda de un adulto. ',8),(109,2,34,NULL,'--',5),(110,2,34,NULL,'--',6),(111,2,34,NULL,'--',7),(112,2,34,NULL,'--',8),(113,2,NULL,7,'Escoger los libros de textos usados por el centro de estudios, luego realizar pequeñas lecturas de algún tema de interés, al final, realizar mapas mentales de los temas leídos. Apoyado por un adulto.',5),(114,2,NULL,7,'Escoger los libros de textos usados por el centro de estudios, luego realizar  lecturas de algún tema de interés, al final, realizar mapas mentales de los temas leídos. Apoyado por un adulto',6),(115,2,NULL,7,'Escoger los libros de textos usados por el centro de estudios, luego realizar lecturas largas de algún tema de interés, al final, realizar mapas mentales de los temas leídos. Apoyado por un adulto ',7),(116,2,NULL,7,'Escoger los libros de textos usados por el centro de estudios, luego realizar lecturas extensas  de algún tema de interés, al final, realizar mapas mentales de los temas leídos. Apoyado por un adulto. ',8),(117,2,NULL,8,'Buscar fábula en internet, leerlas e identificar la ida principal haciéndose las preguntas, de qué habla esto? ¿Qué hace el personaje principal? ¿Quién es el personaje principal? Entre otras. ',5),(118,2,NULL,8,'Buscar fábula en internet, leerlas e identificar la ida principal haciéndose las preguntas, de qué habla esto? ¿Qué hace el personaje principal? ¿quién es el personaje principal? Entre otras. Puede apoyarse de una lluvia de ideas',6),(119,2,NULL,8,'Buscar fábula en internet, leerlas en parejas e identificar la ida principal haciéndose las preguntas, de qué habla esto? ¿Qué hace el personaje principal? ¿quién es el personaje principal? Entre otras. Luego redactar lo que ha entendido de la idea principal.',7),(120,2,NULL,8,'Buscar fábula en internet, leerlas en parejas e identificar la ida principal haciéndose las preguntas, de qué habla esto? ¿Qué hace el personaje principal? ¿quién es el personaje principal? Entre otras. Luego redactar lo que ha entendido de la idea principal.',8),(121,2,NULL,9,'Localizar dentro del texto palabras específicas o claves que le ayuden a entender lo leído.',5),(122,2,NULL,9,'Localizar dentro del texto palabras específicas o claves que le ayuden a entender lo leído, buscar en el diccionario los significados. ',6),(123,2,NULL,9,'Localizar dentro del texto palabras específicas o claves que le ayuden a entender lo leído, buscar en el diccionario los significados, hacer nuevas oraciones usando estas palabras.',7),(124,2,NULL,9,'Respetar la opinión al construir el significado de los textos pero orientarla a la idea principal.',8),(125,2,NULL,10,'Ejercitar la lectura en voz alta siendo monitoreada en casa por un adulto.',5),(126,2,NULL,10,'Realizar lectura en parejas, en una hoja cada niño escribirá el número de errores que comete el compañero al leer.',6),(127,2,NULL,10,'Lectura cronometrada en pareja identificando los errores.',7),(128,2,NULL,10,'Lectura cronometrada en pareja identificando los errores. Repetir oralmente las palabras mal pronunciadas. ',8),(129,3,38,NULL,'Debe leer todos los días, pequeños fragmentos y comprender cada palabra.',9),(130,3,38,NULL,'Leer todos los días, aumentando el vocabulario en contexto.',10),(131,3,38,NULL,'Leer 30 minutos diarios.',11),(132,3,38,NULL,'Practicar lectura diaria.',12),(133,3,39,NULL,'--',9),(134,3,39,NULL,'--',10),(135,3,39,NULL,'--',11),(136,3,39,NULL,'--',12),(137,3,40,NULL,'--',9),(138,3,40,NULL,'--',10),(139,3,40,NULL,'--',11),(140,3,40,NULL,'--',12),(141,3,41,NULL,'--',9),(142,3,41,NULL,'--',10),(143,3,41,NULL,'--',11),(144,3,41,NULL,'--',12),(145,3,42,NULL,'--',9),(146,3,42,NULL,'--',10),(147,3,42,NULL,'--',11),(148,3,42,NULL,'--',12),(149,3,44,NULL,'Debe realizar predicciones del texto. Hacer uso de las preguntas: ¿qué pasaría si?',9),(150,3,44,NULL,'Predecir solamente al leer título de los textos.',10),(151,3,44,NULL,'Leer un título e imaginar el resto del contenido.',11),(152,3,44,NULL,'Practicar lectura diaria y jugar a predecir el final de la historia.',12),(153,3,45,NULL,'--',9),(154,3,45,NULL,'--',10),(155,3,45,NULL,'--',11),(156,3,45,NULL,'--',12),(157,3,46,NULL,'--',9),(158,3,46,NULL,'--',10),(159,3,46,NULL,'--',11),(160,3,46,NULL,'--',12),(161,3,47,NULL,'--',9),(162,3,47,NULL,'--',10),(163,3,47,NULL,'--',11),(164,3,47,NULL,'--',12),(165,3,48,NULL,'--',9),(166,3,48,NULL,'--',10),(167,3,48,NULL,'--',11),(168,3,48,NULL,'--',12),(169,3,50,NULL,'Al final de cada capítulo, comentar el punto de vista del autor.',9),(170,3,50,NULL,'Buscar títulos de libros y opinar respecto al contenido solamente con saber el nombre del libro.',10),(171,3,50,NULL,'Luego de leer un libro, preguntarse si el título iba de acuerdo a lo leído.',11),(172,3,50,NULL,'Dar su punto de vista acerca del texto leído.',12),(173,3,51,NULL,'--',9),(174,3,51,NULL,'--',10),(175,3,51,NULL,'--',11),(176,3,51,NULL,'--',12),(177,3,NULL,12,'Explicar palabras del vocabulario  utilizando sus propias palabras.',9),(178,3,NULL,12,'Incrementar el vocabulario, buscando antónimos de las palabras e intercambiarlas en el texto.',10),(179,3,NULL,12,'Buscar las palabras no conocidas y recordar si entre las aprendidas previamente hay algún sinónimo de las nuevas.',11),(180,3,NULL,12,'Reconocer la cantidad de vocabulario aprendido.',12),(181,3,NULL,13,'Leer cada párrafo y explicar con sus propias palabras',9),(182,3,NULL,13,'Leer cada párrafo cuidadosamente y detenerse hasta entender el punto de vista del autor.',10),(183,3,NULL,13,'Entender cada párrafo leído y explicar con sus propias palabras.',11),(184,3,NULL,13,'Enfatizar en la comprensión más que en la fluidez.',12),(185,3,NULL,14,'Leer fragmentos de noticias y dar su punto de vista.',9),(186,3,NULL,14,'Dar opinión personal de lo leído hasta la fecha.',10),(187,3,NULL,14,'De cada texto leído, preguntarse si recomendaría el libro y por qué.',11),(188,3,NULL,14,'Opinar sobre el contenido de la historia leída.',12),(189,3,NULL,15,'Comparar lo leído con alguna anécdota.',9),(190,3,NULL,15,'Cambiar la historia, dando otro rol a alguno de los personajes de la historia.',10),(191,3,NULL,15,'Buscar libros que se relacionen con los leídos anteriormente y comparar los puntos de vista del autor.',11),(192,3,NULL,15,'Aplicar siempre lo leído con actividades diarias.',12),(193,4,55,NULL,'--',13),(194,4,55,NULL,'--',14),(195,4,55,NULL,'--',15),(196,4,55,NULL,'--',16),(197,4,56,NULL,'--',13),(198,4,56,NULL,'--',14),(199,4,56,NULL,'--',15),(200,4,56,NULL,'--',16),(201,4,57,NULL,'--',13),(202,4,57,NULL,'--',14),(203,4,57,NULL,'--',15),(204,4,57,NULL,'--',16),(205,4,58,NULL,'--',13),(206,4,58,NULL,'--',14),(207,4,58,NULL,'--',15),(208,4,58,NULL,'--',16),(209,4,59,NULL,'--',13),(210,4,59,NULL,'--',14),(211,4,59,NULL,'--',15),(212,4,59,NULL,'--',16),(213,4,61,NULL,'--',13),(214,4,61,NULL,'--',14),(215,4,61,NULL,'--',15),(216,4,61,NULL,'--',16),(217,4,62,NULL,'--',13),(218,4,62,NULL,'--',14),(219,4,62,NULL,'--',15),(220,4,62,NULL,'--',16),(221,4,63,NULL,'--',13),(222,4,63,NULL,'--',14),(223,4,63,NULL,'--',15),(224,4,63,NULL,'--',16),(225,4,64,NULL,'--',13),(226,4,64,NULL,'--',14),(227,4,64,NULL,'--',15),(228,4,64,NULL,'--',16),(229,4,66,NULL,'--',13),(230,4,66,NULL,'--',14),(231,4,66,NULL,'--',15),(232,4,66,NULL,'--',16),(233,4,67,NULL,'--',13),(234,4,67,NULL,'--',14),(235,4,67,NULL,'--',15),(236,4,67,NULL,'--',16),(237,4,68,NULL,'--',13),(238,4,68,NULL,'--',14),(239,4,68,NULL,'--',15),(240,4,68,NULL,'--',16),(241,4,69,NULL,'--',13),(242,4,69,NULL,'--',14),(243,4,69,NULL,'--',15),(244,4,69,NULL,'--',16),(245,4,70,NULL,'--',13),(246,4,70,NULL,'--',14),(247,4,70,NULL,'--',15),(248,4,70,NULL,'--',16),(249,4,NULL,17,'--',13),(250,4,NULL,17,'--',14),(251,4,NULL,17,'--',15),(252,4,NULL,17,'--',16),(253,4,NULL,18,'--',13),(254,4,NULL,18,'--',14),(255,4,NULL,18,'--',15),(256,4,NULL,18,'--',16),(257,4,NULL,19,'--',13),(258,4,NULL,19,'--',14),(259,4,NULL,19,'--',15),(260,4,NULL,19,'--',16),(261,4,NULL,20,'--',13),(262,4,NULL,20,'--',14),(263,4,NULL,20,'--',15),(264,4,NULL,20,'--',16),(265,5,74,NULL,'--',17),(266,5,74,NULL,'--',18),(267,5,74,NULL,'--',19),(268,5,74,NULL,'--',20),(269,5,75,NULL,'--',17),(270,5,75,NULL,'--',18),(271,5,75,NULL,'--',19),(272,5,75,NULL,'--',20),(273,5,76,NULL,'--',17),(274,5,76,NULL,'--',18),(275,5,76,NULL,'--',19),(276,5,76,NULL,'--',20),(277,5,77,NULL,'--',17),(278,5,77,NULL,'--',18),(279,5,77,NULL,'--',19),(280,5,77,NULL,'--',20),(281,5,78,NULL,'--',17),(282,5,78,NULL,'--',18),(283,5,78,NULL,'--',19),(284,5,78,NULL,'--',20),(285,5,80,NULL,'--',17),(286,5,80,NULL,'--',18),(287,5,80,NULL,'--',19),(288,5,80,NULL,'--',20),(289,5,81,NULL,'--',17),(290,5,81,NULL,'--',18),(291,5,81,NULL,'--',19),(292,5,81,NULL,'--',20),(293,5,82,NULL,'--',17),(294,5,82,NULL,'--',18),(295,5,82,NULL,'--',19),(296,5,82,NULL,'--',20),(297,5,83,NULL,'--',17),(298,5,83,NULL,'--',18),(299,5,83,NULL,'--',19),(300,5,83,NULL,'--',20),(301,5,85,NULL,'--',17),(302,5,85,NULL,'--',18),(303,5,85,NULL,'--',19),(304,5,85,NULL,'--',20),(305,5,86,NULL,'--',17),(306,5,86,NULL,'--',18),(307,5,86,NULL,'--',19),(308,5,86,NULL,'--',20),(309,5,87,NULL,'--',17),(310,5,87,NULL,'--',18),(311,5,87,NULL,'--',19),(312,5,87,NULL,'--',20),(313,5,88,NULL,'--',17),(314,5,88,NULL,'--',18),(315,5,88,NULL,'--',19),(316,5,88,NULL,'--',20),(317,5,89,NULL,'--',17),(318,5,89,NULL,'--',18),(319,5,89,NULL,'--',19),(320,5,89,NULL,'--',20),(321,5,NULL,22,'--',17),(322,5,NULL,22,'--',18),(323,5,NULL,22,'--',19),(324,5,NULL,22,'--',20),(325,5,NULL,23,'--',17),(326,5,NULL,23,'--',18),(327,5,NULL,23,'--',19),(328,5,NULL,23,'--',20),(329,5,NULL,24,'--',17),(330,5,NULL,24,'--',18),(331,5,NULL,24,'--',19),(332,5,NULL,24,'--',20),(333,5,NULL,25,'--',17),(334,5,NULL,25,'--',18),(335,5,NULL,25,'--',19),(336,5,NULL,25,'--',20),(337,6,93,NULL,'--',21),(338,6,93,NULL,'--',22),(339,6,93,NULL,'--',23),(340,6,93,NULL,'--',24),(341,6,94,NULL,'--',21),(342,6,94,NULL,'--',22),(343,6,94,NULL,'--',23),(344,6,94,NULL,'--',24),(345,6,95,NULL,'--',21),(346,6,95,NULL,'--',22),(347,6,95,NULL,'--',23),(348,6,95,NULL,'--',24),(349,6,96,NULL,'--',21),(350,6,96,NULL,'--',22),(351,6,96,NULL,'--',23),(352,6,96,NULL,'--',24),(353,6,97,NULL,'--',21),(354,6,97,NULL,'--',22),(355,6,97,NULL,'--',23),(356,6,97,NULL,'--',24),(357,6,99,NULL,'--',21),(358,6,99,NULL,'--',22),(359,6,99,NULL,'--',23),(360,6,99,NULL,'--',24),(361,6,100,NULL,'--',21),(362,6,100,NULL,'--',22),(363,6,100,NULL,'--',23),(364,6,100,NULL,'--',24),(365,6,101,NULL,'--',21),(366,6,101,NULL,'--',22),(367,6,101,NULL,'--',23),(368,6,101,NULL,'--',24),(369,6,102,NULL,'--',21),(370,6,102,NULL,'--',22),(371,6,102,NULL,'--',23),(372,6,102,NULL,'--',24),(373,6,104,NULL,'--',21),(374,6,104,NULL,'--',22),(375,6,104,NULL,'--',23),(376,6,104,NULL,'--',24),(377,6,105,NULL,'--',21),(378,6,105,NULL,'--',22),(379,6,105,NULL,'--',23),(380,6,105,NULL,'--',24),(381,6,106,NULL,'--',21),(382,6,106,NULL,'--',22),(383,6,106,NULL,'--',23),(384,6,106,NULL,'--',24),(385,6,107,NULL,'--',21),(386,6,107,NULL,'--',22),(387,6,107,NULL,'--',23),(388,6,107,NULL,'--',24),(389,6,108,NULL,'--',21),(390,6,108,NULL,'--',22),(391,6,108,NULL,'--',23),(392,6,108,NULL,'--',24),(393,6,NULL,27,'--',21),(394,6,NULL,27,'--',22),(395,6,NULL,27,'--',23),(396,6,NULL,27,'--',24),(397,6,NULL,28,'--',21),(398,6,NULL,28,'--',22),(399,6,NULL,28,'--',23),(400,6,NULL,28,'--',24),(401,6,NULL,29,'--',21),(402,6,NULL,29,'--',22),(403,6,NULL,29,'--',23),(404,6,NULL,29,'--',24),(405,6,NULL,30,'--',21),(406,6,NULL,30,'--',22),(407,6,NULL,30,'--',23),(408,6,NULL,30,'--',24),(409,7,110,NULL,'--',25),(410,7,110,NULL,'--',26),(411,7,110,NULL,'--',27),(412,7,110,NULL,'--',28),(413,7,111,NULL,'--',25),(414,7,111,NULL,'--',26),(415,7,111,NULL,'--',27),(416,7,111,NULL,'--',28),(417,7,112,NULL,'--',25),(418,7,112,NULL,'--',26),(419,7,112,NULL,'--',27),(420,7,112,NULL,'--',28),(421,7,113,NULL,'--',25),(422,7,113,NULL,'--',26),(423,7,113,NULL,'--',27),(424,7,113,NULL,'--',28),(425,7,114,NULL,'--',25),(426,7,114,NULL,'--',26),(427,7,114,NULL,'--',27),(428,7,114,NULL,'--',28),(429,7,115,NULL,'--',25),(430,7,115,NULL,'--',26),(431,7,115,NULL,'--',27),(432,7,115,NULL,'--',28),(433,7,116,NULL,'--',25),(434,7,116,NULL,'--',26),(435,7,116,NULL,'--',27),(436,7,116,NULL,'--',28),(437,7,NULL,32,'--',25),(438,7,NULL,32,'--',26),(439,7,NULL,32,'--',27),(440,7,NULL,32,'--',28),(441,7,NULL,33,'--',25),(442,7,NULL,33,'--',26),(443,7,NULL,33,'--',27),(444,7,NULL,33,'--',28),(445,7,NULL,34,'--',25),(446,7,NULL,34,'--',26),(447,7,NULL,34,'--',27),(448,7,NULL,34,'--',28),(449,7,NULL,35,'--',25),(450,7,NULL,35,'--',26),(451,7,NULL,35,'--',27),(452,7,NULL,35,'--',28),(453,8,118,NULL,'--',29),(454,8,118,NULL,'--',30),(455,8,118,NULL,'--',31),(456,8,118,NULL,'--',32),(457,8,119,NULL,'--',29),(458,8,119,NULL,'--',30),(459,8,119,NULL,'--',31),(460,8,119,NULL,'--',32),(461,8,120,NULL,'--',29),(462,8,120,NULL,'--',30),(463,8,120,NULL,'--',31),(464,8,120,NULL,'--',32),(465,8,121,NULL,'--',29),(466,8,121,NULL,'--',30),(467,8,121,NULL,'--',31),(468,8,121,NULL,'--',32),(469,8,122,NULL,'--',29),(470,8,122,NULL,'--',30),(471,8,122,NULL,'--',31),(472,8,122,NULL,'--',32),(473,8,123,NULL,'--',29),(474,8,123,NULL,'--',30),(475,8,123,NULL,'--',31),(476,8,123,NULL,'--',32),(477,8,124,NULL,'--',29),(478,8,124,NULL,'--',30),(479,8,124,NULL,'--',31),(480,8,124,NULL,'--',32),(481,8,125,NULL,'--',29),(482,8,125,NULL,'--',30),(483,8,125,NULL,'--',31),(484,8,125,NULL,'--',32),(485,8,126,NULL,'--',29),(486,8,126,NULL,'--',30),(487,8,126,NULL,'--',31),(488,8,126,NULL,'--',32),(489,8,NULL,37,'--',29),(490,8,NULL,37,'--',30),(491,8,NULL,37,'--',31),(492,8,NULL,37,'--',32),(493,8,NULL,38,'--',29),(494,8,NULL,38,'--',30),(495,8,NULL,38,'--',31),(496,8,NULL,38,'--',32),(497,8,NULL,39,'--',29),(498,8,NULL,39,'--',30),(499,8,NULL,39,'--',31),(500,8,NULL,39,'--',32),(501,8,NULL,40,'--',29),(502,8,NULL,40,'--',30),(503,8,NULL,40,'--',31),(504,8,NULL,40,'--',32),(505,9,128,NULL,'--',33),(506,9,128,NULL,'--',34),(507,9,128,NULL,'--',35),(508,9,128,NULL,'--',36),(509,9,129,NULL,'--',33),(510,9,129,NULL,'--',34),(511,9,129,NULL,'--',35),(512,9,129,NULL,'--',36),(513,9,130,NULL,'--',33),(514,9,130,NULL,'--',34),(515,9,130,NULL,'--',35),(516,9,130,NULL,'--',36),(517,9,131,NULL,'--',33),(518,9,131,NULL,'--',34),(519,9,131,NULL,'--',35),(520,9,131,NULL,'--',36),(521,9,132,NULL,'--',33),(522,9,132,NULL,'--',34),(523,9,132,NULL,'--',35),(524,9,132,NULL,'--',36),(525,9,133,NULL,'--',33),(526,9,133,NULL,'--',34),(527,9,133,NULL,'--',35),(528,9,133,NULL,'--',36),(529,9,134,NULL,'--',33),(530,9,134,NULL,'--',34),(531,9,134,NULL,'--',35),(532,9,134,NULL,'--',36),(533,9,135,NULL,'--',33),(534,9,135,NULL,'--',34),(535,9,135,NULL,'--',35),(536,9,135,NULL,'--',36),(537,9,136,NULL,'--',33),(538,9,136,NULL,'--',34),(539,9,136,NULL,'--',35),(540,9,136,NULL,'--',36),(541,9,NULL,42,'--',33),(542,9,NULL,42,'--',34),(543,9,NULL,42,'--',35),(544,9,NULL,42,'--',36),(545,9,NULL,43,'--',33),(546,9,NULL,43,'--',34),(547,9,NULL,43,'--',35),(548,9,NULL,43,'--',36),(549,9,NULL,44,'--',33),(550,9,NULL,44,'--',34),(551,9,NULL,44,'--',35),(552,9,NULL,44,'--',36),(553,9,NULL,45,'--',33),(554,9,NULL,45,'--',34),(555,9,NULL,45,'--',35),(556,9,NULL,45,'--',36),(557,10,138,NULL,'Ingresa al siguiente <a href=\\\\\\\"http://recursos.encicloabierta.org/enciclomedia/matematicas/enc_mat_cubicula/index.html\\\\\\\" target=\\\\\\\"_blank\\\\\\\">Link</a> .  Y realiza los ejercicios de volumen Y área. Verifica tus respuestas, práctica hasta lograr diez resultados correctos consecutivos. ',37),(558,10,138,NULL,'En una hoja realiza un collage de triángulos con diferentes  tamaños y tipos, pinta de rojo los triángulos equilateros,de  verde los triángulos isósceles y azul los escalenos. Luego calcula el perímetro de cada uno de los triángulos. ',38),(559,10,138,NULL,'Resuelve los siguientes problemas <a href=\\\\\\\"http://www.omerique.net/polavide/Banco_problemas/fracc_dec3ciclo.html\\\\\\\"  target=\\\\\\\"_blank\\\\\\\"> Ver Problemas </a>',39),(560,10,138,NULL,'Excelente',40),(561,10,139,NULL,'Realiza el siguiente ejercicio consigue que el caracol llegue a la lechuga completando la serie, realiza minimo 20 ejercicios <a href=\\\\\\\"http://ares.cnice.mec.es/matematicasep/a/1/ca1_08.html\\\\\\\" target=\\\\\\\"_blank\\\\\\\">Link</a>',37),(562,10,139,NULL,'Imprime y completa las series de documento \\\\\\\"series 4to primaria\\\\\\\" ',38),(563,10,139,NULL,'Ingresa a la siguiente página y da click en <a href=\\\\\\\"http://www2.gobiernodecanarias.org/educacion/17/WebC/eltanque/todo_mate/fracciones_e/ejercicios/fraccionesej10_p.html\\\\\\\" target=\\\\\\\"_blank\\\\\\\">Link</a>',39),(564,10,139,NULL,'Excelente',40),(565,10,140,NULL,'Observa el siguiente video sobre conjuntos <a href=\\\"http://www.youtube.com/watch?v=ZdCOwyZqWp8\\\" target=\\\"_blank\\\">Link</a',37),(566,10,140,NULL,'Recorta de una revista un tomate, lechuga, aguacate, manzana roja, uva, kiwi. Luego forma los siguientes conjuntos: A (conjunto frutas)  B (conjunto de verdes). Luego realiza la siguiente operación A-B (frutas que no sean verdes); B-A (Elementos verdes que no sean frutas) ',38),(567,10,140,NULL,'Revisa tu horario de clases, escribe en tu cuarderno un conjunto con las materias del lunes, y otro con las del martes y  Luego representa en un cuarto conjunto la unión  de los dos conjuntos anteriores. ',39),(568,10,140,NULL,'Excelente',40),(569,10,141,NULL,'Observa el video Y práctica construyendo tu propio ábaco para construir distintas cantidades <a href=\\\"http://www.youtube.com/watch?v=HgDIYxJwwVs\\\" target=\\\"_blank\\\">Link</a>',37),(570,10,141,NULL,'Realiza los siguientes ejercicios <a href=\\\"http://ares.cnice.mec.es/matematicasep/a/1/ca1_04.html\\\" target=\\\"_blank\\\">Link</a>',38),(571,10,141,NULL,'Resuelve con el ábaco los ejercicios que se te piden <a href=\\\"http://ares.cnice.mec.es/matematicasep/a/1/ca1_03.html\\\" target=\\\"_blank\\\">Link</a>',39),(572,10,141,NULL,'Excelente',40),(573,10,142,NULL,'Completa el resultado de las siguiente multiplicaciones <a href=\\\\\\\"http://www.elabueloeduca.com/aprender_jugando/juegos/matematicas/practica_jugando_multiplicaciones.php\\\\\\\" target=\\\\\\\"_blank\\\\\\\">Link</a>',37),(574,10,142,NULL,'Realiza el siguiente ejercicio verifica quien de los dos niños realiza cada operación de manera correcta de acuerdo a la jerarquía de operaciones. <a href=\\\"http://recursos.encicloabierta.org/telesecundaria/2tls/2_segundo/2_Matematicas/2m_b02_t01_s01_descartes/index.html\\\" target=\\\"_blank\\\">Link</a>',38),(575,10,142,NULL,'Completa en tu cuaderno la respuesta a los siguientes ejercicios <a href=\\\"http://www.omerique.net/polavide/Banco_problemas/macedonia1ciclo.html\\\" target=\\\"_blank\\\">Link</a>',39),(576,10,142,NULL,'Excelente',40),(577,10,143,NULL,'Realiza un repaso general sobre los decimales, navega en la siguiente página <a href=\\\"http://www2.gobiernodecanarias.org/educacion/17/WebC/eltanque/todo_mate/numdec/numdecim_p.html\\\" target=\\\"_blank\\\">Link</a>',37),(578,10,143,NULL,'Realiza la hoja de trabajo \\\"Decimales 4to primaria\\\" ',38),(579,10,143,NULL,'Resuelve la siguientes series sumando decimales, da click en pulsa para verificar tu respuesta.    Serie 1: <a href=\\\"http://sauce.pntic.mec.es/jdiego/calculo/seriescalculo/seriecalculo01.swf\\\" target=\\\"_blank\\\">Link1</a> Seriee 2: <a href=\\\"http://sauce.pntic.mec.es/jdiego/calculo/seriescalculo/seriecalculo03.swf\\\" target=\\\"_blank\\\">Link2</a> Serie 3: <a href=\\\"http://sauce.pntic.mec.es/jdiego/calculo/seriescalculo/seriecalculo05.swf\\\" target=\\\"_blank\\\">Link3</a>',39),(580,10,143,NULL,'Excelente',40),(581,10,144,NULL,'Lee la explicación de los números romanos Y para cada regla agrega un ejemplo en tu cuaderno <a href=\\\"http://www.elabueloeduca.com/aprender/matematicas/romanos/numeros_romanos.html\\\" target=\\\"_blank\\\">Link</a>',37),(582,10,144,NULL,'Realiza la hoja de trabajo convirtiendo los números romanos a naturales Números Romanos 4to Primaria',38),(583,10,144,NULL,'Observa el video sobre los números mayas Y realiza un cartel con los números mas del 1 al 25 <a href=\\\"http://www.youtube.com/watch?v=pGc_0qzeexQ\\\" target=\\\"_blank\\\">Link</a>',39),(584,10,144,NULL,'Excelente',40),(585,10,145,NULL,'Ingresa a la siguiente página, lee la página de inicio Y da click en la esquina inferior derecha en cargar ejercicios realiza todos los ejercicios <a href=\\\"http://www2.gobiernodecanarias.org/educacion/17/WebC/eltanque/todo_mate/fracciones_e/ejercicios/fraccionesej10_p.html\\\" target=\\\"_blank\\\">Link</a>',37),(586,10,145,NULL,'Realiza el ejercicio de suma de fracciones Y luego el de multiplicación  Suma: <a href=\\\"http://www2.gobiernodecanarias.org/educacion/17/WebC/eltanque/todo_mate/fracciones_e/ejercicios/suma_mcm_p.html\\\" target=\\\"_blank\\\">Link</a> Multiplicación: <a href=\\\"http://www2.gobiernodecanarias.org/educacion/17/WebC/eltanque/todo_mate/fracciones_e/ejercicios/multiplicacion_p.html\\\" target=\\\"_blank\\\">Link</a>',38),(587,10,145,NULL,'Resuelve las siguientes series con fracciones, da click en pulsa para verificar tu respuesta Serie 1: <a href=\\\"http://sauce.pntic.mec.es/jdiego/calculo/seriescalculo/seriecalculo05.swf\\\" target=\\\"_blank\\\">Link</a> Serie 2: <a href=\\\"http://sauce.pntic.mec.es/jdiego/calculo/seriescalculo/seriecalculo11.swf\\\" target=\\\"_blank\\\">Link</a>',39),(588,10,145,NULL,'Excelente',40),(589,10,146,NULL,'Observa con mucha atención el siguiente video Y resuelve con trocho Y pocho los ejercicios <a href=\\\"http://www.youtube.com/watch?v=9QjVXWqS8Q4\\\" target=\\\"_blank\\\">Link</a>',37),(590,10,146,NULL,'Ingresa en <a href=\\\"http://recursos.encicloabierta.org/unam/primaria/5_Quinto/Leccion_5_75/index.html\\\" target=\\\"_blank\\\">Link</a> Y realiza los ejercicios. Escribe con tus palabras la definición de proporcional.',38),(591,10,146,NULL,'Resuelve las siguientes series con fracciones, da click en pulsa para verificar tu respuesta Serie 1: <a href=\\\"http://sauce.pntic.mec.es/jdiego/calculo/seriescalculo/seriecalculo05.swf\\\" target=\\\"_blank\\\">Link</a> Serie 2: <a href=\\\"http://sauce.pntic.mec.es/jdiego/calculo/seriescalculo/seriecalculo11.swf\\\" target=\\\"_blank\\\">Link</a>',39),(592,10,146,NULL,'Excelente',40),(593,10,147,NULL,'Resuelve los ejercicios del documento adjunto \\\"Probabilidad 4to primaria\\\". Compara tus resultados con la respuesta correcta.',37),(594,10,147,NULL,'Busca en el periódico o el Internet, cinco gráficas de barras o líneas. Realiza la tabla de frecuencia que corresponde a cada gráfica.',38),(595,10,147,NULL,'Entrevista a 10 niños o niñas sobre el tiempo que dedican a la semana a estudiar. Construye una tabla y luego dibuja una gráfica de líneas con los datos, por último calcula el promedio de tiempo de estudio.',39),(596,10,147,NULL,'Excelente',40),(597,10,148,NULL,'Realiza las mediciónes de todos los objetivos por lo menos tres veces, cada vez será más difícil <a href=\\\"http://recursostic.educacion.es/primaria/cifras/web/a/3/ca3_02.html\\\" target=\\\"_blank\\\">Link</a> ',37),(598,10,148,NULL,'Ingresa a la siguiente página escucha la explicación Y luego da click en el lápiz para iniciar los ejercicios, resuelve todos los ejercicios de capacidad <a href=\\\"http://recursostic.educacion.es/primaria/cifras/web/a/3/ca3_04.html\\\" target=\\\"_blank\\\">Link</a>',38),(599,10,148,NULL,'Averigua el peso de tres personas en libras, conviertelo a kilogramos, gramos y arrobas. Luego ordenalos de mayor a menor. ',39),(600,10,148,NULL,'Excelente',40),(601,10,NULL,47,'Ingresa a la siguiente página en la sección Clasificar datos y resuelve el ejercicio hasta que logres complentarlo en un 100%  <a href=\\\"http://miscelaneaeducativa.com/estudiar/contenido9.swf\\\" target=\\\"_blank\\\">Link</a>',37),(602,10,NULL,47,'En el siguiente link selecciona la sección de La Cadena sigue las instrucciones Y práctica hasta que logres memorizar las diez palabras de la lista <a href=\\\"http://miscelaneaeducativa.com/estudiar/contenido9.swf\\\" target=\\\"_blank\\\">Link</a>',38),(603,10,NULL,47,'Selecciona la sección \\\"El Fichero\\\" lee detenidamente la técnica y utilzala para reforzar las tablas de multiplicar.',39),(604,10,NULL,47,'Excelente',40),(605,10,NULL,48,'Realiza todas las advinanzas de números, oprime el botón pulsa para verificar tus respuestas Y la flecha para seleccionar la siguiente adivinanza <a href=\\\"http://sauce.pntic.mec.es/jdiego/numer/adivina/adivinan3.swf\\\" target=\\\"_blank\\\">Link</a>',37),(606,10,NULL,48,'Coloca el signo correcto para completar la cadena en tu cuaderno <a href=\\\"http://redescolar.ilce.edu.mx/redescolar/act_permanentes/mate/lugares/mate1r/mate1r.htm\\\" target=\\\"_blank\\\">Link</a>',38),(607,10,NULL,48,'Resuelve los acertijos del 1 al 15 <a href=\\\"http://sauce.pntic.mec.es/jdiego/ymas/acertijos/acertijos1.htm\\\" target=\\\"_blank\\\">Link</a>',39),(608,10,NULL,48,'Excelente',40),(609,10,NULL,49,'Realiza los siguientes juegos, luego puedes ver sus soluciones <a href=\\\"http://redescolar.ilce.edu.mx/redescolar/act_permanentes/mate/lugares/mate2k.htm\\\" target=\\\"_blank\\\">Link</a>',37),(610,10,NULL,49,'Encuentra los siguientes 15 números, en cada busca comprueba tu respuesta <a href=\\\"http://sauce.pntic.mec.es/jdiego/numer/busca/buscanum1.htm\\\" target=\\\"_blank\\\">Link</a>',38),(611,10,NULL,49,'Guiate por la pistas Y adivina los 15 números <a href=\\\"http://sauce.pntic.mec.es/jdiego/numer/adivina/adivinanum1.htm\\\" target=\\\"_blank\\\">Link</a>',39),(612,10,NULL,49,'Excelente',40),(613,10,NULL,50,'Resuelve los problemas del 1 al 20 <a href=\\\"http://sauce.pntic.mec.es/jdiego/problem/probquie/quiendijoprob1.htm\\\" target=\\\"_blank\\\">Link</a>',37),(614,10,NULL,50,'Encuentra la respuesta a los siguientes 20 problemas Y da click en pulsa para comprobar cada respuesta <a href=\\\"http://sauce.pntic.mec.es/jdiego/problem/probabuelo/probabuelo1.htm\\\" target=\\\"_blank\\\">Link</a>',38),(615,10,NULL,50,'Realiza los siguientes problemas <a href=\\\"http://www.omerique.net/polavide/Banco_problemas/potaje1ciclo.html\\\" target=\\\"_blank\\\">Link</a>',39),(616,10,NULL,50,'Excelente',40),(617,11,150,NULL,' A continuación encontrarás un instructivo para construir un barrilete <a href=\\\\\\\"http://es.scribd.com/doc/59684571/Instructivo-Para-Barrilete-Hexagonal\\\\\\\" target=\\\\\\\"_blank\\\\\\\">Ver link</a>. En el paso 6 cuando  tengas el esqueleto del barrilete armado identifica, rectas paralelas, oblicuas y secantes y pintalas  con temperas de distintos colores',41),(618,11,150,NULL,'Utiliza una hoja cuadricula y dibuja 10 figuras que tenga el mismo perimetro, luego calcula el área de cada figura',42),(619,11,150,NULL,'Busca en revistas  cinco objetos circulares, mide  con la ayuda de una lana el perímetro de cada figura ; luego calcula cada área.',43),(620,11,150,NULL,'Excelente',44),(621,11,151,NULL,'Observa este video y luego realiza un resumen <a href=\\\\\\\"http://www.youtube.com/watch?v=4JdO0UetZBc\\\\\\\" target=\\\\\\\"_blank\\\\\\\">Ver video</a>',41),(622,11,151,NULL,'Dibuja en tu cuaderno dos conjuntos A y B. Luego representa      A-B, B-A y B Δ A. Realiza un diagrama comparando las diferencias entre cada una de las operaciones que realizaste. ',42),(623,11,151,NULL,'Escribe los subcojuntos de los siguientes conjuntos Universo: Países, notas musicales, números primos, días de la semana, deportes',43),(624,11,151,NULL,'Excelente',44),(625,11,152,NULL,'Realiza el dictado de cifras <a href=\\\\\\\"http://www.juntadeandalucia.es/averroes/carambolo/WEB%20JCLIC2/Agrega/Matematicas/Suma%20y%20resta%20de%20numeros%20naturales/Numeros%20menores%20del%20millon/contenido/mt07_oa02_es/index.html\\\\\\\" target=\\\\\\\"_blank\\\\\\\">Ver link</a>',41),(626,11,152,NULL,'Resuelve la siguiente hoja de trabajo <a href=\\\\\\\"http://www.elabueloeduca.com/aprender_jugando/juegos/matematicas/practica_jugando_numeros.php\\\\\\\" target=\\\\\\\"_blank\\\\\\\">Ver link</a>',42),(627,11,152,NULL,'Investiga la extensión territorial de todos los países de Centroámerica, ordenalos de mayor a menor y escribe cada cifra en letras. ',43),(628,11,152,NULL,'Excelente',44),(629,11,153,NULL,'Realiza la siguiente hoja de trabajo al terminar da click en \\\\\\\" ver respuestas\\\\\\\" <a href=\\\\\\\"http://www.disfrutalasmatematicas.com/ejercicios/print.php?w=1779&ID=26402&Ans=n\\\\\\\" target=\\\\\\\"_blank\\\\\\\">Ver link</a>',41),(630,11,153,NULL,'Resuelve los problemas del 3-10 comprueba tus respuestas <a href=\\\\\\\"http://sauce.pntic.mec.es/jdiego/problem/docena/docenaymedia1.htm\\\\\\\" target=\\\\\\\"_blank\\\\\\\">Ver link</a>',42),(631,11,153,NULL,'Encuentra la solución al siguiente problema combinando operaciones <a href=\\\\\\\"http://sauce.pntic.mec.es/jdiego/problem/probmas/probmasmas1.swf\\\\\\\" target=\\\\\\\"_blank\\\\\\\">Ver link</a>',43),(632,11,153,NULL,'Excelente',44),(633,11,154,NULL,'Ingresa y resuelve los ejercicios propuestos <a href=\\\\\\\"http://www2.gobiernodecanarias.org/educacion/17/WebC/eltanque/pizarradigital/NumDec5/decimas/actividades_d/actividades_d1.html\\\\\\\" target=\\\\\\\"_blank\\\\\\\">Ver link</a>',41),(634,11,154,NULL,'Realiza el ejercicio de comparación de decimales hasta que obtengas por lo menos 8 de10  aciertos <a href=\\\\\\\"http://www2.gobiernodecanarias.org/educacion/17/WebC/eltanque/pizarradigital/NumDec5/mas_actividades/mayor/Mayor_que.html\\\\\\\"target=\\\\\\\"_blank\\\\\\\">Ver link</a>',42),(635,11,154,NULL,'Resuelve los siguientes ejercicios <a href=\\\\\\\"http://www2.gobiernodecanarias.org/educacion/17/WebC/eltanque/pizarradigital/NumDec5/milesimas/actividades_m/actividades_m1.html\\\\\\\" target=\\\\\\\"_blank\\\\\\\">Ver link</a> ',43),(636,11,154,NULL,'Excelente',44),(637,11,155,NULL,'Revisa todos los apartados de la siguiente página como un repaso general de fracciones <a href=\\\\\\\"http://www.vedoque.com/juegos/juego.php?j=matematicas-04-fracciones\\\\\\\" target=\\\\\\\"_blank\\\\\\\">Ver link</a>',41),(638,11,155,NULL,'Ingresa  en la siguiente página y verifica cada una de las pestañas, resuelve los ejercicios <a href=\\\\\\\"http://recursos.encicloabierta.org/unam/primaria/5_Quinto/Leccion_5_49/index.html\\\\\\\" target=\\\\\\\"_blank\\\\\\\">Ver ejercicio</a>',42),(639,11,155,NULL,'Elabora un trifoliar donde expliques paso a paso el procedimiento para resolver adiciones, sustracciones y multiplicaciones de fracciones con distinto denominador. ',43),(640,11,155,NULL,'Excelente',44),(641,11,156,NULL,'Explora las pestañas de Registro para las canicas, dardos y lotería. Luego supera el reto A, B y C . Debes presionar otros valores hasta completar la barra <a href=\\\\\\\"http://recursos.encicloabierta.org/unam/primaria/5_Quinto/Leccion_5_18/index.html\\\\\\\" target=\\\\\\\"_blank\\\\\\\">Ver link</a>',41),(642,11,156,NULL,'Entra al siguiente ejercicio, navega por todas las secciones principalmente en la sección de Visualizar, pregunta y reto <a href=\\\\\\\"http://recursos.encicloabierta.org/unam/primaria/5_Quinto/Leccion_5_06/index.html\\\\\\\" target=\\\\\\\"_blank\\\\\\\"> Ver link</a>',42),(643,11,156,NULL,'Dentro de la siguiente página navega primero por la sección Explora, luego resuelve los retos A, B y C <a href=\\\\\\\"http://recursos.encicloabierta.org/unam/primaria/5_Quinto/Leccion_5_48/index.html target=\\\\\\\"_blank\\\\\\\">Ver ejercicio</a>',43),(644,11,156,NULL,'Excelente',44),(645,11,157,NULL,'Lee con atención la siguiente explicación y responde las preguntas del ejercicio <a href=\\\\\\\"http://recursostic.educacion.es/gauss/web/materiales_didacticos/primaria/actividades/estadistica_y_probabilidad/medidas/media_aritmetica/actividad.html\\\\\\\" target=\\\\\\\"_blank\\\\\\\">Ver  link</a>',41),(646,11,157,NULL,'Si Sara tiene en  su estuche 5 crayones rojos, 7 verdes, 4 azules, 9 amarillos y 3 negros. Dibuja el estuche de Sara y escribe en fracciones la probabilidad de obtener cada color si Sara escoge un crayón al azar. ',42),(647,11,157,NULL,'Entrevista a tus compañeros y compañeras de clase sobre ¿Cúales de los siguientes deportes prefieren practicar? Natación, Karate, Fútbol  o Beisbol. Registra los datos en una tabla y luego elabora en tu cuaderno  una gráfica de barras para representar los resultados, pinta de un color diferente el dato que represente la moda. ',43),(648,11,157,NULL,'Excelente',44),(649,11,158,NULL,'Elabora un cartel con una tabla de equivalencias y pegalo en un cuarto. Incluye equivalencias de tres unidades de longitud (ejemplo  m= 100 cm), tres equivalencias de masa, tres equivalencias de capacidad y tres equivalencias de volumen ',41),(650,11,158,NULL,'Resuelve los problemas las respuestas correctas son: <a href=\\\\\\\"http://www.omerique.net/polavide/Banco_problemas/lgcppeso2ciclo.html\\\\\\\" target=\\\\\\\"_blank\\\\\\\">Ver ejercicios</a>',42),(651,11,158,NULL,'Busca en el periódico el suplemento de ofertas de cualquier almacén, escoge quince artículos con sus respectivos precios. Investiga la tasa del cambio del  dolar  de acuerdo al Banco de Guatemala y convierte los precios de quetzales a dólares',43),(652,11,158,NULL,'Excelente',44),(653,11,NULL,52,'Ingresa a la siguiente página en la sección \\\\\\\"Repetir y añadir\\\\\\\" y practica hasta que logres memorizar todos los elementos de la lista <a href=\\\\\\\"http://miscelaneaeducativa.com/estudiar/contenido9.swf\\\\\\\" target=\\\\\\\"_blank\\\\\\\">Ver link</a>',41),(654,11,NULL,52,'Ingresa a la siguiente página en la sección \\\\\\\"acrosticos\\\\\\\" y realiza las actividades de la sección <a href=\\\\\\\"http://miscelaneaeducativa.com/estudiar/contenido9.swf\\\\\\\" target=\\\\\\\"_blank\\\\\\\">Ver link</a>',42),(655,11,NULL,52,'Ingresa a la siguiente página en la sección \\\\\\\"Trucos para olvidadizos\\\\\\\" y lee las 11 sugerencias para mejorar tu memoria en el día a día  <a href=\\\\\\\"http://miscelaneaeducativa.com/estudiar/contenido9.swf\\\\\\\" target=\\\\\\\"_blank\\\\\\\">Ver link</a>',43),(656,11,NULL,52,'Excelente',44),(657,11,NULL,53,'Escoge 20 de los ejercicios y resuelvelos <a href=\\\\\\\"http://sauce.pntic.mec.es/jdiego/razon/criptogramas/criptogramas.htm\\\\\\\" target=\\\\\\\"_blank\\\\\\\">Ver link</a>',41),(658,11,NULL,53,'Lee detenidamente cada enunciado y  resuelve <a href=\\\\\\\"http://sauce.pntic.mec.es/jdiego/razon/razonsin/razonamientosin1.htm\\\\\\\" target=\\\\\\\"_blank\\\\\\\">Ver link</a>',42),(659,11,NULL,53,'Razona los siguientes enunciados, y contesta <a href=\\\\\\\"http://sauce.pntic.mec.es/jdiego/razon/razonsin/razonamientosin2.htm\\\\\\\" target=\\\\\\\"_blank\\\\\\\"> Ver link</a>',43),(660,11,NULL,53,'Excelente',44),(661,11,NULL,54,'Resuelve todas las series con número impar <a href=\\\\\\\"http://sauce.pntic.mec.es/jdiego/razon/seriesrazon/seriesrazon.htm\\\\\\\" target=\\\\\\\"_blank\\\\\\\">Ver link</a>',41),(662,11,NULL,54,'Construye todas las piramides que sean posible <a href=\\\\\\\"http://sauce.pntic.mec.es/jdiego/calculo/piramides/piramides.htm\\\\\\\" target=\\\\\\\"_blank\\\\\\\">Ver link</a>',42),(663,11,NULL,54,'Completa el siguiente cuadro mágico <a href=\\\\\\\"http://sauce.pntic.mec.es/jdiego/calculo/cuadrados/cuadrado10.swf\\\\\\\" target=\\\\\\\"_blank\\\\\\\">Ver link</a>',43),(664,11,NULL,54,'Excelente',44),(665,11,NULL,55,'Revisa el reto de las edades, puedes ayudarte de la estrategia para resolverlo, luego comprueba tu respuesta <a href=\\\\\\\"http://www.omerique.net/polavide/retospolavide/plantilla_actv_tic/index.html\\\\\\\" target=\\\\\\\"_blank\\\\\\\">Ver link</a>',41),(666,11,NULL,55,'Resuelve los siguientes probelmas <a href=\\\\\\\"http://sauce.pntic.mec.es/jdiego/problem/revol/revoltijoprob2.htm\\\\\\\" target=\\\\\\\"_blank\\\\\\\">Ver link</a>',42),(667,11,NULL,55,'Realiza los problemas en la siguiente página <a href=\\\\\\\"http://sauce.pntic.mec.es/jdiego/razon/razoncon/razonamientocon2.htm\\\\\\\" target=\\\\\\\"_blank\\\\\\\">Ver link</a>',43),(668,11,NULL,55,'Excelente',44),(669,12,160,NULL,'Resuelve mínimo 20 ejemplos de los siguientes, debes colocarte sobre la letra y reemplazarla por el valor, luego verifica tu respuesta <a href=\"http://recursos.encicloabierta.org/telesecundaria/1tls/1_primero/1_Matematicas/1m_b03_t02_s01_descartes/index.html\" target=\"_blank\">Ver Link</a>',45),(670,12,160,NULL,'Mide largo y ancho  de cada uno de tus libros y reemplaza los valores de a y b en la siguiente expresión A= a*b  ',46),(671,12,160,NULL,'Realiza el reto A y el reto B, con diferentes valores del siguiente ejercicio <a href=\"http://recursos.encicloabierta.org/unam/primaria/6_Sexto/Leccion_6_46/index.html\" target=\"_blank\">Ver Link</a>',47),(672,12,160,NULL,'Felicidades, ha demostrado un excelente nivel de conocimiento en álgebra te incentivamos a seguir mejorando',48),(673,12,161,NULL,'Resuelve los problemas y verifica tu respuesta <a href=\"http://www.thatquiz.org/es/previewtest?W/L/H/V/98501288595506\" target=\"_blank\">Ver Link></a>',45),(674,12,161,NULL,'Realiza la lista de opciones de regalos que te gustaría recibir en tu cumpleaños, investiga el precio de cada uno de los objetos en tu lista. Si solo puedes tener el 50% del valor total del precio de la lista ¿Qué objetos tendrías?',46),(675,12,161,NULL,'Realiza los ejercicios siguientes: <a href=\"http://www.mamutmatematicas.com/ejercicios/tabla.php?type=*&long=1&col=2&row=5&min1=10000&max1=99999&step1=1&list1=&min2=2&max2=9&step2=1&list2=&min3=&max3=&step3=1&list3=&M=2&D=2&xdiv=2&exd=1&neg=1&font=Default&FontSize=14pt&pad=25&ptitle=&Submit=Submit\" target=\"_blank\">Ver Link</a>',47),(676,12,161,NULL,'Felicidades, ha demostrado un excelente nivel de conocimiento en álgebra te incentivamos a seguir mejorando',48),(677,12,162,NULL,'Resuelve los siguientes problemas < a href=\"http://www.eduteka.org/MI/master/interactivate/lessons/pp1.html\" target=\"_blank\">Ver Link</a>',45),(678,12,162,NULL,'Realiza un cuadro comparativo entre la unión e intersección, señala las diferencias, las semejanzas y un ejemplo de cada uno.',46),(679,12,162,NULL,'Nombra tan rápido como sea posible elementos de los siguientes conjuntos: prendas de vestir; marcas de automóviles, deportes y compañeros de clase.',47),(680,12,162,NULL,'Felicidades, ha demostrado un excelente nivel de conocimiento en álgebra te incentivamos a seguir mejorando',48),(681,12,163,NULL,'Realiza un cuadro comparativo entre la moda, media y la mediana. Y escribe un ejemplo de cada uno ',45),(682,12,163,NULL,'Lanza una moneda diez veces y anota el resultado en una tabla.  Compara el % de cara obtenido vrs su probabilidad del 50 % ',46),(683,12,163,NULL,'Responde la pregunta <a href=\"http://recursos.encicloabierta.org/unam/primaria/5_Quinto/Leccion_5_18/index.html\" target=\"_blank\">Ver Pregunta</a>',47),(684,12,163,NULL,'Felicidades, ha demostrado un excelente nivel de conocimiento en álgebra te incentivamos a seguir mejorando',48),(685,12,164,NULL,'Escucha la lección y resuelve el test <a href=\"http://www.wikisaber.es/Contenidos/LObjects/polygons/index.html\" target=\"_blank\"> Ver Test</a>',45),(686,12,164,NULL,'Realiza el taller experimental <a href=\"http://www.genmagic.org/mates1/per1c.swf\" target=\"_blank\">Ver Link</a>',46),(687,12,164,NULL,'Busca en tus cosas, objetos con forma de un cubo o esfera y calcula su volumen ',47),(688,12,164,NULL,'Felicidades, ha demostrado un excelente nivel de conocimiento en álgebra te incentivamos a seguir mejorando',48),(689,12,165,NULL,'Recorta 15 tiras de papel de diferente largo cada una, luego mide cada tira  en cm y  en pulgadas y encuentra la relación. Expresa cada medida en metros y en yardas. ',45),(690,12,165,NULL,'Observa las tablas nutricionales de cualquier galleta o cereal registra el peso en gramos, onzas y libras. Luego ordenalos de mayor a menor peso ',46),(691,12,165,NULL,'Prepara recipientes de litro, galón y vaso. Llenalos de agua y efectua comparaciones. ',47),(692,12,165,NULL,'Felicidades, ha demostrado un excelente nivel de conocimiento en álgebra te incentivamos a seguir mejorando',48),(693,12,166,NULL,'Dibuja en un cartel una recta númerica del 0 al 1,000 en números de 10 en 10. Investiga los precios de algunas prendas de tu armario y ubica cada prenda en la recta númerica según su precio ',45),(694,12,166,NULL,'Resuelve el ejercicio de la siguiente página <a href=\"http://www2.gobiernodecanarias.org/educacion/17/WebC/eltanque/todo_mate/numenteros/altitud/altitud_p.html\" target=\"_blank\">Ver link</a>',46),(695,12,166,NULL,'Investiga extensión territorial de los países de Centroamerica, ordenalos de mayor a menor y escribe cada cifra en letras. ',47),(696,12,166,NULL,'Felicidades, ha demostrado un excelente nivel de conocimiento en álgebra te incentivamos a seguir mejorando',48),(697,12,167,NULL,'Trabaja los ejercicio de la siguiente página, lee detenidamente cada paso <a href=\"http://www2.gobiernodecanarias.org/educacion/17/WebC/eltanque/todo_mate/fracnum/fracnum_p.html\" target=\"_blank\">Ver Link</a>',45),(698,12,167,NULL,'Resuelve los siguientes ejercios <a href=\"http://www.amolasmates.es/flash/fraccio-cas.html\" target=\"_blank\">Ver link</a>',46),(699,12,167,NULL,'Escribe diez fracciones, luego encuentra su equivalente. Por último traslada estas fracciones a números decimales ',47),(700,12,167,NULL,'Felicidades, ha demostrado un excelente nivel de conocimiento en álgebra te incentivamos a seguir mejorando',48),(701,12,168,NULL,'Analiza los pasos para resolver un problema <a href=\"http://prezi.com/embed/o0cybs_eqc73/?\" target=\"_blank\">Ver link</a>',45),(702,12,168,NULL,'Ingresa a la sección de probemas y resuelve <a href=\"http://sauce.pntic.mec.es/jdiego/problem/docena/docenaymedia1.htm\" target=\"_blank\">Ver Link</a>',46),(703,12,168,NULL,'Inventa 5 problemas y pide a alguno de tus compañero o compañeras que los resuelvan juntos. Luego verifica si la solución es correcta. ',47),(704,12,168,NULL,'Felicidades, ha demostrado un excelente nivel de conocimiento en álgebra te incentivamos a seguir mejorando',48),(705,12,NULL,57,'Ingresa a la siguiente página en la sección \"Visualización Mental\" y practica hasta que logres memorizar todos los elementos de la lista <a href=\"http://miscelaneaeducativa.com/estudiar/contenido9.swf\" target=\"_blank\">Ver Link</a>',45),(706,12,NULL,57,'Ingresa a la siguiente página en la sección \"La historia\" y practica hasta que logres completar todo el ejercicio <a href=\"http://miscelaneaeducativa.com/estudiar/contenido9.swf\" target=\"_blank\">Ver Link</a>',46),(707,12,NULL,57,'Ingresa a la siguiente página en la sección \"Los lugares\" y practica hasta que logres memorizar la lista completa <a href=\"http://miscelaneaeducativa.com/estudiar/contenido9.swf\" target=\"_blank\">Ver Link</a>',47),(708,12,NULL,57,'Felicidades, ha demostrado un excelente nivel de conocimiento en álgebra te incentivamos a seguir mejorando.',48),(709,12,NULL,58,'Elabora un mapa mental sobre las propiedades de la multiplicación, luego explicalo a algún compañero o compañera ',45),(710,12,NULL,58,'Durante 5 días consecutivos, resuelve la sección de sudoku de la prensa. Puedes comprobar tu resultado al día siguiente ',46),(711,12,NULL,58,'Investiga sobre el concepto del álegra y la artimética. Realiza un cuadro comparativo entre estos dos conceptos ',47),(712,12,NULL,58,'Felicidades, ha demostrado un excelente nivel de conocimiento en álgebra te incentivamos a seguir mejorando',48),(713,12,NULL,59,'En el documento adjunto encontrarás acertijos númericos intenta resolverlos',45),(714,12,NULL,59,'Resuelve las siguientes series númericas <a href=\"http://www.elhuevodechocolate.com/mates/mates8.htm\" target=\"_blank\">Ver Link</a>',46),(715,12,NULL,59,'Resuelve el \"cuadro mágico\", recuerda que en un cuadro mágico la suma de cualquiera de las filas, columnas o diagonales da el mismo resultado ',47),(716,12,NULL,59,'Felicidades, ha demostrado un excelente nivel de conocimiento en álgebra te incentivamos a seguir mejorando',48),(717,12,NULL,60,'Ingresa a la siguiente página y resuelve el problema de la hora verifica tu repuesta en la sección de comprobación <a href=\"http://www.omerique.net/polavide/retospolavide/lahora/index.html\" target=\"_blank\">Ver link</a>',45),(718,12,NULL,60,'Descubre quien es el culpable ayudate de las posibles soluciones y estrategias <a href=\"http://www.omerique.net/polavide/retospolavide/InspectorGadget/index.html\" target=\"_blank\">Ver link</a>',46),(719,12,NULL,60,'Resuelve el problema del árbol, diseña una estrategia para resolverlo. ',47),(720,12,NULL,60,'Felicidades, ha demostrado un excelente nivel de conocimiento en álgebra te incentivamos a seguir mejorando',48),(721,13,170,NULL,'Vea con mucha atención el siguiente video <a href=\"http://www.youtube.com/watch?v=1nmlpW5uHB4\" target=\"_blank\">(Ver Video)</a>',49),(722,13,170,NULL,'Mide largo y ancho  de uno de tus libros y reemplaza los valores de a y b en la siguiente expresión A= a*b  ',50),(723,13,170,NULL,'Inventa el enunciado de un problema, reemplaza todos los valores numéricos en el enunciado por expresiones algebraicas y plantea la solución al problema.',51),(724,13,170,NULL,'Felicidades, ha demostrado un excelente nivel de conocimiento en álgebra, te incentivamos a seguir mejorando.',52),(725,13,171,NULL,'Resuelves los ejercicios impares de la siguiente página, luego verifica tu resultado <a href=\"http://www.vitutor.com/estadistica/descriptiva/d_6.html\" target=\"_blank\">Ver link</a>',49),(726,13,171,NULL,'Resuelve los problemas probabilidad de tu libro y verifica la solución ',50),(727,13,171,NULL,'Lee el artículo  analiza la gráfica de barras <a href=\"http://www.eleccionesguatemala.com/2007/09/10/resultados-preliminares-a-nivel-nacional-por-la-presidencia/\" target=\"_blank\">Ver link</a>',51),(728,13,171,NULL,'Felicidades, ha demostrado un excelente nivel de conocimiento en análisis Estadístico te incentivamos a seguir mejorando',52),(729,13,172,NULL,'Lee la presentación Conjuntos y realiza un resumen en tu cuaderno ',49),(730,13,172,NULL,'Ingresa a la siguiente página <a href=\"http://nlvm.usu.edu/es/nav/frames_asid_153_g_4_t_1.html?open=instructions&from=category_g_4_t_1.html\" target=\"_blank\">Ver link</a>, lee las instrucciones y da click en \"mostrar problema\" resuelvelo y da click en \"revisar\" ; continua resolviendo problemas hasta que obtengas cinco resultados correctos  consecutivos',50),(731,13,172,NULL,'Resuelve el siguiente ejercicio   En una escuela de 600 alumnos, 100 no estudian ningún idioma extranjero, 450 estudian francés y 50  estudian francés e inglés. ¿Cuántos estudian solo inglés? verifica la solución el siguiente link <a href=\"http://www.youtube.com/watch?feature=player_embedded&v=6dvuqQhDCUk\" target=\"_blank\">Ver link</a>',51),(732,13,172,NULL,'Felicidades, ha demostrado un excelente nivel de conocimiento en conjuntos aritméticos, te incentivamos a seguir mejorando',52),(733,13,173,NULL,'Observa la explicación de funciones en el siguiente video al finalizar, escribe con tus palabras que es una función <a href=\"http://www.youtube.com/watch?v=6M-0ziBH4Mc\" target=\"_blank\">Ver video</a>',49),(734,13,173,NULL,'Gráfica la función y (x) = 4+ x en tu cuaderno, luego ingresa al siguiente link <a href=\"http://fooplot.com/?lang=es#W3sidHlwZSI6MCwiZXEiOiI0K3giLCJjb2xvciI6IiMwMDAwMDAifSx7InR5cGUiOjEwMDB9XQ\" target=\"_blank\">Ver link</a> y comprueba tu resultado escribiendo en la 4+x en el espacio de \"función y(x). Ingresa diferentes funciones y observa su gráfica ',50),(735,13,173,NULL,'Responde las preguntas de la sección Reflexiona <a href=http://matematicaadaptada1.blogspot.com/2012/10/funcion.html\" target=\"_blank\">Ver preguntas</a>. Si tienes dudas puedes ayudarte en la la sección explora. ',51),(736,13,173,NULL,'Felicidades, ha demostrado un excelente nivel de conocimiento en funciones, te incentivamos a seguir mejorando',52),(737,13,174,NULL,'Revisa la resolución de los ejercicios de volumen del 1 al 5',49),(738,13,174,NULL,'Consigue un metro y mide el perímetro de tu cuarto, compáralo con el perímetro de tu  sala explica ¿Cual tiene el mayor perímetro? ¿Porque?',50),(739,13,174,NULL,'Imprime la siguiente figura, armala y  calcula su volumen <a href=\"www2.gobiernodecanarias.org/educacion/17/WebC/eltanque/figuras/piramide_p.pdf\" target=\"_blank\">Ver figura</a>',51),(740,13,174,NULL,'Felicidades, ha demostrado un excelente nivel de conocimiento en geometría, te incentivamos a seguir mejorando',52),(741,13,175,NULL,'Observa el siguiente video <a href=\"http://www.youtube.com/watch?v=gfDvwvPoLSg\" target=\"_blank\">Ver Video</a>',49),(742,13,175,NULL,'Escribe  en un cartel la definición de proporción, luego escribe cinco ejemplos de proposiciones. Al finalizar revisa  que cada proposición  cumpla con el significado escrito en el cartel ',50),(743,13,175,NULL,'Determina los valores de verdad de las proposiciones del ejercicio <a href=\"http://recursos.educarex.es/escuela2.0/Humanidades/Etica_Filosofia_Ciudadania/Aprende_logica/logica/01concbasicos/111propos.html\" target=\"_blank\"> Ver ejercicio</a>',51),(744,13,175,NULL,'Felicidades, ha demostrado un excelente nivel de conocimiento en lógica Matemática, te incentivamos a seguir mejorando',52),(745,13,176,NULL,'Analiza el planteamiento del problema de los remos y resuelve el ejercicio 1 <a href=\"http://www.aplicaciones.info/decimales/poten01.htm\" target=\"_blank\">Ver ejercicio</a>',49),(746,13,176,NULL,'Investiga las propiedades de la radicación y escribe un ejemplo de cada una de las propiedades',50),(747,13,176,NULL,'Realiza las siguientes operaciones                       (-1/8)*(15/7) y (4/7) ÷(6/8). Luego comprueba el resultado con una calculadora',51),(748,13,176,NULL,'Felicidades, ha demostrado un excelente nivel de conocimiento en sistema de numeración, te incentivamos a seguir mejorando',52),(749,13,177,NULL,'Realiza un mapa conceptual  sobre el siguiente video <a href=\"http://www.youtube.com/watch?v=1-fSzupPn94\" target=\"_blank\">Ver video</a>',49),(750,13,177,NULL,'Identifica los ángulos complementarios en la figura de la la siguiente página, comprueba tus respuestas <a href=\"http://recursos.encicloabierta.org/telesecundaria/2tls/2_segundo/2_Matematicas/2m_b01_t06_s01_descartes/index.html\" target=\"_blank\">Ver ejercicio</a>',50),(751,13,177,NULL,'Con la ayuda de una regla y un compás construye un triangulo equilatero y un triángulo isósceles',51),(752,13,177,NULL,'Felicidades, ha demostrado un excelente nivel de conocimiento en Trigonometría, te incentivamos a seguir mejorando',52),(753,13,178,NULL,'Revisa los ejemplos resueltos de la siguiente página <a href=\"http://www.profesorenlinea.cl/matematica/Proporcionalidad.htm\" target=\"_blank\">Ver ejemplos</a>',49),(754,13,178,NULL,'Realiza cinco viajes con distinta aceleración primero 2, 4, 6, 8 y 10,. Análiza en cada vuelta la gráfica de velocidad ¿Qué relación con la aceleración encuentras? <a href=\"http://recursos.encicloabierta.org/telesecundaria/2tls/2_segundo/2_Fisica/2f_b01_t02_s02_descartes/index.html\" target=\"_blank\">Ver link</a>',50),(755,13,178,NULL,'Investiga el interés para los depósitos de ahorro de tres bancos de Guatemala. Cúanto recibiras de intereses cada año si ahorras mil quetzales? ',51),(756,13,178,NULL,'Felicidades, ha demostrado un excelente nivel de conocimiento en Variación Proporcional te incentivamos a seguir mejorando',52),(757,13,NULL,62,'Realice cartas numeradas del, 1 al 90. Haz varios ejercicio de adición sacando dos cartas simultaneamente   de manera aleatoria',49),(758,13,NULL,62,'Diariamente memoriza cinco palabras nuevas en ingles, al final del día forma una oración con cada palabra',50),(759,13,NULL,62,'Arma el siguiente rompecabeza <a href=\"http://www.rompecabezas.tv/otros/galaxia-de-andromeda/\" target=\"_blank\"> Ver link</a>',51),(760,13,NULL,62,'Felicidades, ha demostrado un excelente nivel de conocimiento te incentivamos a seguir mejorando.',52),(761,13,NULL,63,'Resuelve el siguiente test <a href=\"http://www.mentat.com.ar/testagmental.htm\" target=\"_blank\">Ver test</a>',49),(762,13,NULL,63,'Lee diariamente un artículo de la sección de ecónomia del periodico y escribe una conclusión sobre el artículo ',50),(763,13,NULL,63,'Planea una estrategia para acumular la mayor cantidad de puntos http://www.juegosgratison.com/JUEGOS-ESTRATEGIA/juego-logica-matematica.htm',51),(764,13,NULL,63,'Felicidades, ha demostrado un excelente nivel de conocimiento te incentivamos a seguir mejorando',52),(765,13,NULL,64,'Completa el número que falta <a href=\"http://www.portalplanetasedna.com.ar/ejercicio_logica3.htm\" target=\"_blank\">Ver ejercicio</a>',49),(766,13,NULL,64,'Contesta:  si 8 personas consumen 8 vasos de agua en 8 horas ¿en cuanto tiempo consumirá una persona dos vasos de agua? ',50),(767,13,NULL,64,'realiza el juego del triángulo <a href=\"http://juegosgratisde.com/juegos-de-habilidad/juegos-matematicas/math-triangles\" target=\"_blank\">Ver</a>',51),(768,13,NULL,64,'Felicidades, ha demostrado un excelente nivel de conocimiento te incentivamos a seguir mejorando',52),(769,13,NULL,65,'El padre de Tommy le ha dicho \"Bien, Tommy, nuestras edades combinadas suman setenta años. Como yo soy seis veces más viejo de lo que tú eres ahora, puede decirse que cuando sea el doble de viejo que tú, nuestras edades combinadas serán el doble de lo que son ahora. Bien, déjame ver si puedes decirme la edad de tu madre\" La madre tiene 29 años y 2 meses intenta resolver el problema ',49),(770,13,NULL,65,'Realiza los siguientes índices en los problemas de la página <ha href=\"http://recursos.encicloabierta.org/telesecundaria/3tls/3_tercero/3_Matematicas/INTERACTIVOS/3m_b02_t05_s01_descartes/index.html\" target=\"_blank\">Ver link</a>',50),(771,13,NULL,65,'Resuelve el problema de cruzar el rio <a href=\"http://juegosdelogica.net/ingenio/rio.php\" target=\"_blank\">Ver link</a>',51),(772,13,NULL,65,'Felicidades, ha demostrado un excelente nivel de conocimiento te incentivamos a seguir mejorando',52),(773,14,180,NULL,'Realice cuestionario con los conceptos fundamentales de álgebra.  <a href=\"http://148.204.151.130/matematicas/html/\" target=\"_blank\">Ver link</a>',53),(774,14,180,NULL,'Elabore ejercicios sobre términos semejantes y operaciones fundamentales de álgebra. <a href=\"http://www.aulafacil.com/algebra/curso/Lecc-10.htm\" target=\"_blank\">Ver ejercicios</a>',54),(775,14,180,NULL,'Desarrolle ejemplos y elabore ejercicios sobre expresiones algebraicas y sus propiedades así como los productos notables. <a href=\"http://lcdabordones.blogspot.es/i2008-11/\" target=\"_blank\">Ver link</a>',55),(776,14,180,NULL,'Determine a través de ejercitación los casos de productos notables. <a href=\"http://mialgebra.blogspot.com/2009/03/ejercicios-resueltos-de-algebra-de.html\" target=\"_blank\">Ver link</a>',56),(777,14,181,NULL,'Lea y desarrolle un cuestionario con conceptos fundamentales de estadística <a href=\"http://recursostic.educacion.es/secundaria/edad/2esomatematicas/2quincena12/2esoquincena12.pdf\" target=\"_blank\">Ver link</a>',53),(778,14,181,NULL,'Desarrolle ejercicios y ejemplifique las medidas descriptivas <a href=\"http://halweb.uc3m.es/esp/Personal/personas/jmmarin/esp/EDescrip/tema3.pdf\" target=\"_blank\">Ver link</>',54),(779,14,181,NULL,'Determine a través de ejercitación las medidas de tendencia central básicas. <a href=\"http://www.slideshare.net/EblinRamos/22-medidas-de-tendencia-central\" target=\"_blank\">ver link</a>',55),(780,14,181,NULL,'Elabore ejercicios sobre modelos de regresión lineal simple.',56),(781,14,182,NULL,'Lea artículos sobre la historia de los conjuntos aritméticos y desarrolle los conceptos a partir de ellos. <a href=\"http://azul2.bnct.ipn.mx/algebra/numeros.PDF http://youtu.be/ZdCOwyZqWp8\" target=\"_blank\">Ver link</a>',53),(782,14,182,NULL,'Realice ejercicios de operaciones con los conjuntos aritméticos. <a href=\"http://www.youtube.com/watch?v=Xew34KBcyHo&feature=share&list=PLYVll2tUAA7TmAUgginGoi2WkaI1S9Rtb\" target=\"_blank\">Ver link</a>',54),(783,14,182,NULL,'Analicen y proyecten a través de problemas de aplicación a la vida cotidiana los conjuntos.',55),(784,14,182,NULL,'Realizar auto evaluaciones para que analice su progreso con respecto al conocimiento adquirido.',56),(785,14,183,NULL,'Estudie los conceptos fundamentales de ecuaciones y el planteamiento de problemas.<a href=\"http://youtu.be/w7OJJp3d2Qc\" target=\"_blank\">Ver link</a>',53),(786,14,183,NULL,'Realice la resolución de ejercicios sobre ecuaciones de primer grado con una variable. <a href=\"http://www.vitutor.com/ecuaciones/1/e_e.html\" target=\"_blank\">Ver ejercicios</a>',54),(787,14,183,NULL,'Analice y resuelva problemas de ecuaciones de segundo grado con una variable. <a href=\"http://youtu.be/zqlZOEIsGHI\" target=\"_blank\">Ver video</a>',55),(788,14,183,NULL,'Realice evaluaciones de su libro de texto para la ejercitación y verificación de los conocimientos adquiridos.',56),(789,14,184,NULL,'Resuelve ejercicios sobre aprestamiento sobre la recta numérica y producto cartesiano. <a href=\"http://youtu.be/ygeOTGFRVmU\" target=\"_blank\"> Ver video</a>',53),(790,14,184,NULL,'Realiza ejercicios sobre producto cartesiano y su ubicación en el plano cartesiano. <a href=\"http://youtu.be/T9MUHi-bkNY\" target=\"_blank\">Ver video</a>',54),(791,14,184,NULL,'Realice ejercicios sobre gráficas de funciones en el plano cartesiano. <a href=\"http://www.vitutor.com/fun/2/c_e.html\" target=\"_blank\">Ver ejercicios</a>',55),(792,14,184,NULL,'Realiza graficas de funciones de segundo grado y racionales <a href=\"http://www.iesprofesorjuanbautista.es/IMG/pdf_13-Funciones.pdf\" target=\"_blank\">Ver video</a>',56),(793,14,185,NULL,'Construye figuras geométricas para aprender el uso de los instrumentos y herramientas para la realización de las figuras. <a href=\"http://www.disfrutalasmatematicas.com/geometria/index.html\" target=\"_blank\">Ver link</a> <a href=\"http://youtu.be/XPRSONHI-bQ\" target=\"_blank\">Ver Link 2</a>',53),(794,14,185,NULL,'Realiza figuras de polígonos regulares e irregulares <a href=\"http://youtube/4q5nIeHl5Wk\" target=\"_blank\">Ver ejercicio</a>',54),(795,14,185,NULL,'Identifica problemas que implica la utilización de las figuras geométricas <a href=\"http://www.telefonica.net/web2/fernanquin/m2/ejercicios_de_geometra.html\" target=\"_blank\"> Ver link</a>',55),(796,14,185,NULL,'Determina las medidas de diversos elementos de geometría a través de la ejercitación de resolución de auto evaluaciones.',56),(797,14,186,NULL,'Realiza un cuestionario con los conceptos básicos de lógica matemática. <a href=\"http://www.telefonica.net/web2/fernanquin/m2/ejercicios_de_geometra.html\" target=\"_blank\">Ver link</a>',53),(798,14,186,NULL,'Lea las definiciones de su libro de texto y realice los ejercicios planteados en el mismo.',54),(799,14,186,NULL,'Se ejercita, realizando proposiciones con conectivos lógicos. <a href=\"http://youtube/fL1QjsfgSwc\" target=\"_blank\">ver link</2> <a href=\"http://razonamiento-verbal1.blogspot.com/2012/06/conectores-logicos-prueba-1-ejercicios.html\" target=\"_blank\">Ver link 2</a>',55),(800,14,186,NULL,'Realiza ejercicios sobre tablas de Verdad con los conectivos lógicos. <a href=\"http://youtu.be/S7AN1ZQJ8X4\" target=\"_blank\">Ver link</a>',56),(801,14,187,NULL,'Lee y realiza un cuestionario sobre los sistemas numéricos. <a href=\"http://youtu.be/kNTIurcBq-U\" target=\"_blank\">Ver link 1</a> <a href=\"http://www.escolares.net/matematicas/sistemas-de-numeracion/\" target=\"_blank\">Ver link 2</a>',53),(802,14,187,NULL,'Lee y realiza ejercicios sobre conversión a los sistemas de numeración. <a href=\"http://youtu.be/Adxz0FtLLCc\" target=\"_blank\">Ver ejercicios</a>',54),(803,14,187,NULL,'Realiza ejercicios sobre operaciones con sistemas de numeración.',55),(804,14,187,NULL,'Realiza las auto evaluaciones del libro de texto, para el análisis del conocimiento adquirido. <a href=\"http://www.santjosepobrer.com/aulavirtual/cfgm/index_archivos/1.%20Sistema%20de%20numeraci%C3%B3n.pdf\" target=\"_blank\">Ver link</a>',56),(805,14,188,NULL,'Lee sobre las definiciones de trigonometría y realiza un cuestionario con los conceptos. <a href=\"http://trigonometria.galeon.com/\" target=\"_blank\">Ver link</a>',53),(806,14,188,NULL,'Analiza ejemplos de ángulos y realiza ejercicios sobre los mismos. <ha href=\"http://youtu.be/4Mt68GzenE4\" target=\"_blank\">Ver ejemplos</a>',54),(807,14,188,NULL,'Realiza ejercicios básicos sobre el teorema de Pitágoras <a href=\"http://www.sectormatematica.cl/basica/santillana/teorema_pitagoras.pdf\" target=\"_blank\">Ver ejercicios</a>',55),(808,14,188,NULL,'Determina las funciones trigonométricas a partir de un triángulo rectángulo. <a href=\"http://www.aula365.com/post/funciones-trigonometricas/\" target=\"_blank\">Ver link</a>',56),(809,14,189,NULL,'--',53),(810,14,189,NULL,'--',54),(811,14,189,NULL,'--',55),(812,14,189,NULL,'--',56),(813,14,NULL,67,'Memorice  dos conceptos cada día.',53),(814,14,NULL,67,'Memorice las formas generales de trigonometría',54),(815,14,NULL,67,'Memorice las figuras geométricas  y relaciónelas con su entorno.',55),(816,14,NULL,67,'Investigue y amplié los conocimientos adquiridos sobre cada uno los temas propuestos.',56),(817,14,NULL,68,'Clasifique los sistemas de numeración ',53),(818,14,NULL,68,'Relaciones los conceptos y definiciones con su entorno.',54),(819,14,NULL,68,'Realice operaciones con cada uno de los temas propuestos.',55),(820,14,NULL,68,'Investigue y amplié los conocimientos adquiridos sobre cada uno los temas propuestos.',56),(821,14,NULL,69,'Realice operaciones de cada uno de los temas de acuerdo a situaciones de su entorno.',53),(822,14,NULL,69,'Haga cuestionarios con los conceptos y definiciones de los temas a considerar.',54),(823,14,NULL,69,'Realice ejercicios con cada uno de los temas propuestos.',55),(824,14,NULL,69,'Investigue y amplié los conocimientos adquiridos sobre cada uno los temas propuestos.',56),(825,14,NULL,70,'--',53),(826,14,NULL,70,'--',54),(827,14,NULL,70,'--',55),(828,14,NULL,70,'--',56),(829,15,191,NULL,'Realice cuestionario con los conceptos fundamentales de álgebra y realice operaciones con términos semejantes.  <a href=\"\"http://www.icarito.cl/enciclopedia/segundo-ciclo-basico/matematica/algebra/104.html\" target=\"_blank\">Ver link</a>',57),(830,15,191,NULL,'Elabore ejercicios sobre Operaciones fundamentales de álgebra (suma, resta, multiplicación y división). http://www.profesorenlinea.cl/matematica/Algebraico_Lenguaje.html',58),(831,15,191,NULL,'Desarrolle ejemplos y elabore ejercicios sobre Expresiones algebraicas y sus propiedades así como los productos notables y cocientes notables (aplicación triángulo de pascal y progresiones para productos notables).',59),(832,15,191,NULL,'Determine a través de ejercitación las aplicaciones de productos y cocientes notables. <a href=\"http://matematicasecundariaceicelaya.blogspot.com/p/tercero-de-secundaria.html\" target=\"_blank\">Ver link</a>',60),(833,15,192,NULL,'Lea y desarrolle un mapa conceptual con los conceptos fundamentales de estadística <a href=\"http://www.slideshare.net/guestfa728c/conceptos-bsicos-estadisticos-medicion\">Ver link</a>',57),(834,15,192,NULL,'Desarrolle ejercicios y ejemplifique las medidas descriptivas sobre las cualidades de su familia, estatura, peso. <a href=\"http://www.profesorenlinea.cl/matematica/EstadisticaMediaMedianaModa.htm\" target=\"_blank\">Ver link</a>',58),(835,15,192,NULL,'Determine a través de ocho ejercicios  las medidas de tendencia central básicas. <a href=\"http://www.fismat.umich.mx/academica/handouts/Libro%20mario%20triola/3-2.pdf\" target=\"_blank\">Ver link</a>',59),(836,15,192,NULL,'Elabore pronósticos sobre la base de los  modelos de regresión lineal simple.',60),(837,15,193,NULL,'Lea artículos sobre la historia de los conjuntos aritméticos y desarrolle cuadros sinópticos sobre los conceptos de los conjuntos aritméticos. <a href=\"http://www.matelandia.org/matematicabasica1.pdf\" target=\"_blank\">Ver link</a>',57),(838,15,193,NULL,'Realice diez ejercicios de operaciones con los conjuntos aritméticos.',58),(839,15,193,NULL,'Analice y determine  a través de problemas de aplicación a la vida cotidiana la solución por medio de  conjuntos.',59),(840,15,193,NULL,'Realizar autoevaluaciones del libro de texto para que analice su progreso con respecto al conocimiento adquirido.',60),(841,15,194,NULL,'Estudie los conceptos fundamentales de ecuaciones y analice los principios del planteamiento de problemas. <a href=\"http://matematicatercerobasico.blogspot.com/2012/11/ecuaciones-equivalentes.html\" target=\"_blank\">Ver link</a>',57),(842,15,194,NULL,'Realice la resolución de diez ejercicios sobre ecuaciones de primer grado con una variable expresadas con palabras para realizar su expresión algebraica y resolver. <a href=\"http://web.educastur.princast.es/ies/pravia/carpetas/recursos/mates/anaya1/datos/10/05.htm\" target=\"_blank\">Ver link</a>',58),(843,15,194,NULL,'Analice y resuelva problemas de ecuaciones de segundo grado con una variable y dos variables. <a href=\"http://www.vitutor.com/ecuaciones/2/ecu_Contenidos.html\" target=\"_blank\">Ver link</a>',59),(844,15,194,NULL,'Realice evaluaciones de su libro de texto para la ejercitación y verificación de los conocimientos adquiridos.',60),(845,15,195,NULL,'Resuelve ejercicios sobre aprestamiento sobre la recta numérica y producto cartesiano. <a href=\"http://matematicatercerobasico.blogspot.com/2012/11/funciones.html\" target=\"_blank\">Ver link</a>',57),(846,15,195,NULL,'Realiza cinco ejercicios sobre gráfica de pares ordenados en el plano cartesiano y la delimitación de los cuadrantes.',58),(847,15,195,NULL,'Realice diez ejercicios sobre gráficas de funciones en el plano cartesiano e indicar el dominio e imagen de las mismas.',59),(848,15,195,NULL,'Realiza gráficas de funciones de cuadráticas, cubicas, logarítmicas y exponenciales y explicar la diferenciación o similitud de las formas gráficas de estas funciones. http://www.monografias.com/trabajos60/funcion-cuadratica-simulador/funcion-cuadratica-simulador3.shtml',60),(849,15,196,NULL,'Construye figuras geométricas para aprender el uso de los instrumentos y herramientas para la realización de las figuras. <a href=\"http://www.icarito.cl/enciclopedia/primer-ciclo-basico/matematica/geometria/57.html\" target=\"_blank\">Ver link</a>',57),(850,15,196,NULL,'Realiza figuras de polígonos regulares e irregulares utilizando regla, compas y escuadras. <a href=\"http://miclase.wordpress.com/category/2-matematicas/geometria/\" target=\"_blank\">Ver link</a>',58),(851,15,196,NULL,'Identifica problemas de la vida cotidiana que implica la utilización de las figuras geométricas <a href=\"http://www.authorstream.com/Presentation/yopendragon-86396-figuras-geometricas-3ro-4to-basico-geometria-matematica-gilda-rojas-arica-chile-educacion-figurasgeometricas-ppt-education-powerpoint/\" target=\"_blank\">Ver Link</a>',59),(852,15,196,NULL,'Determina las medidas de diversos elementos de geometría a través de la ejercitación de resolución de autoevaluaciones del libro de texto.',60),(853,15,197,NULL,'Realiza un mapa conceptual con los conceptos básicos de lógica matemática. <a href=\"http://www.authorstream.com/Presentation/yopendragon-86396-figuras-geometricas-3ro-4to-basico-geometria-matematica-gilda-rojas-arica-chile-educacion-figurasgeometricas-ppt-education-powerpoint/\" target=\"_blank\">Ver link</a>',57),(854,15,197,NULL,'Lea las definiciones de su libro de texto y realice los ejercicios planteados en el mismo.',58),(855,15,197,NULL,'Se ejercita realizando proposiciones con conectivos lógicos e indicando la conclusión de la unificación de las proposiciones compuestas y su valor de verdad.',59),(856,15,197,NULL,'Realiza ejercicios sobre tablas de Verdad con los conectivos lógicos. <a href=\"http://youtu.be/PDfuqOjCW84 target=\"_blank\">Ver link</a>',60),(857,15,198,NULL,'Lee y realiza un cuestionario sobre los sistemas numéricos. <a href=\"http://www.icarito.cl/enciclopedia/articulo/segundo-ciclo-basico/matematica/numeros/2010/03/103-8905-9-nuestro-sistema-de-numeracion.shtml\" target=\"_blank\">Ver link</a>',57),(858,15,198,NULL,'Realiza 10 ejercicios sobre conversión a los sistemas de numeración (Maya, Romano, Binario). <a href=\"http://www.fca.unam.mx/docs/apuntes_matematicas/02.%20Sistemas%20de%20Numeracion.pdf\" target=\"_blank\">Ver link</a>',58),(859,15,198,NULL,'Realiza ejercicios sobre operaciones con sistemas de numeración (suma de números Binarios).',59),(860,15,198,NULL,'Realiza las autoevaluaciones del libro de texto, para el análisis del conocimiento adquirido.',60),(861,15,199,NULL,'Lee sobre las definiciones de trigonometría y realiza un cuestionario con los conceptos. <a href=\"http://ocw.unizar.es/ciencias-sociales-y-juridicas/curso-cero-de-matematicas-para-estudiantes-de-empresariales/materiales/Materiales/Teoria/u3trigteto.pdf\" target=\"_blank\">Ver link</a>',57),(862,15,199,NULL,'Analiza ejemplos de ángulos y realiza ejercicios sobre los mismos. <a href=\"http://ocw.unizar.es/ciencias-sociales-y-juridicas/curso-cero-de-matematicas-para-estudiantes-de-empresariales/materiales/Materiales/Ejercicios/Unidad3/u3trigreto.pdf\" target=\"_blank\">Ver link</a>',58),(863,15,199,NULL,'Analiza los diferentes triángulos y la aplicación de los triángulos rectángulos y determina el teorema de Pitágoras <a href=\"http://www.unizar.es/aragon_tres/unidad3/u3trigte20.pdf\" target=\"_blank\">Ver link</a>',59),(864,15,199,NULL,'Determina las funciones trigonométricas a partir de un triángulo rectángulo así como el cálculo de áreas de figuras que toman como base un triángulo.',60),(865,15,200,NULL,'--',57),(866,15,200,NULL,'--',58),(867,15,200,NULL,'--',59),(868,15,200,NULL,'--',60),(869,15,NULL,72,'Memorice  dos conceptos cada día.',57),(870,15,NULL,72,'Memorice las formas generales de trigonometría',58),(871,15,NULL,72,'Memorice las figuras geométricas  y relaciónelas con su entorno',59),(872,15,NULL,72,'Investigue y amplié los conocimientos adquiridos sobre cada uno los temas propuestos.',60),(873,15,NULL,73,'Clasifique los sistemas de numeración ',57),(874,15,NULL,73,'Relacione los conceptos y definiciones con su entorno',58),(875,15,NULL,73,'Realice operaciones con cada uno de los temas propuestos.',59),(876,15,NULL,73,'Investigue y amplié los conocimientos adquiridos sobre cada uno los temas propuestos.',60),(877,15,NULL,74,'Realice operaciones de cada uno de los temas de acuerdo a situaciones de su entorno.',57),(878,15,NULL,74,'Haga cuestionarios con los conceptos y definiciones de los temas a considerar.',58),(879,15,NULL,74,'Realice ejercicios con cada uno de los temas propuestos.',59),(880,15,NULL,74,'Investigue y amplié los conocimientos adquiridos sobre cada uno los temas propuestos.',60),(881,15,NULL,75,'--',57),(882,15,NULL,75,'--',58),(883,15,NULL,75,'--',59),(884,15,NULL,75,'--Investigue y amplié los conocimientos adquiridos sobre cada uno los temas propuestos.',60),(885,16,202,NULL,'Realice Juegos que le permitan comprender y conformar los conceptos fundamentales de Álgebra y pueda realizar 20 problemas de termino semejante y operaciones de suma, resta Y producto algebraico. <a href=\"http://www.mauriciocontreras.es/JUEGOS4.pdf\" target=\"_blank\">Link</a>',61),(886,16,202,NULL,'Elabore 20 ejercicios de productos notables y aplicación del triángulo de Pascal.  <a href=\"http://www.ematematicas.net/polinomios.php?a=&ejercicio=\" target=\"_blank\">Link</a>',62),(887,16,202,NULL,'Desarrolle Ejemplos y elabore ejercicios sobre División, cocientes notables, y realiza15 problemas de división por factores y división sintética. <a href=\" http://matematicasllanogrande.jimdo.com/ejercicios-de-repaso-para-bachillerato/\"  target=\"_blank\">Link</a>',63),(888,16,202,NULL,'Determine a través de Ejercitación los Casos de Factorización y resolución de 10 problemas de aplicación. <a href=\" http://www.vadenumeros.es/cuarto/ejercicios-de-polinomios.htm\"  target=\"_blank\">Link</a>',64),(889,16,203,NULL,'Lea y desarrolle un Resumen y un cuestionario de 20 preguntas con conceptos fundamentales de Estadística. <a href=\" http://www.mauriciocontreras.es/estadistica7.pdf\"  target=\"_blank\">Link</a>',61),(890,16,203,NULL,'Desarrolle 15 problemas y realiza las formas gráficas de las medidas descriptivas y las ejemplifica realizando 5 gráficos diferentes. <a href=\"http://www.vadenumeros.es/sociales/moda-mediana-variable-continua.htm \"  target=\"_blank\">Link</a>',62),(891,16,203,NULL,'Determine a través de ejercitación (realización de 10 problemas) las medidas de tendencia central básicas y su aplicación. <a href=\"http://www.matematicasbachiller.com/ \"  target=\"_blank\">Link</a>',63),(892,16,203,NULL,'Elabore ejercicios sobre modelos de variación (dispersión) y de regresión lineal simple. <a href=\"http://www.vitutor.com/estadistica/bi/ejercicios_correlacion.html \"  target=\"_blank\">Link</a>',64),(893,16,204,NULL,'Analiza problemas de producto cartesiano y su forma gráfica, y realiza 10 problemas de producto con su forma gráfica en el plano cartesiano. <a href=\"http://www.aprendematematicas.org.mx/tutoriales/graficacion.html \"  target=\"_blank\">Link</a>',61),(894,16,204,NULL,'Realiza ejercicios sobre funciones y su forma gráfica indicando su continuidad o discontinuidad.',62),(895,16,204,NULL,'Realiza la gráfica de 05 tipos de funciones indicando su dominio natural así como su clase y si posee función inversa.',63),(896,16,204,NULL,'Determina en base a las funciones la clase y tipo y realiza su forma gráfica.',64),(897,16,205,NULL,'Estudia las secciones Cónicas y sus formas, analiza la Parábola, Elipse, Hipérbola así como la circunferencia en sus aplicaciones. <a href=\"http://www.aprendematematicas.org.mx/notas/geomanalitica.html \"  target=\"_blank\">Link</a>',61),(898,16,205,NULL,'Determina en base a ejercitación la deducción de las formas de las secciones cónicas. <a href=\"http://www.aprendematematicas.org.mx/notas/geomanalitica.html \"  target=\"_blank\">Link</a>',62),(899,16,205,NULL,'Resuelve 10 ejercicios de las secciones cónicas realizando su forma gráfica e identificando sus puntos más importantes en el plano cartesiano. <a href=\"http://amolasmates.es/pdf/ejercicios/Ejercicios%20Geometria%20analitica.pdf \"  target=\"_blank\">Link</a>',63),(900,16,205,NULL,'Realiza 15 problemas de aplicación en la vida real de las secciones cónicas. <a href=\"http://www.cobatab.edu.mx/descargasgrales/GUIAS_DIDACTICAS_TEMATICAS_2011B/tercer%20semestre/MATEMATICAS%20III/GUIA%20DIDACTICA%20MATIII%20%20II-B.pdf \"  target=\"_blank\">Link</a>',64),(901,16,206,NULL,'Lee sobre triángulos e identifica cada una de las clases de los mismos, así como su forma gráfica. <a href=\"http://www.vadenumeros.es/primero/formulas-trigonometricas.htm \"  target=\"_blank\">Link</a>',61),(902,16,206,NULL,'Realiza las funciones trigonométricas a través de la comparación de los lados que conforman un triángulo rectángulo. <a href=\"http://www.vadenumeros.es/cuarto/triangulos-rectangulos.htm\"  target=\"_blank\">Link</a>',62),(903,16,206,NULL,'Realiza 10 ejercicios sobre la forma gráfica de las funciones trigonométricas, y resuelve 05 identidades trigonométricas. <a href=\"http://matematicasjjp.webcindario.com/trigonometria_ejercicios_resueltos.pdf \"  target=\"_blank\">Link</a>',63),(904,16,206,NULL,'Determina la ley de senos y Cosenos a través del estudio de triángulos oblicuos. <a href=\"http://es.scribd.com/doc/27908428/RESOLVER-TRIANGULOS-USANDO-LEYES-DE-SENO-Y-COSENO\"  target=\"_blank\">Link</a>',64),(905,16,207,NULL,'Realiza un resumen y un cuestionario de 20 preguntas con los conceptos básicos deProposiciones moleculares y atómicas y su conclusión. <a href=\"www.juntadeandalucia.es/averroes/html/.../02/.../logica_1orden.pdf \"  target=\"_blank\">Link</a>',61),(906,16,207,NULL,'Lea las definiciones de su libro de texto y realice los ejercicios planteados en el mismo.',62),(907,16,207,NULL,'Se ejercita realizando proposiciones con conectivos lógicos y su aplicación a conectores lógicos. <a href=\"http://antesdelascenizas.files.wordpress.com/2010/03/apuntes-de-logica-e28093-1c2ba-bachiller.pdf \"  target=\"_blank\">Link</a>',63),(908,16,207,NULL,'Realiza ejercicios que relaciones los conectores lógicos con las tablas de Verdad <a href=\"www.matematica1.com/.../la-condicional-y-su-tabla-de-verdad.html \"  target=\"_blank\">Link</a>',64),(909,16,208,NULL,'Determina la conformación del conjunto de números Reales y realiza 05 ejercicios en la recta numérica de localización de los números reales. <a href=\"http://recursostic.educacion.es/secundaria/edad/4esomatematicasB/reales/impresos/quincena1.pdf \"  target=\"_blank\">Link</a>',61),(910,16,208,NULL,'Realiza ejercicios básicos sobre números reales (Jerarquía de Operadores).',62),(911,16,208,NULL,'Determina la solución de Raíces cuadradas de números negativos y su forma de escritura así como su forma gráfica. <a href=\"http://www.iesdionisioaguado.org/mates/index.php?option=com_content&view=article&id=247:tema3numeros-complejos-teoria-y-ejercicios-resueltos&catid=17:2011-2012temas-1o-bachillerato-ccnn&Itemid=34\"  target=\"_blank\">Link</a>',63),(912,16,208,NULL,'Realiza 15 problemas de operaciones de números complejos (Suma, Resta, Multiplicación y División) de forma analítica y gráfica. <a href=\"www.vitutor.com/di/c/c_e.html \"  target=\"_blank\">Link</a>',64),(913,16,209,NULL,'Lee y Define que es sucesión y su forma grafica. <a href=\"http://www.matematica.ciens.ucv.ve/labfg/mat3/ssmat3.pdf \"  target=\"_blank\">Link</a>',61),(914,16,209,NULL,'Interpretará la clasificación de las sucesiones así como su convergencia y divergencia.',62),(915,16,209,NULL,'Resolverá 15 problemas, de series aritméticas y geométricas. <a href=\"http://youtu.be/m6KOxHdEgFg \"  target=\"_blank\">Link</a>',63),(916,16,209,NULL,'Resolución de problemas de aplicación de sucesiones y series;  aritméticas y geométricas. <a href=\" http://youtu.be/Ii_IFFhvcEY\"  target=\"_blank\">Link</a>',64),(917,16,NULL,77,'Memorice  cuatro conceptos cada día',61),(918,16,NULL,77,'Memorice las formas generales de trigonometría así como las identidades trigonométricas básicas.',62),(919,16,NULL,77,'Memorice las formas cónicas  y las relacionarla con su entorno cotidiano.',63),(920,16,NULL,77,'Excelente',64),(921,16,NULL,78,'Clasifique los Conjuntos aritméticos y las funciones.',61),(922,16,NULL,78,'Relaciones los conceptos y definiciones con su entorno cotidiano.',62),(923,16,NULL,78,'Realice operaciones con cada uno de los temas propuestos.',63),(924,16,NULL,78,'Investigue y amplié los conocimientos adquiridos sobre cada uno los temas propuestos.',64),(925,16,NULL,79,'Realice operaciones de cada uno de los temas de acuerdo a situaciones de su entorno.',61),(926,16,NULL,79,'Haga cuestionarios con los conceptos y definiciones de los temas a considerar.',62),(927,16,NULL,79,'Realice ejercicios con cada uno de los temas propuestos.',63),(928,16,NULL,79,'Realice una blog en una página de las redes sociales donde dé a conocer sus avances en el tema de su agrado.',64),(929,16,NULL,80,'--',61),(930,16,NULL,80,'--',62),(931,16,NULL,80,'--',63),(932,16,NULL,80,'Investigue y amplié los conocimientos adquiridos sobre cada uno los temas propuestos.',64),(933,17,211,NULL,'Realice cuestionario con los conceptos fundamentales de álgebra y 15 problemas de término semejante y operaciones de suma y resta algebraica.  <a href=\"http://rincones.educarex.es/matematicas/index.php/algebra-videos-de-2-bachillerato/326-videos-recursos-comunes-mat-ii\" target=\"_blank\">Link</a>',65),(934,17,211,NULL,'Elabore 20 problemas de multiplicación, productos notables. <a href=\"http://www.vadenumeros.es/tercero/expresiones-notables.htm\" target=\"_blank\">ver</a>',66),(935,17,211,NULL,'Desarrolle ejemplos y elabore ejercicios sobre división, productos y cocientes notables, y realiza 5 problemas de división por factores y división sintética. <a href=\"http://www.matematica1.com/2012/05/cocientes-notables-pdf-ejercicios.html\" target=\"_blank\">ver</a>',67),(936,17,211,NULL,'Determine a través de ejercitación los casos de factorización. <a href=\"http://azul2.bnct.ipn.mx/algebra/factorizacion.PDF\" target=\"_blank\">ver</a>',68),(937,17,212,NULL,'Lea y desarrolle un resumen y un cuestionario de 20 preguntas  con conceptos fundamentales de estadística <a href=\"http://www.conevyt.org.mx/bachillerato/material_bachilleres/cb6/5sempdf/edin1/edin1_f1.pdf\" target=\"_blank\">ver</a>',65),(938,17,212,NULL,'Desarrolle 15 problemas  y ejemplifique las medidas descriptivas <a href=\"http://rincones.educarex.es/matematicas/index.php/estadistica-y-probabilidad-mat-i/animaciones-estadistica-y-probabilidad-mat-i/517-estadistica\" target=\"_blank\"> link 1</a><a href\"http://optimierung.mathematik.uni-kl.de/mamaeusch/mamaeusch-alt/pdf/desc_spanish.pdf\" target=\"_blank\">link 2</a>',66),(939,17,212,NULL,'Determine a través de ejercitación (realización de 15 problemas) las medidas de tendencia central básicas. <a href=\"http://cenevalenlinea.com/estrategias/item/85-medidas-de-tendencia-central-y-medidas-de-dispersi%C3%B3n.html\" target=\"_blank\">link 1</a> <a href=\"http://www.matematicasbachiller.com/\" target=\"_blank\"></a>',67),(940,17,212,NULL,'Elabore ejercicios sobre modelos de variación (dispersión) y de regresión lineal simple. <a href=\"http://recursostic.educacion.es/descartes/web/materiales_didacticos/unidimensional_lbarrios/mediadesviacion_est.htm\" target=\"_blank\">link 1</a> <a href=\"http://www.vitutor.com/estadistica/bi/ejercicios_correlacion.html\" target=\"_blank\">link 2</a>',68),(941,17,213,NULL,'Observa videos sobre la historia de los conjuntos aritméticos y elabora un resumen y un cuestionario a partir de ellos. <a href=\"http://rincones.educarex.es/matematicas/index.php/algebra-y-aritmetica-videos-de-1-de-bachillerato\" target=\"_blank\">link</a> ',65),(942,17,213,NULL,'Realice 25 ejercicios como mínimo de operaciones, con los conjuntos aritméticos. <a href=\"http://es.docsity.com/es-docs/Conjuntos_numericos_-_Prueba_de_matematica_-_Ejercicios_-_Bachillerato\" target=\"_blank\">link</a>',66),(943,17,213,NULL,'Analice y proyecte a través de problemas de aplicación a la vida cotidiana los conjuntos. Puede basarse en los siguientes ejercicios: <a href=\"http://es.docsity.com/es-docs/Conjuntos_numericos_-_Prueba_de_matematica_-_Ejercicios_-_Bachillerato\" target=\"_blank\">link</a>',67),(944,17,213,NULL,'Realizar autoevaluaciones para que analice su progreso con respecto al conocimiento adquirido. <a href=\"http://es.docsity.com/es-docs/Conjuntos_numericos_-_Prueba_de_matematica_-_Ejercicios_-_Bachillerato\" target=\"_blank\">link</a>',68),(945,17,214,NULL,'Resuelve ejercicios sobre aprestamiento sobre la recta numérica y producto cartesiano, así como define lo que es función en base a la presentación. <a href=\"http://perso.wanadoo.es/paquipaginaweb/funciones/index.html\" target=\"_blank\">ver link</a>',65),(946,17,214,NULL,'Realiza ejercicios sobre funciones y su forma gráfica indicando su continuidad o discontinuidad. <a href=\"http://www.vadenumeros.es/primero/tipos-de-discontinuidad.htm\" target=\"_blank\">ver link</a>',66),(947,17,214,NULL,'Realice ejercicios sobre graficas de funciones indicando si las mismas tienen un límite. <a href=\"http://www.amolasmates.es/Bachillerato%20CCSS/primero/apuntes/Limite%20de%20una%20funcion.pdf\" target=\"_blank\">ver link 1</a> <a href=\"https://sites.google.com/site/matematicas2n/tema10/ejercicios-resueltos\" target=\"_blank\">ver link 2</a>',67),(948,17,214,NULL,'Realiza graficas de funciones indicando el punto máximo o mínimo de la misma. <a href=\"http://www.vadenumeros.es/primero/derivadas-maximos-y-minimos.htm\" target=\"_blank\">ver link 1</a> <a href=\"http://www.dailymotion.com/video/xxelvg_problema-de-maximos-y-minimos-2-bachillerato_school\" target=\"_blank\">ver link 2</a>',68),(949,17,215,NULL,'Construye figuras geométricas para aprender el uso de los instrumentos y herramientas para la realización de las figuras. <a href=\"http://www.disfrutalasmatematicas.com/geometria/index.html\" target=\"_blank\">ver link</a> Materiales para construir la geometría',65),(950,17,215,NULL,'Conoce los conceptos fundamentales de geometría y realiza ejercitación con respecto al tema. <a href=\"http://www.youtube.com/watch?v=vBTxVASRv4k\" target=\"_blank\">ver link</a>',66),(951,17,215,NULL,'Identifica problemas que implica la utilización de geometría  <a href=\"http://manolomat.com/atenea/ejercicios-resueltos.html\" target=\"_blank\">ver link</a>',67),(952,17,215,NULL,'Determina las medidas de diversos elementos de geometría a través de la ejercitación de resolución de autoevaluaciones. <a href=\"http://www.losexamenes.com/examen/geometrÍa-1-matematicas-2-2-bachillerato-id316\" target=\"_blank\">ver link</a>',68),(953,17,216,NULL,'Realiza un resumen y un cuestionario de 20 preguntas con los conceptos básicos de lógica matemática. <a href=\"http://www.juntadeandalucia.es/averroes/html/adjuntos/2008/02/22/0001/adjuntos/logica_1orden.pdf\" target=\"_blank\">ver link</a>',65),(954,17,216,NULL,'Lea las definiciones de su libro de texto y realice los ejercicios planteados en el mismo.',66),(955,17,216,NULL,'Se ejercita realizando proposiciones con conectivos lógicos y su aplicación a conectores lógicos. <a href=\"http://www.juntadeandalucia.es/averroes/html/adjuntos/2008/02/22/0001/adjuntos/logica_1orden.pdf\" target=\"_blank\">ver link</a>',67),(956,17,216,NULL,'Realiza ejercicios sobre tablas de verdad con los conectivos lógicos. <a href=\"http://youtu.be/S7AN1ZQJ8X4\" target=\"_blank\">ver link</a>',68),(957,17,217,NULL,'Lee y realiza un cuestionario sobre los sistemas numéricos. <a href=\"http://youtu.be/kNTIurcBq-U\" target=\"_blank\">ver link 1</a> <a href=\"http://www.escolares.net/matematicas/sistemas-de-numeracion/\" target=\"_blank\"> ver link 2</a>',65),(958,17,217,NULL,'Lee y realiza 20 problemas sobre conversión a los sistemas de numeración. <a href=\"http://youtu.be/Adxz0FtLLCc\" target=\"_blank\">ver link</a>',66),(959,17,217,NULL,'Realiza ejercicios sobre operaciones con sistemas de numeración. <a href=\"http://www.matemticasparatodos.com/uploads/8/3/2/3/8323078/sistemas_de_numeracion.pdf\" target=\"_blank\">ver link</a>',67),(960,17,217,NULL,'Realiza las autoevaluaciones del libro de texto, para el análisis del conocimiento adquirido. <a href=\"http://www.santjosepobrer.com/aulavirtual/cfgm/index_archivos/1.%20Sistema%20de%20numeraci%C3%B3n.pdf\" target=\"_blank\">ver link</a>',68),(961,17,218,NULL,'Lee sobre las definiciones de Trigonometría y realiza un cuestionario con los conceptos. Tablas Matemáticas de David Manura <a href=\"http://www.slideshare.net/PROFGRETTELMATE/practica-comprensiva-de-apoyo-sobre-trigonometria-para-bachillerato\" target=\"_blank\">ver link</a>',65),(962,17,218,NULL,'Analiza ejemplos de ángulos y realiza ejercicios sobre los mismos. <a href=\"http://starmathematics.blogspot.com/2011/12/ejercicios-de-trigonometria-para.html\" target=\"_blank\">ver link</a>',66),(963,17,218,NULL,'Realiza ejercicios básicos sobre el teorema de Pitágoras y teorema de thales. <a href=\"http://www.matematica1.com/2012/04/ejercicios-resueltos-sobre-el-teorema_16.html\" target=\"_blank\">ver link</a>',67),(964,17,218,NULL,'Determina las funciones e identidades trigonométricas a partir de un triángulo rectángulo. <a href=\"http://www.matematicasfisicaquimica.com/conceptos-de-matematicas/154-conceptos-matematicas-funciones-eso-bachillerato/1338-representacion-funciones-trigonometricas-matematicas-bachillerato-periodicidad-periodo.html\" target=\"_blank\">ver link</a> <a href=\"http://youtu.be/5FioTmDE5Ho\" target=\"_blank\">ver link</a>',68),(965,17,219,NULL,'--',65),(966,17,219,NULL,'--',66),(967,17,219,NULL,'--',67),(968,17,219,NULL,'--',68),(969,17,NULL,82,'Memorice  cuatro conceptos cada día',65),(970,17,NULL,82,'Memorice las formas generales de trigonometría así como las identidades fundamentales.',66),(971,17,NULL,82,'Memorice las figuras geométricas  y relacionarlas con su entorno.',67),(972,17,NULL,82,'Memorice las figuras geométricas  y relacionelas con su entorno',68),(973,17,NULL,83,'Clasifique los sistemas de numeración ',65),(974,17,NULL,83,'Relaciones los conceptos y definiciones con su entorno',66),(975,17,NULL,83,'Realice operaciones con cada uno de los temas propuestos.',67),(976,17,NULL,83,'Investigue y amplié los conocimientos adquiridos sobre cada uno los temas propuestos.',68),(977,17,NULL,84,'Realice operaciones de cada uno de los temas de acuerdo a situaciones de su entorno.',65),(978,17,NULL,84,'Haga cuestionarios con los conceptos y definiciones de los temas a considerar.',66),(979,17,NULL,84,'Realice ejercicios con cada uno de los temas propuestos.',67),(980,17,NULL,84,'Realice un vídeo donde ejemplifique uno de los temas propuestos.',68),(981,17,NULL,85,'Practique cada uno de los problemas dos veces, por eje temático.',65),(982,17,NULL,85,'Cambie los datos proporcionados en los ejercicios y resolverlos con los nuevos datos.',66),(983,17,NULL,85,'Realice nuevos ejercicios.',67),(984,17,NULL,85,'Realice nuevos ejercicios.',68),(985,18,221,NULL,'--',69),(986,18,221,NULL,'--',70),(987,18,221,NULL,'--',71),(988,18,221,NULL,'--',72),(989,18,222,NULL,'--',69),(990,18,222,NULL,'--',70),(991,18,222,NULL,'--',71),(992,18,222,NULL,'--',72),(993,18,223,NULL,'--',69),(994,18,223,NULL,'--',70),(995,18,223,NULL,'--',71),(996,18,223,NULL,'--',72),(997,18,224,NULL,'--',69),(998,18,224,NULL,'--',70),(999,18,224,NULL,'--',71),(1000,18,224,NULL,'--',72),(1001,18,225,NULL,'--',69),(1002,18,225,NULL,'--',70),(1003,18,225,NULL,'--',71),(1004,18,225,NULL,'--',72),(1005,18,226,NULL,'--',69),(1006,18,226,NULL,'--',70),(1007,18,226,NULL,'--',71),(1008,18,226,NULL,'--',72),(1009,18,NULL,87,'--',69),(1010,18,NULL,87,'--',70),(1011,18,NULL,87,'--',71),(1012,18,NULL,87,'--',72),(1013,18,NULL,88,'--',69),(1014,18,NULL,88,'--',70),(1015,18,NULL,88,'--',71),(1016,18,NULL,88,'--',72),(1017,18,NULL,89,'--',69),(1018,18,NULL,89,'--',70),(1019,18,NULL,89,'--',71),(1020,18,NULL,89,'--',72),(1021,18,NULL,90,'--',69),(1022,18,NULL,90,'--',70),(1023,18,NULL,90,'--',71),(1024,18,NULL,90,'--',72),(1025,19,228,NULL,'--',73),(1026,19,228,NULL,'--',74),(1027,19,228,NULL,'--',75),(1028,19,228,NULL,'--',76),(1029,19,229,NULL,'--',73),(1030,19,229,NULL,'--',74),(1031,19,229,NULL,'--',75),(1032,19,229,NULL,'--',76),(1033,19,230,NULL,'--',73),(1034,19,230,NULL,'--',74),(1035,19,230,NULL,'--',75),(1036,19,230,NULL,'--',76),(1037,19,231,NULL,'--',73),(1038,19,231,NULL,'--',74),(1039,19,231,NULL,'--',75),(1040,19,231,NULL,'--',76),(1041,19,232,NULL,'--',73),(1042,19,232,NULL,'--',74),(1043,19,232,NULL,'--',75),(1044,19,232,NULL,'--',76),(1045,19,233,NULL,'--',73),(1046,19,233,NULL,'--',74),(1047,19,233,NULL,'--',75),(1048,19,233,NULL,'--',76),(1049,19,NULL,92,'--',73),(1050,19,NULL,92,'--',74),(1051,19,NULL,92,'--',75),(1052,19,NULL,92,'--',76),(1053,19,NULL,93,'--',73),(1054,19,NULL,93,'--',74),(1055,19,NULL,93,'--',75),(1056,19,NULL,93,'--',76),(1057,19,NULL,94,'--',73),(1058,19,NULL,94,'--',74),(1059,19,NULL,94,'--',75),(1060,19,NULL,94,'--',76),(1061,19,NULL,95,'--',73),(1062,19,NULL,95,'--',74),(1063,19,NULL,95,'--',75),(1064,19,NULL,95,'--',76),(1065,20,235,NULL,'--',77),(1066,20,235,NULL,'--',78),(1067,20,235,NULL,'--',79),(1068,20,235,NULL,'--',80),(1069,20,236,NULL,'--',77),(1070,20,236,NULL,'--',78),(1071,20,236,NULL,'--',79),(1072,20,236,NULL,'--',80),(1073,20,237,NULL,'--',77),(1074,20,237,NULL,'--',78),(1075,20,237,NULL,'--',79),(1076,20,237,NULL,'--',80),(1077,20,238,NULL,'--',77),(1078,20,238,NULL,'--',78),(1079,20,238,NULL,'--',79),(1080,20,238,NULL,'--',80),(1081,20,239,NULL,'--',77),(1082,20,239,NULL,'--',78),(1083,20,239,NULL,'--',79),(1084,20,239,NULL,'--',80),(1085,20,240,NULL,'--',77),(1086,20,240,NULL,'--',78),(1087,20,240,NULL,'--',79),(1088,20,240,NULL,'--',80),(1089,20,NULL,97,'--',77),(1090,20,NULL,97,'--',78),(1091,20,NULL,97,'--',79),(1092,20,NULL,97,'--',80),(1093,20,NULL,98,'--',77),(1094,20,NULL,98,'--',78),(1095,20,NULL,98,'--',79),(1096,20,NULL,98,'--',80),(1097,20,NULL,99,'--',77),(1098,20,NULL,99,'--',78),(1099,20,NULL,99,'--',79),(1100,20,NULL,99,'--',80),(1101,20,NULL,100,'--',77),(1102,20,NULL,100,'--',78),(1103,20,NULL,100,'--',79),(1104,20,NULL,100,'--',80),(1105,21,242,NULL,'Buscar notas interesantes en revistas científicas y consultar las palabras nuevas.',81),(1106,21,242,NULL,'Buscar sinónimos y antónimos de las palabras de un texto y hacer oraciones con ellas.',82),(1107,21,242,NULL,'Extraer palabras de un texto y consultarlas con dos personas cercanas; luego comparar con el diccionario.',83),(1108,21,242,NULL,'Realizar un fichero con palabras extraídas de un texto, puede ser noticia, poema, anuncio, cuento y hacer un dibujo del significado.',84),(1109,21,243,NULL,'Identifique el tipo de lectura que más le interesa, reconociéndola por el  género literario en el que fueron escritos.',81),(1110,21,243,NULL,'Escoja un género literario a gusto, realice su propia versión y  auto-evalúe.',82),(1111,21,243,NULL,'Identifique de varias lecturas, el género en el que han sido escritos y  fundamente su respuesta.',83),(1112,21,243,NULL,'Realice un portafolio con los géneros literarios aprendidos, con ejemplo y un dibujo.',84),(1113,21,244,NULL,'Seguir con lectura diaria, no menos de 30 minutos, ejercitando entender las palabras nuevas por contexto.',81),(1114,21,244,NULL,'Lectura diaria, entender por contexto el significado de las palabras. Imaginar lo que sucedería si la historia tuviera un final diferente.',82),(1115,21,244,NULL,'Lectura diaria: Extraer la idea principal de cada párrafo de la lectura, buscar palabras nuevas en el diccionario, identificar los personajes principales de la historia.',83),(1116,21,244,NULL,'Leer 30 minutos dos veces en el día: Resumir mentalmente lo más importante leído en el día tratando de responder las siguientes    interrogantes: ¿Qué le gustó? y ¿por qué? Buscar en el diccionario las palabras nuevas y realizar un fichero.',84),(1117,21,245,NULL,'Identifique en párrafos de revistas, oraciones y las partes en  que forman la oración.',81),(1118,21,245,NULL,'Practique las conjugaciones de los verbos en presente, pasado, futuro.',82),(1119,21,245,NULL,'Recite las reglas gramaticales aprendidas y las aplique en diferentes oraciones.',83),(1120,21,245,NULL,'Realice un ejercicio de cada tema visto en clase. ',84),(1121,21,246,NULL,'Consulte siempre las palabras que considere mal escritas. No se quede con esa duda.',81),(1122,21,246,NULL,'Divida las palabras en sílabas y  escríbalas cinco veces en el cuaderno.',82),(1123,21,246,NULL,'Anote las palabras nuevas que escuche durante el día y aplíquelas  en oraciones propias.',83),(1124,21,246,NULL,'Ejercite con ejercicios de ortografía diariamente y memorice las palabras aprendidas. Memorice las reglas ortográficas de mb, mp, uso de ll y y, c,s,z',84),(1125,21,247,NULL,'Realizar ensayos frecuentemente y auto-evaluarse.',81),(1126,21,247,NULL,'Realizar un ensayo por tema visto en clase e identificar las partes en que se divide un ensayo.',82),(1127,21,247,NULL,'Realizar paráfrasis de conceptos vistos en clase y evaluarlos.',83),(1128,21,247,NULL,'Extraer de un tema una idea central, varias secundarias y realizar una versión propia de la misma.',84),(1129,21,NULL,102,'Recordar una vez al día, preferentemente en la noche, las actividades realizadas el día anterior.',81),(1130,21,NULL,102,'Memorizar los nombres de los amigos  y el  número de teléfono.',82),(1131,21,NULL,102,'Memorizar nombres de los amigos, un rasgo físico que lo caracterice y una actividad favorita de cada uno.',83),(1132,21,NULL,102,'Memorizar datos básicos de casa, números de teléfono de emergencia y horarios del colegio.',84),(1133,21,NULL,103,'Identifique la diferencia entre mapa conceptual y cuadro informativo, informe y resumen.',81),(1134,21,NULL,103,'Practique la conjugación de los verbos en forma simple.',82),(1135,21,NULL,103,'Identifique las partes que forman los diferentes géneros aprendidos.',83),(1136,21,NULL,103,'Lea diferentes textos e identifique si fueron escritos en verso o prosa.',84),(1137,21,NULL,104,'Exprese con frecuencia su punto de vista de alguna noticia del día.',81),(1138,21,NULL,104,'Responda a la pregunta: ¿Qué pasaría si...? De algún tema ecológico. Diariamente.',82),(1139,21,NULL,104,'Analice diariamente las consecuencias de cada acto realizado y  escríbalo. ',83),(1140,21,NULL,104,'Realice por escrito una crítica de algún tema nacional.',84),(1141,21,NULL,105,'Ejercicios de repaso de los temas aprendidos, de preferencia gramática y ortografía.',81),(1142,21,NULL,105,'Ejercicios de repaso de todos los temas.',82),(1143,21,NULL,105,'Realice ejercicios escritos con ejemplos de las reglas gramaticales aprendidas.',83),(1144,21,NULL,105,'Practique familias de palabras, tildes y palabras con mb y mp.',84),(1145,22,249,NULL,'Lea diariamente e identifique por lo menos tres palabras desconocidas, buscarlas en el diccionario y elaborar un fichero (puede ilustrar las palabras) y memorizarlas.',85),(1146,22,249,NULL,'Realice una lectura diaria, identifique las palabras de difícil comprensión e infiera su significado, luego compare con el diccionario si es correcta su predicción.',86),(1147,22,249,NULL,'Realice lectura diaria, identifique tres palabras desconocidas, busque en el diccionario, luego pregunte a varios adultos (se sugiere a los papás) el significado y compararlo con lo que dice el diccionario.',87),(1148,22,249,NULL,'Realice una lectura diaria, identifique las palabras nuevas o de difícil comprensión, por el contexto infiera su significado, luego comparar con el diccionario si es correcta su predicción.',88),(1149,22,250,NULL,'Estudie una vez por semana un tipo de género literario y lea un ejemplo de éste y una función lingüística.',85),(1150,22,250,NULL,'Inicié estudiando poemas, fábulas y leyendas sencillas. Luego incremente su dificultad escogiendo libros acorde a su edad e interés.',86),(1151,22,250,NULL,'Realice una lectura diaria y luego clasifique a los personajes de la historia, identifique diferencias entre ellos y personas de la vida real.',87),(1152,22,250,NULL,'Elabore paráfrasis de cuentos y leyendas populares. Con el tiempo incremente la dificultad de las lecturas.',88),(1153,22,251,NULL,'Lea artículos de revistas o de diarios oficiales, luego relate lo leído de manera oral a otra persona.',85),(1154,22,251,NULL,'Elija un libro de su interés, inicie haciendo predicciones de lo que va a leer e inicie la lectura en períodos cortos al inicio (10 m. diarios) e incremente el tiempo de manera gradual.',86),(1155,22,251,NULL,'Realice una línea del tiempo de una lectura a su elección.',87),(1156,22,251,NULL,'Lea diversos artículos de revistas o prensa e invente un final distinto para cada artículo leído. Luego redacte los propios.',88),(1157,22,252,NULL,'Lea el fragmento de un cuento, identifique los sustantivos comunes y sustantivos propios.',85),(1158,22,252,NULL,'Identifique 10 palabras polisémicas, escribe su significado. Puedes consultar con más personas.',86),(1159,22,252,NULL,'Seleccione un texto de no menos de 3 párrafos. Separe por oraciones e identifique la función de cada palabra dentro de la oración. (incluya aposición).',87),(1160,22,252,NULL,'Seleccione 10 verbos de un texto y escríbalos en infinitivo.',88),(1161,22,253,NULL,'Estudie una regla ortográfica a la semana, sustente la regla con un banco de palabras, de preferencia diez por regla.',85),(1162,22,253,NULL,'Elija una palabra diaria, identifique el sinónimo y el antónimo, luego redacte una oración para cada uno. Puede ser oral o escrito.',86),(1163,22,253,NULL,'Clasifique las reglas ortográficas e identifique las excepciones.',87),(1164,22,253,NULL,'Redacte oraciones. Practique el deletreo de palabras diversas durante el día.',88),(1165,22,254,NULL,'Antes de redactar algún documento debe preguntarse: ¿qué me gusto?, ¿qué sabía?, ¿qué no me gustó?, ¿se podría mejorar lo que leí?',85),(1166,22,254,NULL,'Identifique los personajes principales.  Identifique el tema de su escrito. Identifique el tema central antes de iniciar la redacción.',86),(1167,22,254,NULL,'Clasifique los elementos que debe usar para la redacción. Identifique el tipo de texto que desea escribir. Identifique la función lingüística antes de redactar.',87),(1168,22,254,NULL,'Redacte un borrador del tema deseado. Luego has los arreglos pertinentes que la lectura necesita y al final, haga una copia en limpio con un dibujo que lo ilustre.',88),(1169,22,NULL,107,'Memorice dos reglas gramaticales a la semana.',85),(1170,22,NULL,107,'Memorice tres actividades de una semana y relaciónelas con un color.',86),(1171,22,NULL,107,'Memorice el horario de estudios y relacione cada clase con una figura.',87),(1172,22,NULL,107,'Cuando vaya en la calle, agilice la mente relacionando cada letra de las placas de los vehículos con una palabra.',88),(1173,22,NULL,108,'Clasifique los elementos de las lecturas, compare los sucesos o los personajes de la lectura.',85),(1174,22,NULL,108,'Cuando vaya de paseo, elija a un grupo de personas que estén reunidas en la calle e imagine acerca de lo que están hablando y el por qué están reunidos.',86),(1175,22,NULL,108,'Lea un poema (el que más le guste), luego agregue una estrofa de su autoría. ',87),(1176,22,NULL,108,'Escuche detenidamente dos estrofas del Himno Nacional de Guatemala. Luego pregúntese ¿Entiende lo que el autor quiso decir? Investigue.',88),(1177,22,NULL,109,'Realice diariamente el crucigrama que sale en el periódico nacional, consulte sus respuestas si no ha concluido en un lapso de 30 minutos.',85),(1178,22,NULL,109,'Escoge 5 refranes populares por semana y entiende su significado. (puedes consultar con adultos cercanos)',86),(1179,22,NULL,109,'Invente sus propios refranes utilizando palabras y objetos nuevos. Explique su significado. ',87),(1180,22,NULL,109,'Busque retahílas y entienda su significado. Escriba su propia retahíla',88),(1181,22,NULL,110,'Escoja tres objetos de su centro de estudios y remplace el nombre con sinónimos.',85),(1182,22,NULL,110,'Elabore un texto descriptivo en el cual utilice diversos tipos de vocabularios.',86),(1183,22,NULL,110,'Realice acrósticos con los nombres de sus padres.',87),(1184,22,NULL,110,'Haga oraciones compuestas utilizando las actividades que más le gustan.',88),(1185,23,256,NULL,'Realizar una  lectura diaria e identificar por lo menos diez palabras desconocidas.',89),(1186,23,256,NULL,'Inferir en el significado de palabras nuevas de acuerdo con el contexto de la lectura que se realice.',90),(1187,23,256,NULL,'Buscar palabras desconocidas en el diccionario y relacionarlas con algo de la vida diaria.',91),(1188,23,256,NULL,'Buscar 10 sinónimos y 10 antónimos de la lectura realizada.',92),(1189,23,257,NULL,'Estudie una vez por semana las funciones lingüísticas.',89),(1190,23,257,NULL,'Inicie estudiando poemas, fábulas y leyendas sencillas. Luego incremente su dificultad seleccionando libros acorde a su edad e interés.',90),(1191,23,257,NULL,'Realice lectura de diversas formas literarias, identifique la idea central, el propósito del autor y los personajes principales para decodificar el mensaje del texto.',91),(1192,23,257,NULL,'Elabore paráfrasis de cuentos y leyendas populares. Con el tiempo incremente la dificultad de las lecturas.',92),(1193,23,258,NULL,'Lea artículos de revistas de su interés, luego elabore organizadores gráficos que le permitan recuperar la información de lo leído.',89),(1194,23,258,NULL,'Elija un libro de su interés, inicie haciendo predicciones de lo que va a leer e inicie la lectura en períodos cortos  (10 min diarios) e incremente el tiempo de manera gradual. Al final de cada tiempo de lectura, escriba un pequeño resumen de lo que entendió de la lectura, solicite el apoyo de un adulto para corroborar la comprensión de lo estudiado',90),(1195,23,258,NULL,'Elabore inferencias de lo acontecido en la lectura. Aplique una hipótesis de lo que sucederá al inicio, en medio y al final de la lectura.',91),(1196,23,258,NULL,'Lea diversos artículos de revistas o prensa e invente un final distinto para cada artículo leído. Luego redacte los propios.',92),(1197,23,259,NULL,'Estudie una o dos reglas gramaticales a la semana.',89),(1198,23,259,NULL,'Realice la escritura de varios párrafos, preste atención a la manera en que se escucha lo escrito, luego corrobore con lo que dice la norma gramatical estudiada.',90),(1199,23,259,NULL,'Identifique en las letras de canciones los sujetos expresos o sujetos tácitos',91),(1200,23,259,NULL,'Identifique las conjugaciones de los verbos, en letras de canciones populares.',92),(1201,23,260,NULL,'Estudie una regla ortográfica a la semana, sustente la regla con un banco de palabras, de preferencia veinte por regla.',89),(1202,23,260,NULL,'Busque el significado de las palabras en el diccionario, aplique la norma ortográfica de la semana.',90),(1203,23,260,NULL,'Asegúrese de clasificar las excepciones de las normas ortográficas. Clasifique los homófonos para que no exista confusión.',91),(1204,23,260,NULL,'Realice dictado de palabras o de párrafos cortos en donde podrá practicar la norma aprendida',92),(1205,23,261,NULL,'Lea un párrafo de cualquier texto y cuestiónese si le gusta como está escrito, si usted pude mejorarlo y ¿cómo?',89),(1206,23,261,NULL,'Tome el titular de una noticia del día y redacte su propia versión de los hechos, autoevalúe y coevalúe.',90),(1207,23,261,NULL,'Escoja varias frases que le llamen la atención y juegue con ellas cambiando el lugar a los signos de puntuación, ¿cambia el sentido de la frase o no?',91),(1208,23,261,NULL,'Escriba un artículo sobre daño que se le ha hecho a la ortografía y redacción en los últimos años con los mensajes de texto y chats en redes sociales. No olvide colocar su aporte al respecto.',92),(1209,23,NULL,112,'Vea el noticiero del día, escoja 3 palabras que desconozca aprenda su significado y memorice.',89),(1210,23,NULL,112,'Memorice las funciones lingüísticas aprendidas en clase y haga relación entre ellas.',90),(1211,23,NULL,112,'Memorice las reglas ortográficas, recítelas una vez a la semana.',91),(1212,23,NULL,112,'Memorice 3 sinónimos diarios y 3 antónimos.',92),(1213,23,NULL,113,'Realizar una lectura diaria, de por lo menos 30 minutos, en la cual identificará palabras nuevas o de difícil comprensión, inferir su significado según el contexto, luego sustituir las palabras por sinónimos con el objetivo de comprender mejor el texto.',89),(1214,23,NULL,113,'Seleccione 5 títulos de libros que sean interesantes a su criterio, luego infiera el contenido del texto, solamente por el nombre del título.',90),(1215,23,NULL,113,'Identifique  personajes principales de las lecturas, el tema o idea central , así como los detalles y secuencia de eventos. ',91),(1216,23,NULL,113,'Comente con 2 adultos los libros que le interese leer, pregunte acerca de los contenidos. Seleccione la lectura adecuada luego de investigar la trama de varios títulos',92),(1217,23,NULL,114,'Clasificar las palabras identificadas en las lecturas, por categoría; luego redactar diversas oraciones, puede ser de manera oral o escrita. Se sugieren no menos de 10 al día',89),(1218,23,NULL,114,'Selecciones 3 noticias diarias de prensa, y cuestiónese. ¿Qué hubiera sucedido si? ¿Qué solución hubiera tomado de haber sido su caso?',90),(1219,23,NULL,114,'Luego de leer un texto debe preguntarse: ¿qué me gusto?, ¿Qué sabía respecto al tema leído?, ¿Qué no me gustó?',91),(1220,23,NULL,114,'Pregunte el nombre de un escritor a tres personas, luego investigue el tipo de género literario que utilizan y escoja el que más le gustaría leer y ¿por qué?',92),(1221,23,NULL,115,'Elabore diversos textos empleando el nuevo vocabulario y contextualizándolo en su diario vivir.',89),(1222,23,NULL,115,'Redacte oraciones cortas acerca de un tema específico, luego por medio de yuxtaposiciones realice un texto descriptivo.',90),(1223,23,NULL,115,'Busque en la sección de anuncios de la prensa errores ortográficos y aplique las reglas aprendidas.',91),(1224,23,NULL,115,'Escoja 2 géneros literarios que más le interesen y escriba no menos de dos párrafos utilizando cada uno de esos géneros...',92),(1225,24,263,NULL,'Desarrollar el hábito diario de la lectura, mínimo  30 minutos, usar lectura apropiada a la edad.',93),(1226,24,263,NULL,'Realizar juegos de mesa como basta, deletreo, entre otros.',94),(1227,24,263,NULL,'Realizar un diccionario ilustrado de palabras nuevas en donde incluya oraciones aplicando la nueva palabra, mínimo 10 por semana.',95),(1228,24,263,NULL,'Identificar palabras nuevas en programas de televisión, de preferencia documentales, y luego aplicarlas en el lenguaje cotidiano. ',96),(1229,24,264,NULL,'Leer fragmentos de lecturas cuyos autores sean nacionales.',93),(1230,24,264,NULL,'Realizar una lectura mínima de 30 minutos diarios usando libros apropiados para la edad',94),(1231,24,264,NULL,'Comentar con un adulto lo que entendió de la lectura realizada',95),(1232,24,264,NULL,'Imaginar otro final u otro inicio para cada lectura ',96),(1233,24,265,NULL,'Redactar diversas oraciones cortas, luego ordenarlas para realizar un párrafo con sentido.',93),(1234,24,265,NULL,'Comparar eventos sucedidos durante un día y otro o la mañana y la noche. ',94),(1235,24,265,NULL,'Identificar la diferencia entre el estilo de vida de un estudiante de secundaria y uno de pre primaria',95),(1236,24,265,NULL,'Identificar actitudes positivas y o negativas de un personaje de una serie de televisión.',96),(1237,24,266,NULL,'Identificar los elementos dentro de las conversaciones cotidianas',93),(1238,24,266,NULL,'Estudiar una regla gramatical a la semana, por ejemplo la clasificación de los adjetivos',94),(1239,24,266,NULL,'Practicar formas de expresión oral como mesas redondas con la familia',95),(1240,24,266,NULL,'Realizar juegos de familia como “mimo”, de esta manera se practica el lenguaje gestual ',96),(1241,24,267,NULL,'Estudiar una regla ortográfica a la semana.',93),(1242,24,267,NULL,'Practicar con un abecedario de imágenes la escritura de diversas palabras',94),(1243,24,267,NULL,'Llevar un glosario personal con las palabras que se tiene duda al escribir',95),(1244,24,267,NULL,'Redacción de pequeñas cartas, puede ser e-mails, e intercambiarlas con amigos o familia para autocorrección.',96),(1245,24,268,NULL,'Realizar la paráfrasis de las canciones favoritas',93),(1246,24,268,NULL,'Copiar las canciones favoritas y luego cambiar palabras por sinónimos',94),(1247,24,268,NULL,'Escoger un personaje favorito e investigar de su vida en documentos escritos, físicos o virtuales.',95),(1248,24,268,NULL,'Predecir lo que sucederá del siguiente capitulo de una serie de televisión o de un partido de fútbol.',96),(1249,24,NULL,117,'Deletrear cada semana 5 palabras que inicien con H.',93),(1250,24,NULL,117,'Deletrear cada semana 5 palabras que utilicen c y z.',94),(1251,24,NULL,117,'Memorizar el uso la coma, y del punto y coma.',95),(1252,24,NULL,117,'Memorizar cada semana 3 palabras que se escriban juntas (ej. Asimismo)',96),(1253,24,NULL,118,'Separar el fragmento de un cuento en oraciones. Y dividir en las partes que forman la oración gramatical.',93),(1254,24,NULL,118,'Escribir oraciones en donde utilice palabras con sílaba tónica y subraye.',94),(1255,24,NULL,118,'Escribir un diálogo y señalar, receptor y mensaje.',95),(1256,24,NULL,118,'Escribir un anuncio y decir el medio de comunicación idóneo para el mismo.',96),(1257,24,NULL,119,'Buscar dos puntos de vista diferentes sobre un tema de interés nacional y dar el propio.',93),(1258,24,NULL,119,'Escoger el título de un libro y sin leerlo antes, escribir un fragmento inédito.',94),(1259,24,NULL,119,'Escribir el fragmento de una noticia, cambiar los signos de puntuación utilizados y observar si cambia el sentido de la oración.',95),(1260,24,NULL,119,'Escribir un ensayo sobre los valores en la escuela. Separar las partes en que se divide un ensayo pintando cada una con diferente color.',96),(1261,24,NULL,120,'Hacer un organizador gráfico con la conjugación de un verbo de uso poco frecuente.',93),(1262,24,NULL,120,'Conjugar cada día un verbo escogido al azar.',94),(1263,24,NULL,120,'Hacer un listado de palabras que suenen de la misma manera y se escriban diferente.',95),(1264,24,NULL,120,'Escribir un ensayo sobre la importancia que se le da a la  poesía en Guatemala.',96),(1265,25,270,NULL,'Realizar una lectura diaria mínima de 40 minutos, escoger un libro apropiado a la edad y del interés del estudiante. ',97),(1266,25,270,NULL,'Realizar los crucigramas de los periódicos locales, puede usar la clave de respuestas para iniciar el hábito.',98),(1267,25,270,NULL,'Estudiar palabras del diccionario, cinco por semana.',99),(1268,25,270,NULL,'Ver programas de televisión como documentales.',100),(1269,25,271,NULL,'--',97),(1270,25,271,NULL,'--',98),(1271,25,271,NULL,'--',99),(1272,25,271,NULL,'--',100),(1273,25,272,NULL,'Redactar párrafos cortos e integrarlos en un ensayo, cuento, canción, entre otros.',97),(1274,25,272,NULL,'Comparar eventos sucedidos durante un día en una mujer que trabaja y una que es ama de casa, enfatice las similitudes y las diferencias. ',98),(1275,25,272,NULL,'Identificar la diferencia entre el estilo de vida de las personas en diversos ambientes. ',99),(1276,25,272,NULL,'Identificar actitudes positivas y o negativas de los personaje de las  series de televisión.',100),(1277,25,273,NULL,'Cambiar hábitos de escritura en las redes sociales e implementar el uso correcto de las palabras.',97),(1278,25,273,NULL,'Estudiar una regla gramatical a la semana.',98),(1279,25,273,NULL,'Propiciar conversaciones con personas adultas que tengan un correcto dominio del idioma.',99),(1280,25,273,NULL,'Involucrarse o propiciar la práctica de conversatorios.',100),(1281,25,274,NULL,'Practica una regla ortográfica cada semana.',97),(1282,25,274,NULL,'Identifica errores ortográficos en textos escritos, puede ser en la calle, en redes sociales, etc. ',98),(1283,25,274,NULL,'Practica el deletreo de palabras de difícil escritura.',99),(1284,25,274,NULL,'Realiza el estudio de 15 palabras cada semana para reforzar su escritura.',100),(1285,25,275,NULL,'Realiza la lectura de fragmento de textos con el objetivo de analizarlos.',97),(1286,25,275,NULL,'Elabora resúmenes escritos de películas, luego solicita el apoyo de un adulto para leerlo y darle su opinión. ',98),(1287,25,275,NULL,'Realiza hipótesis de los eventos que sucederán durante el día, comprueba sus resultados al finalizar el día.',99),(1288,25,275,NULL,'Redacta los hechos y opiniones de programas de televisión o partidos del deporte favorito.',100),(1289,25,NULL,122,'Elaborar juegos de memoria con figuras abstractas y utilizarlos dos veces al mes.',97),(1290,25,NULL,122,'Memorizar el  slogan de tres marcas reconocidas a nivel mundial y recordarlas cada semana.',98),(1291,25,NULL,122,'Recordar los anuncios de tv que hayan sido utilizados durante un programa completo, repetirlo en voz alta al finalizar el programa, en el orden que fueron vistos.',99),(1292,25,NULL,122,'Memorizar secuencia de eventos  de un día',100),(1293,25,NULL,123,'Lectura diaria 30 minutos.',97),(1294,25,NULL,123,'Lectura diría 30 minutos, cambiar el título de la historia con la lectura del primer capítulo',98),(1295,25,NULL,123,'Lectura diaria 1 hora, inferir en cada subtítulo sobre el desarrollo de la historia.',99),(1296,25,NULL,123,'Lectura diaria 1 hora, haciendo paradas obligatorias al final de cada capítulo e inferir sobre el capítulo siguiente',100),(1297,25,NULL,124,'Lectura de las noticias del día en medios escritos, dar opinión al respecto.',97),(1298,25,NULL,124,'Iniciar un diálogo con personas de otras edades sobre un tema de interés actual del país. Defender el punto de vista',98),(1299,25,NULL,124,'Escoger a dos columnistas de opinión de prensa y leerlos durante una semana, cambiar de columnista la semana siguiente y comparar la manera de escribir.',99),(1300,25,NULL,124,'Leer columnas de opinión y reescribirla  utilizando palabras propias.',100),(1301,25,NULL,125,'Escribir un ensayo sobre el deporte que más le guste.',97),(1302,25,NULL,125,'Escribir un resumen sobre el primer viaje a la luna.',98),(1303,25,NULL,125,'Hacer un organizador gráfico de las diferentes lenguas que existen en Guatemala y las regiones en donde se hablan.',99),(1304,25,NULL,125,'Hacer un cuadro sinóptico de los tipos de texto que hay.',100),(1305,26,277,NULL,'Realizar una lectura mínima de 45 minutos diarios de un libro apto a la edad o los intereses.',101),(1306,26,277,NULL,'Identificar palabras desconocidas en el periódico y realizar un glosario personal, mínimo 10 palabras a la semana, luego aplicar al vocabulario cotidiano.',102),(1307,26,277,NULL,'Realizar los crucigramas de los periódicos locales, es importante no usar la clave de respuestas.',103),(1308,26,277,NULL,'Involucrarse en proyectos como seminarios, conversatorios, entre otros, con el fin de implementar el vocabulario.',104),(1309,26,278,NULL,'Investigar poemas que han sido convertidas en canciones y leer sobre los autores.',101),(1310,26,278,NULL,' Analizar las diversas figuras literarias que existen e identificar la favorita.',102),(1311,26,278,NULL,'Estudiar dos canciones diarias identificando el tema principal y la forma de escritura que se utilizó. ',103),(1312,26,278,NULL,'Realizar paráfrasis de textos narrativos, expositivos, etc.',104),(1313,26,279,NULL,'Cambiar hábitos de escritura en las redes sociales e implementar el uso correcto de las palabras.',101),(1314,26,279,NULL,'Estudiar una regla gramatical a la semana.',102),(1315,26,279,NULL,'Identificar los códigos lingüísticos usados en las series de televisión.',103),(1316,26,279,NULL,'Clasificar los sustantivos que ve durante el día, cambiar los nombres por pronombres e identificar que tipo de pronombre es.',104),(1317,26,280,NULL,'Práctica una regla ortográfica cada semana.',101),(1318,26,280,NULL,'Realizar la lectura diaria de un libro,  mínimo de 45 minutos.',102),(1319,26,280,NULL,'Participar en ejercicios virtuales para mejorar la ortografía.',103),(1320,26,280,NULL,'Identificar en los periódicos locales artículos en los que se empleen las reglas ortográficas.',104),(1321,26,281,NULL,'Leer y analizar artículos e identificar la crónica periodística.',101),(1322,26,281,NULL,'Identificar en series de televisión los personajes principales y la secuencia de los eventos.',102),(1323,26,281,NULL,'Leer obras literarias  e identificar la idea central.',103),(1324,26,281,NULL,'Investigar sobre la vida de personajes favoritos y redactar biografías en estas personas.',104),(1325,26,282,NULL,'Analizar  canciones identificando la idea principal y las secundarias de lo escritos.',101),(1326,26,282,NULL,'Analizar diversos poemas identificando el ritmo de la escritura usada por el autor.',102),(1327,26,282,NULL,'Leer fabulas, leyendas, poemas, entre otros, luego identificar las metáforas, hipérboles, y otros recursos empleados por los autores. ',103),(1328,26,282,NULL,'Leer poemas e identificar anáforas, reduplicaciones, paralelismos entre otros.',104),(1329,26,NULL,127,'Juegos de memoria.',101),(1330,26,NULL,127,'Memorizar números telefónicos.',102),(1331,26,NULL,127,'Memorizar las normas ortográficas vistas en la semana.',103),(1332,26,NULL,127,'Aprender 5 palabras semanales con sinónimos y antónimos.',104),(1333,26,NULL,128,'Leer libros de autores de diferentes países y comparar el lenguaje utilizado por cada uno.',101),(1334,26,NULL,128,'Leer cuentos de mitología ',102),(1335,26,NULL,128,'Leer poesía de autores guatemaltecos.',103),(1336,26,NULL,128,'Leer títulos de los noticieros e inferir sobre ellos.',104),(1337,26,NULL,129,'Leer columnas de opinión de medios escritos y dar el punto de vista personal.',101),(1338,26,NULL,129,'Hacer un listado de 3 autores que haya leído que más le gustaron y decir por qué y el tipo de texto que es.',102),(1339,26,NULL,129,'Leer la noticia de un medio escrito y analizar que antivalor predomina.',103),(1340,26,NULL,129,'Leer una noticia importante de la semana en un medio escrito y decir si se está de acuerdo o no y ¿por qué?',104),(1341,26,NULL,130,'Copiar poemas y cambiarles palabras por sinónimos.',101),(1342,26,NULL,130,'Copiar poemas de autores guatemaltecos y colocarles metáforas.',102),(1343,26,NULL,130,'Escribir un cuento inédito utilizando 2 recursos literarios.',103),(1344,26,NULL,130,'Escribir ensayo de 4 párrafos utilizando un valor.',104),(1345,27,284,NULL,'Buscar artículos de ciencia y tecnología e investigar los  términos utilizados',105),(1346,27,284,NULL,'Lectura diaria de 1 hora., e identificar palabras de uso poco frecuente  en el entorno. Anotarlas.',106),(1347,27,284,NULL,'Lectura diaria de 1 hora, identificar palabras de uso frecuente en el entorno, buscar su significado, los sinónimos y antónimos.',107),(1348,27,284,NULL,'Realizar fichero diario con las palabras extraídas de la lectura 1 hora. Realizar un dictado y copiar varias veces las que estén mal escritas.',108),(1349,27,285,NULL,'Leer una novela famosa de las épocas estudiadas (a elección) e investigar la biografía del autor.',105),(1350,27,285,NULL,'Recordar las distintas épocas y el nombre de uno de sus exponentes.',106),(1351,27,285,NULL,'Memorizar las características más importantes de los tipos de poemas que han existido. Realizar un mapa mental.',107),(1352,27,285,NULL,'Realizar cuadro comparativo de la literatura de las distintas épocas y sus exponentes más importantes.',108),(1353,27,286,NULL,'Realizar paráfrasis de alguna cita interesante.',105),(1354,27,286,NULL,'Realizar el resumen de un texto a elección; luego cambie los signos de puntuación y compare si cambia el sentido del texto.',106),(1355,27,286,NULL,'Realizar un artículo utilizando lenguaje profesional.',107),(1356,27,286,NULL,'Elegir un tema, lluvia de ideas, realizar oraciones con cada una de las ideas, luego formar un párrafo con las mismas hasta darle forma al tema.',108),(1357,27,287,NULL,'Leer 1 hora diaria o mínimo 3 horas a la semana. ',105),(1358,27,287,NULL,'Leer 1 hora diaria o mínimo 3 horas a la semana. Anotar las palabras con duda ortográfica.',106),(1359,27,287,NULL,'Leer 1 hora diaria, encontrar el significado de las palabras en contexto. Realizar dictado de las mismas.',107),(1360,27,287,NULL,'Leer 1 hora diaria, escribir las palabras tildadas, con diéresis y las que se escriben juntas. Realizar dictado semanal de esas palabras.',108),(1361,27,288,NULL,'Escribir el retrato de una persona a quien admires.',105),(1362,27,288,NULL,'Buscar artículos científicos de interés e inventarles una  hipótesis propia.',106),(1363,27,288,NULL,'Escribir en orden cronológico una anécdota de vacaciones.',107),(1364,27,288,NULL,'Leer una novela y comparar la descripción de los personajes. Realizar autocrítica de la redacción de la misma.',108),(1365,27,289,NULL,'Leer poemas y jugar a encontrar los recursos literarios que más se repiten.',105),(1366,27,289,NULL,'Hacer un poema corto utilizando metáforas.',106),(1367,27,289,NULL,'Escuchar anuncios de televisión y radio e identificar los tipos de recursos literarios utilizados.',107),(1368,27,289,NULL,'Escribir un artículo, luego comparar si cambia el sentido del mismo al utilizar un recurso literario (a elección).',108),(1369,27,290,NULL,'Escribir un artículo de opinión y compartirlo en un blog, muro de avisos, etc.',105),(1370,27,290,NULL,'Escuchar tres emisoras de radio de distintos departamentos y comparar el lenguaje utilizado (verá que las expresiones en lenguaje cambian).',106),(1371,27,290,NULL,'Escuchar anuncios de radio e identificar al emisor, si el mensaje llega sin interferencia al receptor y si el canal es el idóneo para ese anuncio.',107),(1372,27,290,NULL,'Memorizar el proceso de comunicación y realizar ejemplos de la vida cotidiana.',108),(1373,27,NULL,132,'Realizar juegos de memoria constantemente.',105),(1374,27,NULL,132,'Memorizar la estrofa de una canción diariamente y al final de la semana cantarla completa. (de memoria)',106),(1375,27,NULL,132,'Ver un programa de televisión y recordar los anuncios que han pasado durante ese tiempo.',107),(1376,27,NULL,132,'Realizar cálculo matemático con vivencias diarias, sin utilizar la calculadora, esto ayudará a agilizar la mente.',108),(1377,27,NULL,133,'Leer el poema el mío Cid.  Encontrar en contexto la intención del autor.',105),(1378,27,NULL,133,'Leer un texto, identificar la idea principal, las secundarias, actores principales, secundarios. Qué otro título podría llevar dicho texto.',106),(1379,27,NULL,133,'Investigar  fechas importantes para el país, analizar por qué son importantes, que pasaría en la actualidad si esa fecha no existiera, etc. (ejemplo: firma de la paz)',107),(1380,27,NULL,133,'Realizar ejercicios  en donde cambie el inicio de la historia leída.',108),(1381,27,NULL,134,'Realizar un análisis crítico de alguna noticia de política nacional.',105),(1382,27,NULL,134,'Plantearse un problema ficticio y buscarle una solución lógica fundamentada.',106),(1383,27,NULL,134,'Leer noticias de economía y analizar los efectos positivos o negativos de lo leído.',107),(1384,27,NULL,134,'Realizar hipótesis vivenciales de hechos cotidianos. Buscarles una respuesta lógica.',108),(1385,27,NULL,135,'Buscar  palabras homófonas en los textos.',105),(1386,27,NULL,135,'Buscar a la semana 2 palabras que se escriban juntas o separadas, realizar oraciones con las mismas. (ejemplo: sin sentido, sinsentido)',106),(1387,27,NULL,135,'Pedir a una persona que seleccione el párrafo de algún artículo de interés, luego borrar las palabras con grado de dificultad alto. Completar dicho párrafo.',107),(1388,27,NULL,135,'Realizar ensayos semanales en donde se apliquen cada uno de los recursos estudiados durante el año en curso. ',108),(1389,28,292,NULL,'Realizar una lectura mínima de 30 minutos diariamente de textos apropiados a la edad',109),(1390,28,292,NULL,'Realizar juegos de mesa como  basta, deletreo, entre otras.',110),(1391,28,292,NULL,'Realizar los crucigramas de los periódicos locales, no debe  usar la clave de respuestas.',111),(1392,28,292,NULL,'Realizar un mapa mental de las palabras desconocidas anotando sus sinónimos. ',112),(1393,28,293,NULL,'Realice presentaciones de power point o videos de temas literarios de su interés, esto ayudara a ampliar sus conocimientos. ',109),(1394,28,293,NULL,'Elige canciones e identifica el ritmo literario en que fue escrito.',110),(1395,28,293,NULL,'Realiza fichas de escritores favoritos con datos básicos como, tipo de escritura que realizó, obras destacadas, tiempo histórico en el que vivió. ',111),(1396,28,293,NULL,'Realizar mapas conceptuales de los temas literarios extensos. ',112),(1397,28,294,NULL,'Ver películas subtituladas en español y analizar las formas gramaticales de las oraciones.',109),(1398,28,294,NULL,'Leer textos e identificar la aplicación de las reglas gramaticales.',110),(1399,28,294,NULL,'Bajar ensayos de la página “el rincón del vago” y analizar la mala aplicación de las normas gramaticales en la redacción del ensayo',111),(1400,28,294,NULL,'Leer y analizar artículos de diarios nacionales e identificar el porqué de los errores en la redacción.',112),(1401,28,295,NULL,'Ver las películas subtituladas e identificar en las oraciones los adverbios y su correcto uso.',109),(1402,28,295,NULL,'Realizar un blog en el que pueden participar adolescentes y adultos e identificar las variantes generacionales al comunicarse. ',110),(1403,28,295,NULL,'Identificar en amigos o familiares al momento de platicar, la manera de hablar y el correcto uso de las conjugaciones verbales. ',111),(1404,28,295,NULL,'Leer una noticia del periódico local, luego contárselo a alguien y preguntar qué parte no se dio a entender suficientemente.',112),(1405,28,296,NULL,'Visitar páginas de internet de ejercicios interactivos para practicar la ortografía.',109),(1406,28,296,NULL,'Redactar correos y usar la herramienta virtual para revisar la ortografía',110),(1407,28,296,NULL,'Realizar una lectura mínima de 45 minutos diarios.',111),(1408,28,296,NULL,'Identificar en los periódicos locales artículos en los que se empleen las reglas ortográficas.',112),(1409,28,297,NULL,'Leer textos argumentativos  luego realizar los propios recordando establecer la tesis y enfatizando las conclusiones.',109),(1410,28,297,NULL,'Propiciar diálogos con personas adultas y realizar mentalmente cada etapa del diálogo, la apertura, orientación, desarrollo y cierre. ',110),(1411,28,297,NULL,'Ver videos de YouTube de monólogos, discursos y conferencias, identificar las ideas principales y los mensajes. ',111),(1412,28,297,NULL,'Ver películas o programas mejicanos, colombianos y de otros países latinos, identificar las variantes de la lengua por el contexto cultural del país.',112),(1413,28,298,NULL,'Ver videos de conferencistas e identificar los elementos usados.',109),(1414,28,298,NULL,'Ver noticieros y analizar la manera en la que los periodistas se proyectan.',110),(1415,28,298,NULL,'Practicar frente al espejo conferencias, identificar los elementos  y ponerlos en práctica.',111),(1416,28,298,NULL,'Participar voluntariamente en conferencias y actividades de hablar en público dentro del centro de estudios.',112),(1417,28,299,NULL,'Participar en charlas con maestros y elevar el vocabulario que se emplea. ',109),(1418,28,299,NULL,'Escuchar simposios e identificar los elementos de esta técnica de discusión. ',110),(1419,28,299,NULL,'Investigar y propiciar el uso de los 6 sombreros del pensamiento para presentar tareas en el centro de estudios.',111),(1420,28,299,NULL,'Emplear argumentos válidos e ideas claras al exponer su punto de vista. ',112),(1421,28,300,NULL,'Realizar una vez a la semana un escrito en el que resuma lo sucedido durante la semana, luego compartirlo con una persona y preguntarle si fue clara la idea transmitida.',109),(1422,28,300,NULL,'Leer y analizar diversos textos de libros, revistas, periódicos entre otros. ',110),(1423,28,300,NULL,'Antes de elaborar un ensayo,  aclarar las ideas que desea transmitir. ',111),(1424,28,300,NULL,'Participar en un club de lectura virtual o crear uno propio.',112),(1425,28,NULL,137,'Realizar ejercicios de analogías y razonamiento lógico.',109),(1426,28,NULL,137,'Memorizar 5 nombres de escritores guatemaltecos y su obra de mayor importancia.',110),(1427,28,NULL,137,'Memorizar normas ortográficas para letras de b y v; así como c, s, z',111),(1428,28,NULL,137,'Memorizar normas ortográficas para letras ll y y; así como palabras que se escriben juntas.',112),(1429,28,NULL,138,'Leer diferentes tipos de textos y predecir la lectura de los títulos.',109),(1430,28,NULL,138,'Leer lectura de manera superficial (noticias de prensa) observar el lenguaje utilizado.',110),(1431,28,NULL,138,'Usar el contexto de las lecturas para identificar palabras desconocidas.',111),(1432,28,NULL,138,'Predecir de las lecturas la idea principal, solo con leer el primer párrafo.',112),(1433,28,NULL,139,'Leer biografías y realizar ordenadores gráficos de la secuencia de eventos.',109),(1434,28,NULL,139,'Ver reportajes de impacto social e identificar relaciones de causa y efecto.',110),(1435,28,NULL,139,'Realizar análisis sociológicos de textos literarios guatemaltecos de años 70´s y 80´s',111),(1436,28,NULL,139,'Leer noticias de economía nacional y pensar proyecciones sencillas.',112),(1437,28,NULL,140,'Ver obras de teatro  de diferentes temas sociales, para identificar los diferentes tipos de lenguaje.',109),(1438,28,NULL,140,'Redactar una autobiografía',110),(1439,28,NULL,140,'Elaborar ensayos acerca de la importancia de la lectura.',111),(1440,28,NULL,140,'Presentar información de los temas en cuadros sinópticos.',112),(1441,29,304,NULL,'--',113),(1442,29,304,NULL,'--',114),(1443,29,304,NULL,'--',115),(1444,29,304,NULL,'--',116),(1445,29,305,NULL,'--',113),(1446,29,305,NULL,'--',114),(1447,29,305,NULL,'--',115),(1448,29,305,NULL,'--',116),(1449,29,306,NULL,'--',113),(1450,29,306,NULL,'--',114),(1451,29,306,NULL,'--',115),(1452,29,306,NULL,'--',116),(1453,29,307,NULL,'--',113),(1454,29,307,NULL,'--',114),(1455,29,307,NULL,'--',115),(1456,29,307,NULL,'--',116),(1457,29,309,NULL,'--',113),(1458,29,309,NULL,'--',114),(1459,29,309,NULL,'--',115),(1460,29,309,NULL,'--',116),(1461,29,310,NULL,'--',113),(1462,29,310,NULL,'--',114),(1463,29,310,NULL,'--',115),(1464,29,310,NULL,'--',116),(1465,29,311,NULL,'--',113),(1466,29,311,NULL,'--',114),(1467,29,311,NULL,'--',115),(1468,29,311,NULL,'--',116),(1469,29,312,NULL,'--',113),(1470,29,312,NULL,'--',114),(1471,29,312,NULL,'--',115),(1472,29,312,NULL,'--',116),(1473,29,313,NULL,'--',113),(1474,29,313,NULL,'--',114),(1475,29,313,NULL,'--',115),(1476,29,313,NULL,'--',116),(1477,29,315,NULL,'--',113),(1478,29,315,NULL,'--',114),(1479,29,315,NULL,'--',115),(1480,29,315,NULL,'--',116),(1481,29,316,NULL,'--',113),(1482,29,316,NULL,'--',114),(1483,29,316,NULL,'--',115),(1484,29,316,NULL,'--',116),(1485,29,317,NULL,'--',113),(1486,29,317,NULL,'--',114),(1487,29,317,NULL,'--',115),(1488,29,317,NULL,'--',116),(1489,29,318,NULL,'--',113),(1490,29,318,NULL,'--',114),(1491,29,318,NULL,'--',115),(1492,29,318,NULL,'--',116),(1493,29,319,NULL,'--',113),(1494,29,319,NULL,'--',114),(1495,29,319,NULL,'--',115),(1496,29,319,NULL,'--',116),(1497,29,NULL,142,'--',113),(1498,29,NULL,142,'--',114),(1499,29,NULL,142,'--',115),(1500,29,NULL,142,'--',116),(1501,29,NULL,143,'--',113),(1502,29,NULL,143,'--',114),(1503,29,NULL,143,'--',115),(1504,29,NULL,143,'--',116),(1505,29,NULL,144,'--',113),(1506,29,NULL,144,'--',114),(1507,29,NULL,144,'--',115),(1508,29,NULL,144,'--',116),(1509,29,NULL,145,'--',113),(1510,29,NULL,145,'--',114),(1511,29,NULL,145,'--',115),(1512,29,NULL,145,'--',116),(1513,30,323,NULL,'--',117),(1514,30,323,NULL,'--',118),(1515,30,323,NULL,'--',119),(1516,30,323,NULL,'--',120),(1517,30,324,NULL,'--',117),(1518,30,324,NULL,'--',118),(1519,30,324,NULL,'--',119),(1520,30,324,NULL,'--',120),(1521,30,325,NULL,'--',117),(1522,30,325,NULL,'--',118),(1523,30,325,NULL,'--',119),(1524,30,325,NULL,'--',120),(1525,30,326,NULL,'--',117),(1526,30,326,NULL,'--',118),(1527,30,326,NULL,'--',119),(1528,30,326,NULL,'--',120),(1529,30,328,NULL,'--',117),(1530,30,328,NULL,'--',118),(1531,30,328,NULL,'--',119),(1532,30,328,NULL,'--',120),(1533,30,329,NULL,'--',117),(1534,30,329,NULL,'--',118),(1535,30,329,NULL,'--',119),(1536,30,329,NULL,'--',120),(1537,30,330,NULL,'--',117),(1538,30,330,NULL,'--',118),(1539,30,330,NULL,'--',119),(1540,30,330,NULL,'--',120),(1541,30,331,NULL,'--',117),(1542,30,331,NULL,'--',118),(1543,30,331,NULL,'--',119),(1544,30,331,NULL,'--',120),(1545,30,332,NULL,'--',117),(1546,30,332,NULL,'--',118),(1547,30,332,NULL,'--',119),(1548,30,332,NULL,'--',120),(1549,30,334,NULL,'--',117),(1550,30,334,NULL,'--',118),(1551,30,334,NULL,'--',119),(1552,30,334,NULL,'--',120),(1553,30,335,NULL,'--',117),(1554,30,335,NULL,'--',118),(1555,30,335,NULL,'--',119),(1556,30,335,NULL,'--',120),(1557,30,336,NULL,'--',117),(1558,30,336,NULL,'--',118),(1559,30,336,NULL,'--',119),(1560,30,336,NULL,'--',120),(1561,30,337,NULL,'--',117),(1562,30,337,NULL,'--',118),(1563,30,337,NULL,'--',119),(1564,30,337,NULL,'--',120),(1565,30,338,NULL,'--',117),(1566,30,338,NULL,'--',118),(1567,30,338,NULL,'--',119),(1568,30,338,NULL,'--',120),(1569,30,NULL,147,'--',117),(1570,30,NULL,147,'--',118),(1571,30,NULL,147,'--',119),(1572,30,NULL,147,'--',120),(1573,30,NULL,148,'--',117),(1574,30,NULL,148,'--',118),(1575,30,NULL,148,'--',119),(1576,30,NULL,148,'--',120),(1577,30,NULL,149,'--',117),(1578,30,NULL,149,'--',118),(1579,30,NULL,149,'--',119),(1580,30,NULL,149,'--',120),(1581,30,NULL,150,'--',117),(1582,30,NULL,150,'--',118),(1583,30,NULL,150,'--',119),(1584,30,NULL,150,'--',120),(1585,31,342,NULL,'--',121),(1586,31,342,NULL,'--',122),(1587,31,342,NULL,'--',123),(1588,31,342,NULL,'--',124),(1589,31,343,NULL,'--',121),(1590,31,343,NULL,'--',122),(1591,31,343,NULL,'--',123),(1592,31,343,NULL,'--',124),(1593,31,344,NULL,'--',121),(1594,31,344,NULL,'--',122),(1595,31,344,NULL,'--',123),(1596,31,344,NULL,'--',124),(1597,31,345,NULL,'--',121),(1598,31,345,NULL,'--',122),(1599,31,345,NULL,'--',123),(1600,31,345,NULL,'--',124),(1601,31,347,NULL,'--',121),(1602,31,347,NULL,'--',122),(1603,31,347,NULL,'--',123),(1604,31,347,NULL,'--',124),(1605,31,348,NULL,'--',121),(1606,31,348,NULL,'--',122),(1607,31,348,NULL,'--',123),(1608,31,348,NULL,'--',124),(1609,31,349,NULL,'--',121),(1610,31,349,NULL,'--',122),(1611,31,349,NULL,'--',123),(1612,31,349,NULL,'--',124),(1613,31,350,NULL,'--',121),(1614,31,350,NULL,'--',122),(1615,31,350,NULL,'--',123),(1616,31,350,NULL,'--',124),(1617,31,351,NULL,'--',121),(1618,31,351,NULL,'--',122),(1619,31,351,NULL,'--',123),(1620,31,351,NULL,'--',124),(1621,31,353,NULL,'--',121),(1622,31,353,NULL,'--',122),(1623,31,353,NULL,'--',123),(1624,31,353,NULL,'--',124),(1625,31,354,NULL,'--',121),(1626,31,354,NULL,'--',122),(1627,31,354,NULL,'--',123),(1628,31,354,NULL,'--',124),(1629,31,355,NULL,'--',121),(1630,31,355,NULL,'--',122),(1631,31,355,NULL,'--',123),(1632,31,355,NULL,'--',124),(1633,31,356,NULL,'--',121),(1634,31,356,NULL,'--',122),(1635,31,356,NULL,'--',123),(1636,31,356,NULL,'--',124),(1637,31,357,NULL,'--',121),(1638,31,357,NULL,'--',122),(1639,31,357,NULL,'--',123),(1640,31,357,NULL,'--',124),(1641,31,NULL,152,'--',121),(1642,31,NULL,152,'--',122),(1643,31,NULL,152,'--',123),(1644,31,NULL,152,'--',124),(1645,31,NULL,153,'--',121),(1646,31,NULL,153,'--',122),(1647,31,NULL,153,'--',123),(1648,31,NULL,153,'--',124),(1649,31,NULL,154,'--',121),(1650,31,NULL,154,'--',122),(1651,31,NULL,154,'--',123),(1652,31,NULL,154,'--',124),(1653,31,NULL,155,'--',121),(1654,31,NULL,155,'--',122),(1655,31,NULL,155,'--',123),(1656,31,NULL,155,'--',124),(1657,32,361,NULL,'--',125),(1658,32,361,NULL,'--',126),(1659,32,361,NULL,'--',127),(1660,32,361,NULL,'--',128),(1661,32,362,NULL,'--',125),(1662,32,362,NULL,'--',126),(1663,32,362,NULL,'--',127),(1664,32,362,NULL,'--',128),(1665,32,363,NULL,'--',125),(1666,32,363,NULL,'--',126),(1667,32,363,NULL,'--',127),(1668,32,363,NULL,'--',128),(1669,32,364,NULL,'--',125),(1670,32,364,NULL,'--',126),(1671,32,364,NULL,'--',127),(1672,32,364,NULL,'--',128),(1673,32,366,NULL,'--',125),(1674,32,366,NULL,'--',126),(1675,32,366,NULL,'--',127),(1676,32,366,NULL,'--',128),(1677,32,367,NULL,'--',125),(1678,32,367,NULL,'--',126),(1679,32,367,NULL,'--',127),(1680,32,367,NULL,'--',128),(1681,32,368,NULL,'--',125),(1682,32,368,NULL,'--',126),(1683,32,368,NULL,'--',127),(1684,32,368,NULL,'--',128),(1685,32,369,NULL,'--',125),(1686,32,369,NULL,'--',126),(1687,32,369,NULL,'--',127),(1688,32,369,NULL,'--',128),(1689,32,370,NULL,'--',125),(1690,32,370,NULL,'--',126),(1691,32,370,NULL,'--',127),(1692,32,370,NULL,'--',128),(1693,32,372,NULL,'--',125),(1694,32,372,NULL,'--',126),(1695,32,372,NULL,'--',127),(1696,32,372,NULL,'--',128),(1697,32,373,NULL,'--',125),(1698,32,373,NULL,'--',126),(1699,32,373,NULL,'--',127),(1700,32,373,NULL,'--',128),(1701,32,374,NULL,'--',125),(1702,32,374,NULL,'--',126),(1703,32,374,NULL,'--',127),(1704,32,374,NULL,'--',128),(1705,32,375,NULL,'--',125),(1706,32,375,NULL,'--',126),(1707,32,375,NULL,'--',127),(1708,32,375,NULL,'--',128),(1709,32,376,NULL,'--',125),(1710,32,376,NULL,'--',126),(1711,32,376,NULL,'--',127),(1712,32,376,NULL,'--',128),(1713,32,NULL,157,'--',125),(1714,32,NULL,157,'--',126),(1715,32,NULL,157,'--',127),(1716,32,NULL,157,'--',128),(1717,32,NULL,158,'--',125),(1718,32,NULL,158,'--',126),(1719,32,NULL,158,'--',127),(1720,32,NULL,158,'--',128),(1721,32,NULL,159,'--',125),(1722,32,NULL,159,'--',126),(1723,32,NULL,159,'--',127),(1724,32,NULL,159,'--',128),(1725,32,NULL,160,'--',125),(1726,32,NULL,160,'--',126),(1727,32,NULL,160,'--',127),(1728,32,NULL,160,'--',128),(1729,33,380,NULL,'--',129),(1730,33,380,NULL,'--',130),(1731,33,380,NULL,'--',131),(1732,33,380,NULL,'--',132),(1733,33,381,NULL,'--',129),(1734,33,381,NULL,'--',130),(1735,33,381,NULL,'--',131),(1736,33,381,NULL,'--',132),(1737,33,382,NULL,'--',129),(1738,33,382,NULL,'--',130),(1739,33,382,NULL,'--',131),(1740,33,382,NULL,'--',132),(1741,33,383,NULL,'--',129),(1742,33,383,NULL,'--',130),(1743,33,383,NULL,'--',131),(1744,33,383,NULL,'--',132),(1745,33,385,NULL,'--',129),(1746,33,385,NULL,'--',130),(1747,33,385,NULL,'--',131),(1748,33,385,NULL,'--',132),(1749,33,386,NULL,'--',129),(1750,33,386,NULL,'--',130),(1751,33,386,NULL,'--',131),(1752,33,386,NULL,'--',132),(1753,33,387,NULL,'--',129),(1754,33,387,NULL,'--',130),(1755,33,387,NULL,'--',131),(1756,33,387,NULL,'--',132),(1757,33,388,NULL,'--',129),(1758,33,388,NULL,'--',130),(1759,33,388,NULL,'--',131),(1760,33,388,NULL,'--',132),(1761,33,389,NULL,'--',129),(1762,33,389,NULL,'--',130),(1763,33,389,NULL,'--',131),(1764,33,389,NULL,'--',132),(1765,33,391,NULL,'--',129),(1766,33,391,NULL,'--',130),(1767,33,391,NULL,'--',131),(1768,33,391,NULL,'--',132),(1769,33,392,NULL,'--',129),(1770,33,392,NULL,'--',130),(1771,33,392,NULL,'--',131),(1772,33,392,NULL,'--',132),(1773,33,393,NULL,'--',129),(1774,33,393,NULL,'--',130),(1775,33,393,NULL,'--',131),(1776,33,393,NULL,'--',132),(1777,33,394,NULL,'--',129),(1778,33,394,NULL,'--',130),(1779,33,394,NULL,'--',131),(1780,33,394,NULL,'--',132),(1781,33,395,NULL,'--',129),(1782,33,395,NULL,'--',130),(1783,33,395,NULL,'--',131),(1784,33,395,NULL,'--',132),(1785,33,NULL,162,'--',129),(1786,33,NULL,162,'--',130),(1787,33,NULL,162,'--',131),(1788,33,NULL,162,'--',132),(1789,33,NULL,163,'--',129),(1790,33,NULL,163,'--',130),(1791,33,NULL,163,'--',131),(1792,33,NULL,163,'--',132),(1793,33,NULL,164,'--',129),(1794,33,NULL,164,'--',130),(1795,33,NULL,164,'--',131),(1796,33,NULL,164,'--',132),(1797,33,NULL,165,'--',129),(1798,33,NULL,165,'--',130),(1799,33,NULL,165,'--',131),(1800,33,NULL,165,'--',132),(1801,34,397,NULL,'--',133),(1802,34,397,NULL,'--',134),(1803,34,397,NULL,'--',135),(1804,34,397,NULL,'--',136),(1805,34,398,NULL,'--',133),(1806,34,398,NULL,'--',134),(1807,34,398,NULL,'--',135),(1808,34,398,NULL,'--',136),(1809,34,399,NULL,'--',133),(1810,34,399,NULL,'--',134),(1811,34,399,NULL,'--',135),(1812,34,399,NULL,'--',136),(1813,34,400,NULL,'--',133),(1814,34,400,NULL,'--',134),(1815,34,400,NULL,'--',135),(1816,34,400,NULL,'--',136),(1817,34,NULL,167,'--',133),(1818,34,NULL,167,'--',134),(1819,34,NULL,167,'--',135),(1820,34,NULL,167,'--',136),(1821,34,NULL,168,'--',133),(1822,34,NULL,168,'--',134),(1823,34,NULL,168,'--',135),(1824,34,NULL,168,'--',136),(1825,34,NULL,169,'--',133),(1826,34,NULL,169,'--',134),(1827,34,NULL,169,'--',135),(1828,34,NULL,169,'--',136),(1829,34,NULL,170,'--',133),(1830,34,NULL,170,'--',134),(1831,34,NULL,170,'--',135),(1832,34,NULL,170,'--',136),(1833,35,402,NULL,'--',137),(1834,35,402,NULL,'--',138),(1835,35,402,NULL,'--',139),(1836,35,402,NULL,'--',140),(1837,35,403,NULL,'--',137),(1838,35,403,NULL,'--',138),(1839,35,403,NULL,'--',139),(1840,35,403,NULL,'--',140),(1841,35,404,NULL,'--',137),(1842,35,404,NULL,'--',138),(1843,35,404,NULL,'--',139),(1844,35,404,NULL,'--',140),(1845,35,405,NULL,'--',137),(1846,35,405,NULL,'--',138),(1847,35,405,NULL,'--',139),(1848,35,405,NULL,'--',140),(1849,35,406,NULL,'--',137),(1850,35,406,NULL,'--',138),(1851,35,406,NULL,'--',139),(1852,35,406,NULL,'--',140),(1853,35,NULL,172,'--',137),(1854,35,NULL,172,'--',138),(1855,35,NULL,172,'--',139),(1856,35,NULL,172,'--',140),(1857,35,NULL,173,'--',137),(1858,35,NULL,173,'--',138),(1859,35,NULL,173,'--',139),(1860,35,NULL,173,'--',140),(1861,35,NULL,174,'--',137),(1862,35,NULL,174,'--',138),(1863,35,NULL,174,'--',139),(1864,35,NULL,174,'--',140),(1865,35,NULL,175,'--',137),(1866,35,NULL,175,'--',138),(1867,35,NULL,175,'--',139),(1868,35,NULL,175,'--',140),(1869,36,410,NULL,'--',141),(1870,36,410,NULL,'--',142),(1871,36,410,NULL,'--',143),(1872,36,410,NULL,'--',144),(1873,36,411,NULL,'--',141),(1874,36,411,NULL,'--',142),(1875,36,411,NULL,'--',143),(1876,36,411,NULL,'--',144),(1877,36,412,NULL,'--',141),(1878,36,412,NULL,'--',142),(1879,36,412,NULL,'--',143),(1880,36,412,NULL,'--',144),(1881,36,414,NULL,'--',141),(1882,36,414,NULL,'--',142),(1883,36,414,NULL,'--',143),(1884,36,414,NULL,'--',144),(1885,36,415,NULL,'--',141),(1886,36,415,NULL,'--',142),(1887,36,415,NULL,'--',143),(1888,36,415,NULL,'--',144),(1889,36,416,NULL,'--',141),(1890,36,416,NULL,'--',142),(1891,36,416,NULL,'--',143),(1892,36,416,NULL,'--',144),(1893,36,417,NULL,'--',141),(1894,36,417,NULL,'--',142),(1895,36,417,NULL,'--',143),(1896,36,417,NULL,'--',144),(1897,36,418,NULL,'--',141),(1898,36,418,NULL,'--',142),(1899,36,418,NULL,'--',143),(1900,36,418,NULL,'--',144),(1901,36,420,NULL,'--',141),(1902,36,420,NULL,'--',142),(1903,36,420,NULL,'--',143),(1904,36,420,NULL,'--',144),(1905,36,421,NULL,'--',141),(1906,36,421,NULL,'--',142),(1907,36,421,NULL,'--',143),(1908,36,421,NULL,'--',144),(1909,36,422,NULL,'--',141),(1910,36,422,NULL,'--',142),(1911,36,422,NULL,'--',143),(1912,36,422,NULL,'--',144),(1913,36,423,NULL,'--',141),(1914,36,423,NULL,'--',142),(1915,36,423,NULL,'--',143),(1916,36,423,NULL,'--',144),(1917,36,NULL,177,'--',141),(1918,36,NULL,177,'--',142),(1919,36,NULL,177,'--',143),(1920,36,NULL,177,'--',144),(1921,36,NULL,178,'--',141),(1922,36,NULL,178,'--',142),(1923,36,NULL,178,'--',143),(1924,36,NULL,178,'--',144),(1925,36,NULL,179,'--',141),(1926,36,NULL,179,'--',142),(1927,36,NULL,179,'--',143),(1928,36,NULL,179,'--',144),(1929,36,NULL,180,'--',141),(1930,36,NULL,180,'--',142),(1931,36,NULL,180,'--',143),(1932,36,NULL,180,'--',144),(1933,37,425,NULL,'--',145),(1934,37,425,NULL,'--',146),(1935,37,425,NULL,'--',147),(1936,37,425,NULL,'--',148),(1937,37,426,NULL,'--',145),(1938,37,426,NULL,'--',146),(1939,37,426,NULL,'--',147),(1940,37,426,NULL,'--',148),(1941,37,427,NULL,'--',145),(1942,37,427,NULL,'--',146),(1943,37,427,NULL,'--',147),(1944,37,427,NULL,'--',148),(1945,37,428,NULL,'--',145),(1946,37,428,NULL,'--',146),(1947,37,428,NULL,'--',147),(1948,37,428,NULL,'--',148),(1949,37,429,NULL,'--',145),(1950,37,429,NULL,'--',146),(1951,37,429,NULL,'--',147),(1952,37,429,NULL,'--',148),(1953,37,NULL,182,'--',145),(1954,37,NULL,182,'--',146),(1955,37,NULL,182,'--',147),(1956,37,NULL,182,'--',148),(1957,37,NULL,183,'--',145),(1958,37,NULL,183,'--',146),(1959,37,NULL,183,'--',147),(1960,37,NULL,183,'--',148),(1961,37,NULL,184,'--',145),(1962,37,NULL,184,'--',146),(1963,37,NULL,184,'--',147),(1964,37,NULL,184,'--',148),(1965,37,NULL,185,'--',145),(1966,37,NULL,185,'--',146),(1967,37,NULL,185,'--',147),(1968,37,NULL,185,'--',148),(1969,38,431,NULL,'--',149),(1970,38,431,NULL,'--',150),(1971,38,431,NULL,'--',151),(1972,38,431,NULL,'--',152),(1973,38,432,NULL,'--',149),(1974,38,432,NULL,'--',150),(1975,38,432,NULL,'--',151),(1976,38,432,NULL,'--',152),(1977,38,433,NULL,'--',149),(1978,38,433,NULL,'--',150),(1979,38,433,NULL,'--',151),(1980,38,433,NULL,'--',152),(1981,38,434,NULL,'--',149),(1982,38,434,NULL,'--',150),(1983,38,434,NULL,'--',151),(1984,38,434,NULL,'--',152),(1985,38,435,NULL,'--',149),(1986,38,435,NULL,'--',150),(1987,38,435,NULL,'--',151),(1988,38,435,NULL,'--',152),(1989,38,436,NULL,'--',149),(1990,38,436,NULL,'--',150),(1991,38,436,NULL,'--',151),(1992,38,436,NULL,'--',152),(1993,38,437,NULL,'--',149),(1994,38,437,NULL,'--',150),(1995,38,437,NULL,'--',151),(1996,38,437,NULL,'--',152),(1997,38,NULL,187,'--',149),(1998,38,NULL,187,'--',150),(1999,38,NULL,187,'--',151),(2000,38,NULL,187,'--',152),(2001,38,NULL,188,'--',149),(2002,38,NULL,188,'--',150),(2003,38,NULL,188,'--',151),(2004,38,NULL,188,'--',152),(2005,38,NULL,189,'--',149),(2006,38,NULL,189,'--',150),(2007,38,NULL,189,'--',151),(2008,38,NULL,189,'--',152),(2009,38,NULL,190,'--',149),(2010,38,NULL,190,'--',150),(2011,38,NULL,190,'--',151),(2012,38,NULL,190,'--',152),(2013,39,441,NULL,'--',153),(2014,39,441,NULL,'--',154),(2015,39,441,NULL,'--',155),(2016,39,441,NULL,'--',156),(2017,39,442,NULL,'--',153),(2018,39,442,NULL,'--',154),(2019,39,442,NULL,'--',155),(2020,39,442,NULL,'--',156),(2021,39,443,NULL,'--',153),(2022,39,443,NULL,'--',154),(2023,39,443,NULL,'--',155),(2024,39,443,NULL,'--',156),(2025,39,445,NULL,'--',153),(2026,39,445,NULL,'--',154),(2027,39,445,NULL,'--',155),(2028,39,445,NULL,'--',156),(2029,39,446,NULL,'--',153),(2030,39,446,NULL,'--',154),(2031,39,446,NULL,'--',155),(2032,39,446,NULL,'--',156),(2033,39,447,NULL,'--',153),(2034,39,447,NULL,'--',154),(2035,39,447,NULL,'--',155),(2036,39,447,NULL,'--',156),(2037,39,449,NULL,'--',153),(2038,39,449,NULL,'--',154),(2039,39,449,NULL,'--',155),(2040,39,449,NULL,'--',156),(2041,39,450,NULL,'--',153),(2042,39,450,NULL,'--',154),(2043,39,450,NULL,'--',155),(2044,39,450,NULL,'--',156),(2045,39,451,NULL,'--',153),(2046,39,451,NULL,'--',154),(2047,39,451,NULL,'--',155),(2048,39,451,NULL,'--',156),(2049,39,NULL,192,'--',153),(2050,39,NULL,192,'--',154),(2051,39,NULL,192,'--',155),(2052,39,NULL,192,'--',156),(2053,39,NULL,193,'--',153),(2054,39,NULL,193,'--',154),(2055,39,NULL,193,'--',155),(2056,39,NULL,193,'--',156),(2057,39,NULL,194,'--',153),(2058,39,NULL,194,'--',154),(2059,39,NULL,194,'--',155),(2060,39,NULL,194,'--',156),(2061,39,NULL,195,'--',153),(2062,39,NULL,195,'--',154),(2063,39,NULL,195,'--',155),(2064,39,NULL,195,'--',156),(2065,40,455,NULL,'--',157),(2066,40,455,NULL,'--',158),(2067,40,455,NULL,'--',159),(2068,40,455,NULL,'--',160),(2069,40,456,NULL,'--',157),(2070,40,456,NULL,'--',158),(2071,40,456,NULL,'--',159),(2072,40,456,NULL,'--',160),(2073,40,457,NULL,'--',157),(2074,40,457,NULL,'--',158),(2075,40,457,NULL,'--',159),(2076,40,457,NULL,'--',160),(2077,40,459,NULL,'--',157),(2078,40,459,NULL,'--',158),(2079,40,459,NULL,'--',159),(2080,40,459,NULL,'--',160),(2081,40,460,NULL,'--',157),(2082,40,460,NULL,'--',158),(2083,40,460,NULL,'--',159),(2084,40,460,NULL,'--',160),(2085,40,461,NULL,'--',157),(2086,40,461,NULL,'--',158),(2087,40,461,NULL,'--',159),(2088,40,461,NULL,'--',160),(2089,40,462,NULL,'--',157),(2090,40,462,NULL,'--',158),(2091,40,462,NULL,'--',159),(2092,40,462,NULL,'--',160),(2093,40,464,NULL,'--',157),(2094,40,464,NULL,'--',158),(2095,40,464,NULL,'--',159),(2096,40,464,NULL,'--',160),(2097,40,465,NULL,'--',157),(2098,40,465,NULL,'--',158),(2099,40,465,NULL,'--',159),(2100,40,465,NULL,'--',160),(2101,40,NULL,197,'--',157),(2102,40,NULL,197,'--',158),(2103,40,NULL,197,'--',159),(2104,40,NULL,197,'--',160),(2105,40,NULL,198,'--',157),(2106,40,NULL,198,'--',158),(2107,40,NULL,198,'--',159),(2108,40,NULL,198,'--',160),(2109,40,NULL,199,'--',157),(2110,40,NULL,199,'--',158),(2111,40,NULL,199,'--',159),(2112,40,NULL,199,'--',160),(2113,40,NULL,200,'--',157),(2114,40,NULL,200,'--',158),(2115,40,NULL,200,'--',159),(2116,40,NULL,200,'--',160),(2117,41,469,NULL,'--',161),(2118,41,469,NULL,'--',162),(2119,41,469,NULL,'--',163),(2120,41,469,NULL,'--',164),(2121,41,471,NULL,'--',161),(2122,41,471,NULL,'--',162),(2123,41,471,NULL,'--',163),(2124,41,471,NULL,'--',164),(2125,41,472,NULL,'--',161),(2126,41,472,NULL,'--',162),(2127,41,472,NULL,'--',163),(2128,41,472,NULL,'--',164),(2129,41,474,NULL,'--',161),(2130,41,474,NULL,'--',162),(2131,41,474,NULL,'--',163),(2132,41,474,NULL,'--',164),(2133,41,475,NULL,'--',161),(2134,41,475,NULL,'--',162),(2135,41,475,NULL,'--',163),(2136,41,475,NULL,'--',164),(2137,41,477,NULL,'--',161),(2138,41,477,NULL,'--',162),(2139,41,477,NULL,'--',163),(2140,41,477,NULL,'--',164),(2141,41,479,NULL,'--',161),(2142,41,479,NULL,'--',162),(2143,41,479,NULL,'--',163),(2144,41,479,NULL,'--',164),(2145,41,NULL,202,'--',161),(2146,41,NULL,202,'--',162),(2147,41,NULL,202,'--',163),(2148,41,NULL,202,'--',164),(2149,41,NULL,203,'--',161),(2150,41,NULL,203,'--',162),(2151,41,NULL,203,'--',163),(2152,41,NULL,203,'--',164),(2153,41,NULL,204,'--',161),(2154,41,NULL,204,'--',162),(2155,41,NULL,204,'--',163),(2156,41,NULL,204,'--',164),(2157,41,NULL,205,'--',161),(2158,41,NULL,205,'--',162),(2159,41,NULL,205,'--',163),(2160,41,NULL,205,'--',164),(2161,42,483,NULL,'--',165),(2162,42,483,NULL,'--',166),(2163,42,483,NULL,'--',167),(2164,42,483,NULL,'--',168),(2165,42,484,NULL,'--',165),(2166,42,484,NULL,'--',166),(2167,42,484,NULL,'--',167),(2168,42,484,NULL,'--',168),(2169,42,485,NULL,'--',165),(2170,42,485,NULL,'--',166),(2171,42,485,NULL,'--',167),(2172,42,485,NULL,'--',168),(2173,42,486,NULL,'--',165),(2174,42,486,NULL,'--',166),(2175,42,486,NULL,'--',167),(2176,42,486,NULL,'--',168),(2177,42,487,NULL,'--',165),(2178,42,487,NULL,'--',166),(2179,42,487,NULL,'--',167),(2180,42,487,NULL,'--',168),(2181,42,488,NULL,'--',165),(2182,42,488,NULL,'--',166),(2183,42,488,NULL,'--',167),(2184,42,488,NULL,'--',168),(2185,42,489,NULL,'--',165),(2186,42,489,NULL,'--',166),(2187,42,489,NULL,'--',167),(2188,42,489,NULL,'--',168),(2189,42,490,NULL,'--',165),(2190,42,490,NULL,'--',166),(2191,42,490,NULL,'--',167),(2192,42,490,NULL,'--',168),(2193,42,491,NULL,'--',165),(2194,42,491,NULL,'--',166),(2195,42,491,NULL,'--',167),(2196,42,491,NULL,'--',168),(2197,42,493,NULL,'--',165),(2198,42,493,NULL,'--',166),(2199,42,493,NULL,'--',167),(2200,42,493,NULL,'--',168),(2201,42,494,NULL,'--',165),(2202,42,494,NULL,'--',166),(2203,42,494,NULL,'--',167),(2204,42,494,NULL,'--',168),(2205,42,495,NULL,'--',165),(2206,42,495,NULL,'--',166),(2207,42,495,NULL,'--',167),(2208,42,495,NULL,'--',168),(2209,42,496,NULL,'--',165),(2210,42,496,NULL,'--',166),(2211,42,496,NULL,'--',167),(2212,42,496,NULL,'--',168),(2213,42,497,NULL,'--',165),(2214,42,497,NULL,'--',166),(2215,42,497,NULL,'--',167),(2216,42,497,NULL,'--',168),(2217,42,498,NULL,'--',165),(2218,42,498,NULL,'--',166),(2219,42,498,NULL,'--',167),(2220,42,498,NULL,'--',168),(2221,42,499,NULL,'--',165),(2222,42,499,NULL,'--',166),(2223,42,499,NULL,'--',167),(2224,42,499,NULL,'--',168),(2225,42,500,NULL,'--',165),(2226,42,500,NULL,'--',166),(2227,42,500,NULL,'--',167),(2228,42,500,NULL,'--',168),(2229,42,NULL,207,'--',165),(2230,42,NULL,207,'--',166),(2231,42,NULL,207,'--',167),(2232,42,NULL,207,'--',168),(2233,42,NULL,208,'--',165),(2234,42,NULL,208,'--',166),(2235,42,NULL,208,'--',167),(2236,42,NULL,208,'--',168),(2237,42,NULL,209,'--',165),(2238,42,NULL,209,'--',166),(2239,42,NULL,209,'--',167),(2240,42,NULL,209,'--',168),(2241,42,NULL,210,'--',165),(2242,42,NULL,210,'--',166),(2243,42,NULL,210,'--',167),(2244,42,NULL,210,'--',168);

/*Table structure for table `mdl_edumatrix_infocollege` */

DROP TABLE IF EXISTS `mdl_edumatrix_infocollege`;

CREATE TABLE `mdl_edumatrix_infocollege` (
  `id` int(11) NOT NULL AUTO_INCREMENT,
  `mision` varchar(1000) COLLATE utf8_spanish2_ci NOT NULL,
  `vision` varchar(1000) COLLATE utf8_spanish2_ci NOT NULL,
  `logo` varchar(100) COLLATE utf8_spanish2_ci NOT NULL,
  `idcoursecategory` bigint(10) NOT NULL,
  PRIMARY KEY (`id`),
  UNIQUE KEY `idcoursecategory` (`idcoursecategory`) USING BTREE,
  CONSTRAINT `mdl_edumatrix_infocollege_ibfk_1` FOREIGN KEY (`idcoursecategory`) REFERENCES `mdl_course_categories` (`id`)
) ENGINE=InnoDB AUTO_INCREMENT=2 DEFAULT CHARSET=utf8 COLLATE=utf8_spanish2_ci;

/*Data for the table `mdl_edumatrix_infocollege` */

insert  into `mdl_edumatrix_infocollege`(`id`,`mision`,`vision`,`logo`,`idcoursecategory`) values (1,'--','--','logos.png',1);

/*Table structure for table `mdl_edumatrix_matrixquiz` */

DROP TABLE IF EXISTS `mdl_edumatrix_matrixquiz`;

CREATE TABLE `mdl_edumatrix_matrixquiz` (
  `id` int(11) NOT NULL AUTO_INCREMENT,
  `codmatrix` int(11) DEFAULT NULL,
  `codquiz` bigint(10) DEFAULT NULL,
  PRIMARY KEY (`id`),
  KEY `codmatrix` (`codmatrix`) USING BTREE,
  KEY `codquiz` (`codquiz`) USING BTREE
) ENGINE=InnoDB AUTO_INCREMENT=347 DEFAULT CHARSET=utf8 COLLATE=utf8_unicode_ci;

/*Data for the table `mdl_edumatrix_matrixquiz` */

insert  into `mdl_edumatrix_matrixquiz`(`id`,`codmatrix`,`codquiz`) 

/*Table structure for table `mdl_edumatrix_period` */

DROP TABLE IF EXISTS `mdl_edumatrix_period`;

CREATE TABLE `mdl_edumatrix_period` (
  `id` bigint(10) NOT NULL AUTO_INCREMENT,
  `period` varchar(128) NOT NULL,
  PRIMARY KEY (`id`)
) ENGINE=MyISAM AUTO_INCREMENT=6 DEFAULT CHARSET=latin1;

/*Data for the table `mdl_edumatrix_period` */

insert  into `mdl_edumatrix_period`(`id`,`period`) values (1,'Mensual'),(2,'Bimestral'),(3,'Trimestral'),(4,'Semestre'),(5,'Anual');

/*Table structure for table `mdl_edumatrix_periodcollege` */

DROP TABLE IF EXISTS `mdl_edumatrix_periodcollege`;

CREATE TABLE `mdl_edumatrix_periodcollege` (
  `id` bigint(10) NOT NULL AUTO_INCREMENT,
  `codcategorycollege` bigint(10) NOT NULL,
  `codperiod` bigint(10) NOT NULL,
  `np` bigint(10) NOT NULL,
  PRIMARY KEY (`id`)
) ENGINE=MyISAM AUTO_INCREMENT=6 DEFAULT CHARSET=latin1;

/*Data for the table `mdl_edumatrix_periodcollege` */

/*Table structure for table `mdl_edumatrix_periodcourse` */

DROP TABLE IF EXISTS `mdl_edumatrix_periodcourse`;

CREATE TABLE `mdl_edumatrix_periodcourse` (
  `id` bigint(10) NOT NULL AUTO_INCREMENT,
  `codcourse` bigint(10) NOT NULL,
  `codperiod` bigint(10) NOT NULL,
  PRIMARY KEY (`id`)
) ENGINE=MyISAM AUTO_INCREMENT=35 DEFAULT CHARSET=latin1;

/*Data for the table `mdl_edumatrix_periodcourse` */

/*Table structure for table `mdl_edumatrix_skills` */

DROP TABLE IF EXISTS `mdl_edumatrix_skills`;

CREATE TABLE `mdl_edumatrix_skills` (
  `id` bigint(10) NOT NULL AUTO_INCREMENT,
  `name_skill` varchar(128) CHARACTER SET utf8 COLLATE utf8_spanish2_ci NOT NULL DEFAULT '',
  `edumatrixid` int(11) NOT NULL,
  `codskill` bigint(10) DEFAULT NULL,
  `level` int(11) DEFAULT NULL,
  PRIMARY KEY (`id`),
  KEY `mdl_edumskil_edu_ix` (`edumatrixid`) USING BTREE,
  KEY `codskill` (`codskill`) USING BTREE
) ENGINE=InnoDB AUTO_INCREMENT=211 DEFAULT CHARSET=utf8 COLLATE=utf8_unicode_ci COMMENT='edumatrix_skills table retrofitted from MySQL';

/*Data for the table `mdl_edumatrix_skills` */

insert  into `mdl_edumatrix_skills`(`id`,`name_skill`,`edumatrixid`,`codskill`,`level`) values (1,'Habilidad',1,NULL,NULL),(2,'Conocimiento',1,1,1),(3,'Comprensión',1,1,1),(4,'Análisis',1,1,1),(5,'Aplicación',1,1,1),(6,'Habilidad',2,NULL,NULL),(7,'Conocimiento',2,6,1),(8,'Comprensión',2,6,1),(9,'Análisis',2,6,1),(10,'Aplicación',2,6,1),(11,'Habilidad',3,NULL,NULL),(12,'Conocimiento',3,11,1),(13,'Comprensión',3,11,1),(14,'Análisis',3,11,1),(15,'Aplicación',3,11,1),(16,'Habilidades',4,NULL,NULL),(17,'Conocimiento',4,16,1),(18,'Comprensión',4,16,1),(19,'Análisis',4,16,1),(20,'Aplicación',4,16,1),(21,'Habilidad',5,NULL,NULL),(22,'Conocimiento',5,21,1),(23,'Comprensión',5,21,1),(24,'Análisis',5,21,1),(25,'Aplicación',5,21,1),(26,'Habilidad',6,NULL,NULL),(27,'Conocimiento',6,26,1),(28,'Comprensión',6,26,1),(29,'Análisis',6,26,1),(30,'Aplicación',6,26,1),(31,'Habilidades',7,NULL,NULL),(32,'Conocimiento',7,31,1),(33,'Comprensión',7,31,1),(34,'Análisis',7,31,1),(35,'Aplicación',7,31,1),(36,'Habilidades',8,NULL,NULL),(37,'Conocimiento',8,36,1),(38,'Comprensión',8,36,1),(39,'Análisis',8,36,1),(40,'Aplicación',8,36,1),(41,'Habilidad',9,NULL,NULL),(42,'Conocimiento',9,41,1),(43,'Comprensión',9,41,1),(44,'Análisis',9,41,1),(45,'Aplicación',9,41,1),(46,'Habilidad',10,NULL,NULL),(47,'Conocimiento',10,46,1),(48,'Comprensión',10,46,1),(49,'Análisis',10,46,1),(50,'Aplicación',10,46,1),(51,'Habilidades',11,NULL,NULL),(52,'Conocimiento',11,51,1),(53,'Comprensión',11,51,1),(54,'Análisis',11,51,1),(55,'Aplicación',11,51,1),(56,'Habilidades',12,NULL,NULL),(57,'Conocimiento',12,56,1),(58,'Comprensión',12,56,1),(59,'Análisis',12,56,1),(60,'Aplicación',12,56,1),(61,'Habilidades',13,NULL,NULL),(62,'Conocimiento',13,61,1),(63,'Comprensión',13,61,1),(64,'Análisis',13,61,1),(65,'Aplicación',13,61,1),(66,'Habilidades',14,NULL,NULL),(67,'Conocimiento',14,66,1),(68,'Comprensión',14,66,1),(69,'Análisis',14,66,1),(70,'Aplicación',14,66,1),(71,'Habilidades',15,NULL,NULL),(72,'Conocimiento',15,71,1),(73,'Comprensión',15,71,1),(74,'Análisis',15,71,1),(75,'Aplicación',15,71,1),(76,'Habilidades',16,NULL,NULL),(77,'Conocimiento',16,76,1),(78,'Comprensión',16,76,1),(79,'Análisis',16,76,1),(80,'Aplicación',16,76,1),(81,'Habilidades',17,NULL,NULL),(82,'Conocimiento',17,81,1),(83,'Comprensión',17,81,1),(84,'Análisis',17,81,1),(85,'Aplicación',17,81,1),(86,'Habilidades',18,NULL,NULL),(87,'Conocimiento',18,86,1),(88,'Comprensión',18,86,1),(89,'Análisis',18,86,1),(90,'Aplicación',18,86,1),(91,'Habilidades',19,NULL,NULL),(92,'Conocimiento',19,91,1),(93,'Comprensión',19,91,1),(94,'Análisis',19,91,1),(95,'Aplicación',19,91,1),(96,'Habilidades',20,NULL,NULL),(97,'Conocimiento',20,96,1),(98,'Comprensión',20,96,1),(99,'Análisis',20,96,1),(100,'Aplicación',20,96,1),(101,'Habilidades',21,NULL,NULL),(102,'Conocimiento',21,101,1),(103,'Comprensión',21,101,1),(104,'Análisis',21,101,1),(105,'Aplicación',21,101,1),(106,'Habilidades',22,NULL,NULL),(107,'Conocimiento',22,106,1),(108,'Comprensión',22,106,1),(109,'Análisis',22,106,1),(110,'Aplicación',22,106,1),(111,'Habilidades',23,NULL,NULL),(112,'Conocimiento',23,111,1),(113,'Comprensión',23,111,1),(114,'Análisis',23,111,1),(115,'Aplicación',23,111,1),(116,'Habilidades',24,NULL,NULL),(117,'Conocimiento',24,116,1),(118,'Comprensión',24,116,1),(119,'Análisis',24,116,1),(120,'Aplicación',24,116,1),(121,'Habilidades',25,NULL,NULL),(122,'Conocimiento',25,121,1),(123,'Comprensión',25,121,1),(124,'Análisis',25,121,1),(125,'Aplicación',25,121,1),(126,'Habilidades',26,NULL,NULL),(127,'Conocimiento',26,126,1),(128,'Comprensión',26,126,1),(129,'Análisis',26,126,1),(130,'Aplicación',26,126,1),(131,'Habilidades',27,NULL,NULL),(132,'Conocimiento',27,131,1),(133,'Comprensión',27,131,1),(134,'Análisis',27,131,1),(135,'Aplicación',27,131,1),(136,'Habilidades',28,NULL,NULL),(137,'Conocimiento',28,136,1),(138,'Comprensión',28,136,1),(139,'Análisis',28,136,1),(140,'Aplicación',28,136,1),(141,'Habilidades',29,NULL,NULL),(142,'Conocimiento',29,141,1),(143,'Comprensión',29,141,1),(144,'Análisis',29,141,1),(145,'Aplicación',29,141,1),(146,'Habilidades',30,NULL,NULL),(147,'Conocimiento',30,146,1),(148,'Comprensión',30,146,1),(149,'Análisis',30,146,1),(150,'Aplicación',30,146,1),(151,'Habilidades',31,NULL,NULL),(152,'Conocimiento',31,151,1),(153,'Comprensión',31,151,1),(154,'Análisis',31,151,1),(155,'Aplicación',31,151,1),(156,'Habilidades',32,NULL,NULL),(157,'Conocimiento',32,156,1),(158,'Comprensión',32,156,1),(159,'Análisis',32,156,1),(160,'Aplicación',32,156,1),(161,'Habilidades',33,NULL,NULL),(162,'Conocimiento',33,161,1),(163,'Comprensión',33,161,1),(164,'Análisis',33,161,1),(165,'Aplicación',33,161,1),(166,'Habilidad',34,NULL,NULL),(167,'Conocimiento',34,166,1),(168,'Comprensión',34,166,1),(169,'Análisis',34,166,1),(170,'Aplicación',34,166,1),(171,'Habilidad',35,NULL,NULL),(172,'Conocimiento',35,171,1),(173,'Comprensión',35,171,1),(174,'Análisis',35,171,1),(175,'Aplicación',35,171,1),(176,'Habilidad',36,NULL,NULL),(177,'Conocimiento',36,176,1),(178,'Comprensión',36,176,1),(179,'Análisis',36,176,1),(180,'Aplicación',36,176,1),(181,'Habilidad',37,NULL,NULL),(182,'Conocimiento',37,181,1),(183,'Comprensión',37,181,1),(184,'Análisis',37,181,1),(185,'Aplicación',37,181,1),(186,'Habilidad',38,NULL,NULL),(187,'Conocimiento',38,186,1),(188,'Comprensión',38,186,1),(189,'Análisis',38,186,1),(190,'Aplicación',38,186,1),(191,'Habilidad',39,NULL,NULL),(192,'Conocimiento',39,191,1),(193,'Comprensión',39,191,1),(194,'Análisis',39,191,1),(195,'Aplicación',39,191,1),(196,'Habilidades',40,NULL,NULL),(197,'Conocimiento',40,196,1),(198,'Comprensión',40,196,1),(199,'Análisis',40,196,1),(200,'Aplicación',40,196,1),(201,'Habilidad',41,NULL,NULL),(202,'Recuerdo',41,201,1),(203,'Comprensión',41,201,1),(204,'Análisis',41,201,1),(205,'Aplicación',41,201,1),(206,'Habilidades',42,NULL,NULL),(207,'Recuerdo',42,206,1),(208,'Comprensión',42,206,1),(209,'Análisis',42,206,1),(210,'Aplicación',42,206,1);

/*Table structure for table `mdl_edumatrix_verifyaccess` */

DROP TABLE IF EXISTS `mdl_edumatrix_verifyaccess`;

CREATE TABLE `mdl_edumatrix_verifyaccess` (
  `idverify` bigint(10) NOT NULL AUTO_INCREMENT,
  `idcollege` bigint(10) NOT NULL,
  `datestart` varchar(100) NOT NULL,
  `dateend` varchar(100) DEFAULT NULL,
  PRIMARY KEY (`idverify`)
) ENGINE=MyISAM AUTO_INCREMENT=2 DEFAULT CHARSET=latin1;

/*Data for the table `mdl_edumatrix_verifyaccess` */

/*!40101 SET SQL_MODE=@OLD_SQL_MODE */;
/*!40014 SET FOREIGN_KEY_CHECKS=@OLD_FOREIGN_KEY_CHECKS */;
/*!40014 SET UNIQUE_CHECKS=@OLD_UNIQUE_CHECKS */;
/*!40111 SET SQL_NOTES=@OLD_SQL_NOTES */;
